invoice_line_id,invoice_id,invoice_number,invoice_date,grade,standard_code,application,target_method_id,requested_qty_mt,lot_no,available_qty_mt,fit_de_to_target,fit_band,candidate_rank,single_lot_can_cover
BULK-INV-5000-L01,BULK-INV-5000,5000,2026-04-01,130A,3249B,Paint,method_i_b,3.0,6788A,10.0,0.017,excellent,1,True
BULK-INV-5000-L01,BULK-INV-5000,5000,2026-04-01,130A,3249B,Paint,method_i_b,3.0,6787B,7.0,0.07,excellent,2,True
BULK-INV-5000-L01,BULK-INV-5000,5000,2026-04-01,130A,3249B,Paint,method_i_b,3.0,6797B,7.0,0.082,excellent,3,True
BULK-INV-5000-L01,BULK-INV-5000,5000,2026-04-01,130A,3249B,Paint,method_i_b,3.0,6797A,10.0,0.09,excellent,4,True
BULK-INV-5000-L01,BULK-INV-5000,5000,2026-04-01,130A,3249B,Paint,method_i_b,3.0,6787A,10.0,0.101,excellent,5,True
BULK-INV-5000-L01,BULK-INV-5000,5000,2026-04-01,130A,3249B,Paint,method_i_b,3.0,6796B,8.0,0.197,excellent,6,True
BULK-INV-5000-L01,BULK-INV-5000,5000,2026-04-01,130A,3249B,Paint,method_i_b,3.0,6788B,10.0,0.271,excellent,7,True
BULK-INV-5000-L01,BULK-INV-5000,5000,2026-04-01,130A,3249B,Paint,method_i_b,3.0,6796A,10.0,0.331,excellent,8,True
BULK-INV-5000-L01,BULK-INV-5000,5000,2026-04-01,130A,3249B,Paint,method_i_b,3.0,6803B,5.0,0.429,excellent,9,True
BULK-INV-5000-L01,BULK-INV-5000,5000,2026-04-01,130A,3249B,Paint,method_i_b,3.0,6802A,10.0,0.526,excellent,10,True
BULK-INV-5000-L01,BULK-INV-5000,5000,2026-04-01,130A,3249B,Paint,method_i_b,3.0,6801B,4.0,0.59,excellent,11,True
BULK-INV-5000-L01,BULK-INV-5000,5000,2026-04-01,130A,3249B,Paint,method_i_b,3.0,6803A,10.0,0.611,strict,12,True
BULK-INV-5000-L01,BULK-INV-5000,5000,2026-04-01,130A,3249B,Paint,method_i_b,3.0,6822N-A,5.0,0.661,strict,13,True
BULK-INV-5000-L01,BULK-INV-5000,5000,2026-04-01,130A,3249B,Paint,method_i_b,3.0,6833B,10.0,0.708,strict,14,True
BULK-INV-5000-L01,BULK-INV-5000,5000,2026-04-01,130A,3249B,Paint,method_i_b,3.0,6833A,10.0,0.77,strict,15,True
BULK-INV-5000-L01,BULK-INV-5000,5000,2026-04-01,130A,3249B,Paint,method_i_b,3.0,6802B,10.0,0.827,strict,16,True
BULK-INV-5000-L01,BULK-INV-5000,5000,2026-04-01,130A,3249B,Paint,method_i_b,3.0,6548A,4.0,0.833,strict,17,True
BULK-INV-5000-L01,BULK-INV-5000,5000,2026-04-01,130A,3249B,Paint,method_i_b,3.0,6832B,6.0,0.897,strict,18,True
BULK-INV-5000-L01,BULK-INV-5000,5000,2026-04-01,130A,3249B,Paint,method_i_b,3.0,6789A,10.0,0.899,strict,19,True
BULK-INV-5000-L01,BULK-INV-5000,5000,2026-04-01,130A,3249B,Paint,method_i_b,3.0,6801A,10.0,0.915,strict,20,True
BULK-INV-5000-L01,BULK-INV-5000,5000,2026-04-01,130A,3249B,Paint,method_i_b,3.0,6832A,10.0,0.923,strict,21,True
BULK-INV-5000-L01,BULK-INV-5000,5000,2026-04-01,130A,3249B,Paint,method_i_b,3.0,6719N-D,5.0,0.961,strict,22,True
BULK-INV-5000-L01,BULK-INV-5000,5000,2026-04-01,130A,3249B,Paint,method_i_b,3.0,6789B,10.0,1.026,relaxed,23,True
BULK-INV-5000-L01,BULK-INV-5000,5000,2026-04-01,130A,3249B,Paint,method_i_b,3.0,6770B,10.0,1.095,relaxed,24,True
BULK-INV-5000-L01,BULK-INV-5000,5000,2026-04-01,130A,3249B,Paint,method_i_b,3.0,6528A,10.0,1.236,relaxed,25,True
BULK-INV-5000-L01,BULK-INV-5000,5000,2026-04-01,130A,3249B,Paint,method_i_b,3.0,6823N-B,5.0,1.393,relaxed,26,True
BULK-INV-5000-L02,BULK-INV-5000,5000,2026-04-01,130,325,Paint,method_i_b,0.75,6764-B,5.0,0.13,excellent,1,True
BULK-INV-5000-L02,BULK-INV-5000,5000,2026-04-01,130,325,Paint,method_i_b,0.75,6767A,10.0,0.269,excellent,2,True
BULK-INV-5000-L02,BULK-INV-5000,5000,2026-04-01,130,325,Paint,method_i_b,0.75,6823N-C,5.0,0.269,excellent,3,True
BULK-INV-5000-L02,BULK-INV-5000,5000,2026-04-01,130,325,Paint,method_i_b,0.75,6768A,5.0,0.284,excellent,4,True
BULK-INV-5000-L02,BULK-INV-5000,5000,2026-04-01,130,325,Paint,method_i_b,0.75,6764-A,10.0,0.297,excellent,5,True
BULK-INV-5000-L02,BULK-INV-5000,5000,2026-04-01,130,325,Paint,method_i_b,0.75,6782A,10.0,0.297,excellent,6,True
BULK-INV-5000-L02,BULK-INV-5000,5000,2026-04-01,130,325,Paint,method_i_b,0.75,6781A,10.0,0.309,excellent,7,True
BULK-INV-5000-L02,BULK-INV-5000,5000,2026-04-01,130,325,Paint,method_i_b,0.75,6781B,2.0,0.311,excellent,8,True
BULK-INV-5000-L02,BULK-INV-5000,5000,2026-04-01,130,325,Paint,method_i_b,0.75,6785A,10.0,0.323,excellent,9,True
BULK-INV-5000-L02,BULK-INV-5000,5000,2026-04-01,130,325,Paint,method_i_b,0.75,6823N-D,5.0,0.342,excellent,10,True
BULK-INV-5000-L02,BULK-INV-5000,5000,2026-04-01,130,325,Paint,method_i_b,0.75,6824N-A,5.0,0.363,excellent,11,True
BULK-INV-5000-L02,BULK-INV-5000,5000,2026-04-01,130,325,Paint,method_i_b,0.75,6822N-C,5.0,0.369,excellent,12,True
BULK-INV-5000-L02,BULK-INV-5000,5000,2026-04-01,130,325,Paint,method_i_b,0.75,6767B,10.0,0.371,excellent,13,True
BULK-INV-5000-L02,BULK-INV-5000,5000,2026-04-01,130,325,Paint,method_i_b,0.75,6828N-A,5.0,0.371,excellent,14,True
BULK-INV-5000-L02,BULK-INV-5000,5000,2026-04-01,130,325,Paint,method_i_b,0.75,6770A,10.0,0.387,excellent,15,True
BULK-INV-5000-L02,BULK-INV-5000,5000,2026-04-01,130,325,Paint,method_i_b,0.75,6784B,7.0,0.396,excellent,16,True
BULK-INV-5000-L02,BULK-INV-5000,5000,2026-04-01,130,325,Paint,method_i_b,0.75,6784A,10.0,0.415,excellent,17,True
BULK-INV-5000-L02,BULK-INV-5000,5000,2026-04-01,130,325,Paint,method_i_b,0.75,6828N-D,5.0,0.446,excellent,18,True
BULK-INV-5000-L02,BULK-INV-5000,5000,2026-04-01,130,325,Paint,method_i_b,0.75,6785B,10.0,0.453,excellent,19,True
BULK-INV-5000-L02,BULK-INV-5000,5000,2026-04-01,130,325,Paint,method_i_b,0.75,6563A,6.0,0.54,excellent,20,True
BULK-INV-5000-L02,BULK-INV-5000,5000,2026-04-01,130,325,Paint,method_i_b,0.75,6822N-D,5.0,0.559,excellent,21,True
BULK-INV-5000-L02,BULK-INV-5000,5000,2026-04-01,130,325,Paint,method_i_b,0.75,6823N-A,5.0,0.602,strict,22,True
BULK-INV-5000-L02,BULK-INV-5000,5000,2026-04-01,130,325,Paint,method_i_b,0.75,6127A,5.0,0.633,strict,23,True
BULK-INV-5000-L02,BULK-INV-5000,5000,2026-04-01,130,325,Paint,method_i_b,0.75,6828N-C,5.0,0.661,strict,24,True
BULK-INV-5000-L02,BULK-INV-5000,5000,2026-04-01,130,325,Paint,method_i_b,0.75,6812B,10.0,0.72,strict,25,True
BULK-INV-5000-L02,BULK-INV-5000,5000,2026-04-01,130,325,Paint,method_i_b,0.75,6812A,10.0,0.836,strict,26,True
BULK-INV-5000-L02,BULK-INV-5000,5000,2026-04-01,130,325,Paint,method_i_b,0.75,6566A,6.0,0.872,strict,27,True
BULK-INV-5000-L02,BULK-INV-5000,5000,2026-04-01,130,325,Paint,method_i_b,0.75,6566A,5.0,0.872,strict,28,True
BULK-INV-5000-L02,BULK-INV-5000,5000,2026-04-01,130,325,Paint,method_i_b,0.75,6778N-B,5.0,1.01,relaxed,29,True
BULK-INV-5000-L02,BULK-INV-5000,5000,2026-04-01,130,325,Paint,method_i_b,0.75,6826N-D,5.0,1.094,relaxed,30,True
BULK-INV-5000-L02,BULK-INV-5000,5000,2026-04-01,130,325,Paint,method_i_b,0.75,6827N-A,5.0,1.231,relaxed,31,True
BULK-INV-5001-L01,BULK-INV-5001,5001,2026-04-02,130A,3249B,Paint,method_i_b,3.0,6788A,10.0,0.017,excellent,1,True
BULK-INV-5001-L01,BULK-INV-5001,5001,2026-04-02,130A,3249B,Paint,method_i_b,3.0,6787B,7.0,0.07,excellent,2,True
BULK-INV-5001-L01,BULK-INV-5001,5001,2026-04-02,130A,3249B,Paint,method_i_b,3.0,6797B,7.0,0.082,excellent,3,True
BULK-INV-5001-L01,BULK-INV-5001,5001,2026-04-02,130A,3249B,Paint,method_i_b,3.0,6797A,10.0,0.09,excellent,4,True
BULK-INV-5001-L01,BULK-INV-5001,5001,2026-04-02,130A,3249B,Paint,method_i_b,3.0,6787A,10.0,0.101,excellent,5,True
BULK-INV-5001-L01,BULK-INV-5001,5001,2026-04-02,130A,3249B,Paint,method_i_b,3.0,6796B,8.0,0.197,excellent,6,True
BULK-INV-5001-L01,BULK-INV-5001,5001,2026-04-02,130A,3249B,Paint,method_i_b,3.0,6788B,10.0,0.271,excellent,7,True
BULK-INV-5001-L01,BULK-INV-5001,5001,2026-04-02,130A,3249B,Paint,method_i_b,3.0,6796A,10.0,0.331,excellent,8,True
BULK-INV-5001-L01,BULK-INV-5001,5001,2026-04-02,130A,3249B,Paint,method_i_b,3.0,6803B,5.0,0.429,excellent,9,True
BULK-INV-5001-L01,BULK-INV-5001,5001,2026-04-02,130A,3249B,Paint,method_i_b,3.0,6802A,10.0,0.526,excellent,10,True
BULK-INV-5001-L01,BULK-INV-5001,5001,2026-04-02,130A,3249B,Paint,method_i_b,3.0,6801B,4.0,0.59,excellent,11,True
BULK-INV-5001-L01,BULK-INV-5001,5001,2026-04-02,130A,3249B,Paint,method_i_b,3.0,6803A,10.0,0.611,strict,12,True
BULK-INV-5001-L01,BULK-INV-5001,5001,2026-04-02,130A,3249B,Paint,method_i_b,3.0,6822N-A,5.0,0.661,strict,13,True
BULK-INV-5001-L01,BULK-INV-5001,5001,2026-04-02,130A,3249B,Paint,method_i_b,3.0,6833B,10.0,0.708,strict,14,True
BULK-INV-5001-L01,BULK-INV-5001,5001,2026-04-02,130A,3249B,Paint,method_i_b,3.0,6833A,10.0,0.77,strict,15,True
BULK-INV-5001-L01,BULK-INV-5001,5001,2026-04-02,130A,3249B,Paint,method_i_b,3.0,6802B,10.0,0.827,strict,16,True
BULK-INV-5001-L01,BULK-INV-5001,5001,2026-04-02,130A,3249B,Paint,method_i_b,3.0,6548A,4.0,0.833,strict,17,True
BULK-INV-5001-L01,BULK-INV-5001,5001,2026-04-02,130A,3249B,Paint,method_i_b,3.0,6832B,6.0,0.897,strict,18,True
BULK-INV-5001-L01,BULK-INV-5001,5001,2026-04-02,130A,3249B,Paint,method_i_b,3.0,6789A,10.0,0.899,strict,19,True
BULK-INV-5001-L01,BULK-INV-5001,5001,2026-04-02,130A,3249B,Paint,method_i_b,3.0,6801A,10.0,0.915,strict,20,True
BULK-INV-5001-L01,BULK-INV-5001,5001,2026-04-02,130A,3249B,Paint,method_i_b,3.0,6832A,10.0,0.923,strict,21,True
BULK-INV-5001-L01,BULK-INV-5001,5001,2026-04-02,130A,3249B,Paint,method_i_b,3.0,6719N-D,5.0,0.961,strict,22,True
BULK-INV-5001-L01,BULK-INV-5001,5001,2026-04-02,130A,3249B,Paint,method_i_b,3.0,6789B,10.0,1.026,relaxed,23,True
BULK-INV-5001-L01,BULK-INV-5001,5001,2026-04-02,130A,3249B,Paint,method_i_b,3.0,6770B,10.0,1.095,relaxed,24,True
BULK-INV-5001-L01,BULK-INV-5001,5001,2026-04-02,130A,3249B,Paint,method_i_b,3.0,6528A,10.0,1.236,relaxed,25,True
BULK-INV-5001-L01,BULK-INV-5001,5001,2026-04-02,130A,3249B,Paint,method_i_b,3.0,6823N-B,5.0,1.393,relaxed,26,True
BULK-INV-5002-L01,BULK-INV-5002,5002,2026-04-03,130A,3249B,Paint,method_i_b,7.5,6788A,10.0,0.017,excellent,1,True
BULK-INV-5002-L01,BULK-INV-5002,5002,2026-04-03,130A,3249B,Paint,method_i_b,7.5,6787B,7.0,0.07,excellent,2,False
BULK-INV-5002-L01,BULK-INV-5002,5002,2026-04-03,130A,3249B,Paint,method_i_b,7.5,6797B,7.0,0.082,excellent,3,False
BULK-INV-5002-L01,BULK-INV-5002,5002,2026-04-03,130A,3249B,Paint,method_i_b,7.5,6797A,10.0,0.09,excellent,4,True
BULK-INV-5002-L01,BULK-INV-5002,5002,2026-04-03,130A,3249B,Paint,method_i_b,7.5,6787A,10.0,0.101,excellent,5,True
BULK-INV-5002-L01,BULK-INV-5002,5002,2026-04-03,130A,3249B,Paint,method_i_b,7.5,6796B,8.0,0.197,excellent,6,True
BULK-INV-5002-L01,BULK-INV-5002,5002,2026-04-03,130A,3249B,Paint,method_i_b,7.5,6788B,10.0,0.271,excellent,7,True
BULK-INV-5002-L01,BULK-INV-5002,5002,2026-04-03,130A,3249B,Paint,method_i_b,7.5,6796A,10.0,0.331,excellent,8,True
BULK-INV-5002-L01,BULK-INV-5002,5002,2026-04-03,130A,3249B,Paint,method_i_b,7.5,6803B,5.0,0.429,excellent,9,False
BULK-INV-5002-L01,BULK-INV-5002,5002,2026-04-03,130A,3249B,Paint,method_i_b,7.5,6802A,10.0,0.526,excellent,10,True
BULK-INV-5002-L01,BULK-INV-5002,5002,2026-04-03,130A,3249B,Paint,method_i_b,7.5,6801B,4.0,0.59,excellent,11,False
BULK-INV-5002-L01,BULK-INV-5002,5002,2026-04-03,130A,3249B,Paint,method_i_b,7.5,6803A,10.0,0.611,strict,12,True
BULK-INV-5002-L01,BULK-INV-5002,5002,2026-04-03,130A,3249B,Paint,method_i_b,7.5,6822N-A,5.0,0.661,strict,13,False
BULK-INV-5002-L01,BULK-INV-5002,5002,2026-04-03,130A,3249B,Paint,method_i_b,7.5,6833B,10.0,0.708,strict,14,True
BULK-INV-5002-L01,BULK-INV-5002,5002,2026-04-03,130A,3249B,Paint,method_i_b,7.5,6833A,10.0,0.77,strict,15,True
BULK-INV-5002-L01,BULK-INV-5002,5002,2026-04-03,130A,3249B,Paint,method_i_b,7.5,6802B,10.0,0.827,strict,16,True
BULK-INV-5002-L01,BULK-INV-5002,5002,2026-04-03,130A,3249B,Paint,method_i_b,7.5,6548A,4.0,0.833,strict,17,False
BULK-INV-5002-L01,BULK-INV-5002,5002,2026-04-03,130A,3249B,Paint,method_i_b,7.5,6832B,6.0,0.897,strict,18,False
BULK-INV-5002-L01,BULK-INV-5002,5002,2026-04-03,130A,3249B,Paint,method_i_b,7.5,6789A,10.0,0.899,strict,19,True
BULK-INV-5002-L01,BULK-INV-5002,5002,2026-04-03,130A,3249B,Paint,method_i_b,7.5,6801A,10.0,0.915,strict,20,True
BULK-INV-5002-L01,BULK-INV-5002,5002,2026-04-03,130A,3249B,Paint,method_i_b,7.5,6832A,10.0,0.923,strict,21,True
BULK-INV-5002-L01,BULK-INV-5002,5002,2026-04-03,130A,3249B,Paint,method_i_b,7.5,6719N-D,5.0,0.961,strict,22,False
BULK-INV-5002-L01,BULK-INV-5002,5002,2026-04-03,130A,3249B,Paint,method_i_b,7.5,6789B,10.0,1.026,relaxed,23,True
BULK-INV-5002-L01,BULK-INV-5002,5002,2026-04-03,130A,3249B,Paint,method_i_b,7.5,6770B,10.0,1.095,relaxed,24,True
BULK-INV-5002-L01,BULK-INV-5002,5002,2026-04-03,130A,3249B,Paint,method_i_b,7.5,6528A,10.0,1.236,relaxed,25,True
BULK-INV-5002-L01,BULK-INV-5002,5002,2026-04-03,130A,3249B,Paint,method_i_b,7.5,6823N-B,5.0,1.393,relaxed,26,False
BULK-INV-5002-L02,BULK-INV-5002,5002,2026-04-03,130,325,Water Based,method_ii,1.0,6778N-B,5.0,0.292,excellent,1,True
BULK-INV-5002-L02,BULK-INV-5002,5002,2026-04-03,130,325,Water Based,method_ii,1.0,6823N-D,5.0,0.493,excellent,2,True
BULK-INV-5002-L02,BULK-INV-5002,5002,2026-04-03,130,325,Water Based,method_ii,1.0,6824N-A,5.0,0.52,excellent,3,True
BULK-INV-5002-L02,BULK-INV-5002,5002,2026-04-03,130,325,Water Based,method_ii,1.0,6823N-C,5.0,0.623,strict,4,True
BULK-INV-5002-L02,BULK-INV-5002,5002,2026-04-03,130,325,Water Based,method_ii,1.0,6823N-A,5.0,0.732,strict,5,True
BULK-INV-5002-L02,BULK-INV-5002,5002,2026-04-03,130,325,Water Based,method_ii,1.0,6822N-D,5.0,0.747,strict,6,True
BULK-INV-5002-L02,BULK-INV-5002,5002,2026-04-03,130,325,Water Based,method_ii,1.0,6828N-D,5.0,0.799,strict,7,True
BULK-INV-5002-L02,BULK-INV-5002,5002,2026-04-03,130,325,Water Based,method_ii,1.0,6563A,6.0,0.929,strict,8,True
BULK-INV-5002-L02,BULK-INV-5002,5002,2026-04-03,130,325,Water Based,method_ii,1.0,6764-B,5.0,0.941,strict,9,True
BULK-INV-5002-L02,BULK-INV-5002,5002,2026-04-03,130,325,Water Based,method_ii,1.0,6768A,5.0,0.957,strict,10,True
BULK-INV-5002-L02,BULK-INV-5002,5002,2026-04-03,130,325,Water Based,method_ii,1.0,6828N-A,5.0,0.974,strict,11,True
BULK-INV-5002-L02,BULK-INV-5002,5002,2026-04-03,130,325,Water Based,method_ii,1.0,6828N-C,5.0,1.052,relaxed,12,True
BULK-INV-5002-L02,BULK-INV-5002,5002,2026-04-03,130,325,Water Based,method_ii,1.0,6822N-C,5.0,1.066,relaxed,13,True
BULK-INV-5002-L02,BULK-INV-5002,5002,2026-04-03,130,325,Water Based,method_ii,1.0,6764-A,10.0,1.175,relaxed,14,True
BULK-INV-5002-L02,BULK-INV-5002,5002,2026-04-03,130,325,Water Based,method_ii,1.0,6127A,5.0,1.205,relaxed,15,True
BULK-INV-5002-L02,BULK-INV-5002,5002,2026-04-03,130,325,Water Based,method_ii,1.0,6767A,10.0,1.397,relaxed,16,True
BULK-INV-5002-L02,BULK-INV-5002,5002,2026-04-03,130,325,Water Based,method_ii,1.0,6566A,6.0,1.422,relaxed,17,True
BULK-INV-5002-L02,BULK-INV-5002,5002,2026-04-03,130,325,Water Based,method_ii,1.0,6566A,5.0,1.422,relaxed,18,True
BULK-INV-5002-L02,BULK-INV-5002,5002,2026-04-03,130,325,Water Based,method_ii,1.0,6785B,10.0,1.449,relaxed,19,True
BULK-INV-5002-L02,BULK-INV-5002,5002,2026-04-03,130,325,Water Based,method_ii,1.0,6767B,10.0,1.465,relaxed,20,True
BULK-INV-5002-L02,BULK-INV-5002,5002,2026-04-03,130,325,Water Based,method_ii,1.0,6812B,10.0,1.476,relaxed,21,True
BULK-INV-5002-L02,BULK-INV-5002,5002,2026-04-03,130,325,Water Based,method_ii,1.0,6784B,7.0,1.546,review,22,True
BULK-INV-5002-L02,BULK-INV-5002,5002,2026-04-03,130,325,Water Based,method_ii,1.0,6782A,10.0,1.575,review,23,True
BULK-INV-5002-L02,BULK-INV-5002,5002,2026-04-03,130,325,Water Based,method_ii,1.0,6784A,10.0,1.581,review,24,True
BULK-INV-5002-L02,BULK-INV-5002,5002,2026-04-03,130,325,Water Based,method_ii,1.0,6781B,2.0,1.623,review,25,True
BULK-INV-5002-L02,BULK-INV-5002,5002,2026-04-03,130,325,Water Based,method_ii,1.0,6785A,10.0,1.688,review,26,True
BULK-INV-5002-L02,BULK-INV-5002,5002,2026-04-03,130,325,Water Based,method_ii,1.0,6826N-D,5.0,1.84,review,27,True
BULK-INV-5002-L02,BULK-INV-5002,5002,2026-04-03,130,325,Water Based,method_ii,1.0,6781A,10.0,1.929,review,28,True
BULK-INV-5002-L02,BULK-INV-5002,5002,2026-04-03,130,325,Water Based,method_ii,1.0,6812A,10.0,1.955,review,29,True
BULK-INV-5002-L02,BULK-INV-5002,5002,2026-04-03,130,325,Water Based,method_ii,1.0,6827N-A,5.0,1.965,review,30,True
BULK-INV-5002-L02,BULK-INV-5002,5002,2026-04-03,130,325,Water Based,method_ii,1.0,6770A,10.0,2.183,review,31,True
BULK-INV-5003-L01,BULK-INV-5003,5003,2026-04-04,130,325,Water Based,method_ii,0.75,6778N-B,5.0,0.292,excellent,1,True
BULK-INV-5003-L01,BULK-INV-5003,5003,2026-04-04,130,325,Water Based,method_ii,0.75,6823N-D,5.0,0.493,excellent,2,True
BULK-INV-5003-L01,BULK-INV-5003,5003,2026-04-04,130,325,Water Based,method_ii,0.75,6824N-A,5.0,0.52,excellent,3,True
BULK-INV-5003-L01,BULK-INV-5003,5003,2026-04-04,130,325,Water Based,method_ii,0.75,6823N-C,5.0,0.623,strict,4,True
BULK-INV-5003-L01,BULK-INV-5003,5003,2026-04-04,130,325,Water Based,method_ii,0.75,6823N-A,5.0,0.732,strict,5,True
BULK-INV-5003-L01,BULK-INV-5003,5003,2026-04-04,130,325,Water Based,method_ii,0.75,6822N-D,5.0,0.747,strict,6,True
BULK-INV-5003-L01,BULK-INV-5003,5003,2026-04-04,130,325,Water Based,method_ii,0.75,6828N-D,5.0,0.799,strict,7,True
BULK-INV-5003-L01,BULK-INV-5003,5003,2026-04-04,130,325,Water Based,method_ii,0.75,6563A,6.0,0.929,strict,8,True
BULK-INV-5003-L01,BULK-INV-5003,5003,2026-04-04,130,325,Water Based,method_ii,0.75,6764-B,5.0,0.941,strict,9,True
BULK-INV-5003-L01,BULK-INV-5003,5003,2026-04-04,130,325,Water Based,method_ii,0.75,6768A,5.0,0.957,strict,10,True
BULK-INV-5003-L01,BULK-INV-5003,5003,2026-04-04,130,325,Water Based,method_ii,0.75,6828N-A,5.0,0.974,strict,11,True
BULK-INV-5003-L01,BULK-INV-5003,5003,2026-04-04,130,325,Water Based,method_ii,0.75,6828N-C,5.0,1.052,relaxed,12,True
BULK-INV-5003-L01,BULK-INV-5003,5003,2026-04-04,130,325,Water Based,method_ii,0.75,6822N-C,5.0,1.066,relaxed,13,True
BULK-INV-5003-L01,BULK-INV-5003,5003,2026-04-04,130,325,Water Based,method_ii,0.75,6764-A,10.0,1.175,relaxed,14,True
BULK-INV-5003-L01,BULK-INV-5003,5003,2026-04-04,130,325,Water Based,method_ii,0.75,6127A,5.0,1.205,relaxed,15,True
BULK-INV-5003-L01,BULK-INV-5003,5003,2026-04-04,130,325,Water Based,method_ii,0.75,6767A,10.0,1.397,relaxed,16,True
BULK-INV-5003-L01,BULK-INV-5003,5003,2026-04-04,130,325,Water Based,method_ii,0.75,6566A,6.0,1.422,relaxed,17,True
BULK-INV-5003-L01,BULK-INV-5003,5003,2026-04-04,130,325,Water Based,method_ii,0.75,6566A,5.0,1.422,relaxed,18,True
BULK-INV-5003-L01,BULK-INV-5003,5003,2026-04-04,130,325,Water Based,method_ii,0.75,6785B,10.0,1.449,relaxed,19,True
BULK-INV-5003-L01,BULK-INV-5003,5003,2026-04-04,130,325,Water Based,method_ii,0.75,6767B,10.0,1.465,relaxed,20,True
BULK-INV-5003-L01,BULK-INV-5003,5003,2026-04-04,130,325,Water Based,method_ii,0.75,6812B,10.0,1.476,relaxed,21,True
BULK-INV-5003-L01,BULK-INV-5003,5003,2026-04-04,130,325,Water Based,method_ii,0.75,6784B,7.0,1.546,review,22,True
BULK-INV-5003-L01,BULK-INV-5003,5003,2026-04-04,130,325,Water Based,method_ii,0.75,6782A,10.0,1.575,review,23,True
BULK-INV-5003-L01,BULK-INV-5003,5003,2026-04-04,130,325,Water Based,method_ii,0.75,6784A,10.0,1.581,review,24,True
BULK-INV-5003-L01,BULK-INV-5003,5003,2026-04-04,130,325,Water Based,method_ii,0.75,6781B,2.0,1.623,review,25,True
BULK-INV-5003-L01,BULK-INV-5003,5003,2026-04-04,130,325,Water Based,method_ii,0.75,6785A,10.0,1.688,review,26,True
BULK-INV-5003-L01,BULK-INV-5003,5003,2026-04-04,130,325,Water Based,method_ii,0.75,6826N-D,5.0,1.84,review,27,True
BULK-INV-5003-L01,BULK-INV-5003,5003,2026-04-04,130,325,Water Based,method_ii,0.75,6781A,10.0,1.929,review,28,True
BULK-INV-5003-L01,BULK-INV-5003,5003,2026-04-04,130,325,Water Based,method_ii,0.75,6812A,10.0,1.955,review,29,True
BULK-INV-5003-L01,BULK-INV-5003,5003,2026-04-04,130,325,Water Based,method_ii,0.75,6827N-A,5.0,1.965,review,30,True
BULK-INV-5003-L01,BULK-INV-5003,5003,2026-04-04,130,325,Water Based,method_ii,0.75,6770A,10.0,2.183,review,31,True
BULK-INV-5003-L02,BULK-INV-5003,5003,2026-04-04,130A,3249B,Paint,method_i_b,1.5,6788A,10.0,0.017,excellent,1,True
BULK-INV-5003-L02,BULK-INV-5003,5003,2026-04-04,130A,3249B,Paint,method_i_b,1.5,6787B,7.0,0.07,excellent,2,True
BULK-INV-5003-L02,BULK-INV-5003,5003,2026-04-04,130A,3249B,Paint,method_i_b,1.5,6797B,7.0,0.082,excellent,3,True
BULK-INV-5003-L02,BULK-INV-5003,5003,2026-04-04,130A,3249B,Paint,method_i_b,1.5,6797A,10.0,0.09,excellent,4,True
BULK-INV-5003-L02,BULK-INV-5003,5003,2026-04-04,130A,3249B,Paint,method_i_b,1.5,6787A,10.0,0.101,excellent,5,True
BULK-INV-5003-L02,BULK-INV-5003,5003,2026-04-04,130A,3249B,Paint,method_i_b,1.5,6796B,8.0,0.197,excellent,6,True
BULK-INV-5003-L02,BULK-INV-5003,5003,2026-04-04,130A,3249B,Paint,method_i_b,1.5,6788B,10.0,0.271,excellent,7,True
BULK-INV-5003-L02,BULK-INV-5003,5003,2026-04-04,130A,3249B,Paint,method_i_b,1.5,6796A,10.0,0.331,excellent,8,True
BULK-INV-5003-L02,BULK-INV-5003,5003,2026-04-04,130A,3249B,Paint,method_i_b,1.5,6803B,5.0,0.429,excellent,9,True
BULK-INV-5003-L02,BULK-INV-5003,5003,2026-04-04,130A,3249B,Paint,method_i_b,1.5,6802A,10.0,0.526,excellent,10,True
BULK-INV-5003-L02,BULK-INV-5003,5003,2026-04-04,130A,3249B,Paint,method_i_b,1.5,6801B,4.0,0.59,excellent,11,True
BULK-INV-5003-L02,BULK-INV-5003,5003,2026-04-04,130A,3249B,Paint,method_i_b,1.5,6803A,10.0,0.611,strict,12,True
BULK-INV-5003-L02,BULK-INV-5003,5003,2026-04-04,130A,3249B,Paint,method_i_b,1.5,6822N-A,5.0,0.661,strict,13,True
BULK-INV-5003-L02,BULK-INV-5003,5003,2026-04-04,130A,3249B,Paint,method_i_b,1.5,6833B,10.0,0.708,strict,14,True
BULK-INV-5003-L02,BULK-INV-5003,5003,2026-04-04,130A,3249B,Paint,method_i_b,1.5,6833A,10.0,0.77,strict,15,True
BULK-INV-5003-L02,BULK-INV-5003,5003,2026-04-04,130A,3249B,Paint,method_i_b,1.5,6802B,10.0,0.827,strict,16,True
BULK-INV-5003-L02,BULK-INV-5003,5003,2026-04-04,130A,3249B,Paint,method_i_b,1.5,6548A,4.0,0.833,strict,17,True
BULK-INV-5003-L02,BULK-INV-5003,5003,2026-04-04,130A,3249B,Paint,method_i_b,1.5,6832B,6.0,0.897,strict,18,True
BULK-INV-5003-L02,BULK-INV-5003,5003,2026-04-04,130A,3249B,Paint,method_i_b,1.5,6789A,10.0,0.899,strict,19,True
BULK-INV-5003-L02,BULK-INV-5003,5003,2026-04-04,130A,3249B,Paint,method_i_b,1.5,6801A,10.0,0.915,strict,20,True
BULK-INV-5003-L02,BULK-INV-5003,5003,2026-04-04,130A,3249B,Paint,method_i_b,1.5,6832A,10.0,0.923,strict,21,True
BULK-INV-5003-L02,BULK-INV-5003,5003,2026-04-04,130A,3249B,Paint,method_i_b,1.5,6719N-D,5.0,0.961,strict,22,True
BULK-INV-5003-L02,BULK-INV-5003,5003,2026-04-04,130A,3249B,Paint,method_i_b,1.5,6789B,10.0,1.026,relaxed,23,True
BULK-INV-5003-L02,BULK-INV-5003,5003,2026-04-04,130A,3249B,Paint,method_i_b,1.5,6770B,10.0,1.095,relaxed,24,True
BULK-INV-5003-L02,BULK-INV-5003,5003,2026-04-04,130A,3249B,Paint,method_i_b,1.5,6528A,10.0,1.236,relaxed,25,True
BULK-INV-5003-L02,BULK-INV-5003,5003,2026-04-04,130A,3249B,Paint,method_i_b,1.5,6823N-B,5.0,1.393,relaxed,26,True
BULK-INV-5004-L01,BULK-INV-5004,5004,2026-04-05,130A,3249B,Water Based,method_ii,6.0,6802A,10.0,0.119,excellent,1,True
BULK-INV-5004-L01,BULK-INV-5004,5004,2026-04-05,130A,3249B,Water Based,method_ii,6.0,6796A,10.0,0.161,excellent,2,True
BULK-INV-5004-L01,BULK-INV-5004,5004,2026-04-05,130A,3249B,Water Based,method_ii,6.0,6801A,10.0,0.212,excellent,3,True
BULK-INV-5004-L01,BULK-INV-5004,5004,2026-04-05,130A,3249B,Water Based,method_ii,6.0,6789A,10.0,0.214,excellent,4,True
BULK-INV-5004-L01,BULK-INV-5004,5004,2026-04-05,130A,3249B,Water Based,method_ii,6.0,6822N-A,5.0,0.331,excellent,5,False
BULK-INV-5004-L01,BULK-INV-5004,5004,2026-04-05,130A,3249B,Water Based,method_ii,6.0,6797A,10.0,0.335,excellent,6,True
BULK-INV-5004-L01,BULK-INV-5004,5004,2026-04-05,130A,3249B,Water Based,method_ii,6.0,6787A,10.0,0.35,excellent,7,True
BULK-INV-5004-L01,BULK-INV-5004,5004,2026-04-05,130A,3249B,Water Based,method_ii,6.0,6802B,10.0,0.351,excellent,8,True
BULK-INV-5004-L01,BULK-INV-5004,5004,2026-04-05,130A,3249B,Water Based,method_ii,6.0,6788B,10.0,0.373,excellent,9,True
BULK-INV-5004-L01,BULK-INV-5004,5004,2026-04-05,130A,3249B,Water Based,method_ii,6.0,6796B,8.0,0.375,excellent,10,True
BULK-INV-5004-L01,BULK-INV-5004,5004,2026-04-05,130A,3249B,Water Based,method_ii,6.0,6801B,4.0,0.404,excellent,11,False
BULK-INV-5004-L01,BULK-INV-5004,5004,2026-04-05,130A,3249B,Water Based,method_ii,6.0,6788A,10.0,0.508,excellent,12,True
BULK-INV-5004-L01,BULK-INV-5004,5004,2026-04-05,130A,3249B,Water Based,method_ii,6.0,6797B,7.0,0.685,strict,13,True
BULK-INV-5004-L01,BULK-INV-5004,5004,2026-04-05,130A,3249B,Water Based,method_ii,6.0,6789B,10.0,0.76,strict,14,True
BULK-INV-5004-L01,BULK-INV-5004,5004,2026-04-05,130A,3249B,Water Based,method_ii,6.0,6787B,7.0,0.797,strict,15,True
BULK-INV-5004-L01,BULK-INV-5004,5004,2026-04-05,130A,3249B,Water Based,method_ii,6.0,6548A,4.0,0.904,strict,16,False
BULK-INV-5004-L01,BULK-INV-5004,5004,2026-04-05,130A,3249B,Water Based,method_ii,6.0,6823N-B,5.0,1.056,relaxed,17,False
BULK-INV-5004-L01,BULK-INV-5004,5004,2026-04-05,130A,3249B,Water Based,method_ii,6.0,6833A,10.0,1.074,relaxed,18,True
BULK-INV-5004-L01,BULK-INV-5004,5004,2026-04-05,130A,3249B,Water Based,method_ii,6.0,6719N-D,5.0,1.165,relaxed,19,False
BULK-INV-5004-L01,BULK-INV-5004,5004,2026-04-05,130A,3249B,Water Based,method_ii,6.0,6803B,5.0,1.196,relaxed,20,False
BULK-INV-5004-L01,BULK-INV-5004,5004,2026-04-05,130A,3249B,Water Based,method_ii,6.0,6803A,10.0,1.227,relaxed,21,True
BULK-INV-5004-L01,BULK-INV-5004,5004,2026-04-05,130A,3249B,Water Based,method_ii,6.0,6832A,10.0,1.584,review,22,True
BULK-INV-5004-L01,BULK-INV-5004,5004,2026-04-05,130A,3249B,Water Based,method_ii,6.0,6832B,6.0,1.699,review,23,True
BULK-INV-5004-L01,BULK-INV-5004,5004,2026-04-05,130A,3249B,Water Based,method_ii,6.0,6833B,10.0,2.032,review,24,True
BULK-INV-5004-L01,BULK-INV-5004,5004,2026-04-05,130A,3249B,Water Based,method_ii,6.0,6528A,10.0,2.171,review,25,True
BULK-INV-5004-L01,BULK-INV-5004,5004,2026-04-05,130A,3249B,Water Based,method_ii,6.0,6770B,10.0,2.281,review,26,True
BULK-INV-5006-L01,BULK-INV-5006,5006,2026-04-07,130A,3249B,Water Based,method_ii,0.5,6802A,10.0,0.119,excellent,1,True
BULK-INV-5006-L01,BULK-INV-5006,5006,2026-04-07,130A,3249B,Water Based,method_ii,0.5,6796A,10.0,0.161,excellent,2,True
BULK-INV-5006-L01,BULK-INV-5006,5006,2026-04-07,130A,3249B,Water Based,method_ii,0.5,6801A,10.0,0.212,excellent,3,True
BULK-INV-5006-L01,BULK-INV-5006,5006,2026-04-07,130A,3249B,Water Based,method_ii,0.5,6789A,10.0,0.214,excellent,4,True
BULK-INV-5006-L01,BULK-INV-5006,5006,2026-04-07,130A,3249B,Water Based,method_ii,0.5,6822N-A,5.0,0.331,excellent,5,True
BULK-INV-5006-L01,BULK-INV-5006,5006,2026-04-07,130A,3249B,Water Based,method_ii,0.5,6797A,10.0,0.335,excellent,6,True
BULK-INV-5006-L01,BULK-INV-5006,5006,2026-04-07,130A,3249B,Water Based,method_ii,0.5,6787A,10.0,0.35,excellent,7,True
BULK-INV-5006-L01,BULK-INV-5006,5006,2026-04-07,130A,3249B,Water Based,method_ii,0.5,6802B,10.0,0.351,excellent,8,True
BULK-INV-5006-L01,BULK-INV-5006,5006,2026-04-07,130A,3249B,Water Based,method_ii,0.5,6788B,10.0,0.373,excellent,9,True
BULK-INV-5006-L01,BULK-INV-5006,5006,2026-04-07,130A,3249B,Water Based,method_ii,0.5,6796B,8.0,0.375,excellent,10,True
BULK-INV-5006-L01,BULK-INV-5006,5006,2026-04-07,130A,3249B,Water Based,method_ii,0.5,6801B,4.0,0.404,excellent,11,True
BULK-INV-5006-L01,BULK-INV-5006,5006,2026-04-07,130A,3249B,Water Based,method_ii,0.5,6788A,10.0,0.508,excellent,12,True
BULK-INV-5006-L01,BULK-INV-5006,5006,2026-04-07,130A,3249B,Water Based,method_ii,0.5,6797B,7.0,0.685,strict,13,True
BULK-INV-5006-L01,BULK-INV-5006,5006,2026-04-07,130A,3249B,Water Based,method_ii,0.5,6789B,10.0,0.76,strict,14,True
BULK-INV-5006-L01,BULK-INV-5006,5006,2026-04-07,130A,3249B,Water Based,method_ii,0.5,6787B,7.0,0.797,strict,15,True
BULK-INV-5006-L01,BULK-INV-5006,5006,2026-04-07,130A,3249B,Water Based,method_ii,0.5,6548A,4.0,0.904,strict,16,True
BULK-INV-5006-L01,BULK-INV-5006,5006,2026-04-07,130A,3249B,Water Based,method_ii,0.5,6823N-B,5.0,1.056,relaxed,17,True
BULK-INV-5006-L01,BULK-INV-5006,5006,2026-04-07,130A,3249B,Water Based,method_ii,0.5,6833A,10.0,1.074,relaxed,18,True
BULK-INV-5006-L01,BULK-INV-5006,5006,2026-04-07,130A,3249B,Water Based,method_ii,0.5,6719N-D,5.0,1.165,relaxed,19,True
BULK-INV-5006-L01,BULK-INV-5006,5006,2026-04-07,130A,3249B,Water Based,method_ii,0.5,6803B,5.0,1.196,relaxed,20,True
BULK-INV-5006-L01,BULK-INV-5006,5006,2026-04-07,130A,3249B,Water Based,method_ii,0.5,6803A,10.0,1.227,relaxed,21,True
BULK-INV-5006-L01,BULK-INV-5006,5006,2026-04-07,130A,3249B,Water Based,method_ii,0.5,6832A,10.0,1.584,review,22,True
BULK-INV-5006-L01,BULK-INV-5006,5006,2026-04-07,130A,3249B,Water Based,method_ii,0.5,6832B,6.0,1.699,review,23,True
BULK-INV-5006-L01,BULK-INV-5006,5006,2026-04-07,130A,3249B,Water Based,method_ii,0.5,6833B,10.0,2.032,review,24,True
BULK-INV-5006-L01,BULK-INV-5006,5006,2026-04-07,130A,3249B,Water Based,method_ii,0.5,6528A,10.0,2.171,review,25,True
BULK-INV-5006-L01,BULK-INV-5006,5006,2026-04-07,130A,3249B,Water Based,method_ii,0.5,6770B,10.0,2.281,review,26,True
BULK-INV-5008-L01,BULK-INV-5008,5008,2026-04-09,130A,3249B,Water Based,method_ii,0.75,6802A,10.0,0.119,excellent,1,True
BULK-INV-5008-L01,BULK-INV-5008,5008,2026-04-09,130A,3249B,Water Based,method_ii,0.75,6796A,10.0,0.161,excellent,2,True
BULK-INV-5008-L01,BULK-INV-5008,5008,2026-04-09,130A,3249B,Water Based,method_ii,0.75,6801A,10.0,0.212,excellent,3,True
BULK-INV-5008-L01,BULK-INV-5008,5008,2026-04-09,130A,3249B,Water Based,method_ii,0.75,6789A,10.0,0.214,excellent,4,True
BULK-INV-5008-L01,BULK-INV-5008,5008,2026-04-09,130A,3249B,Water Based,method_ii,0.75,6822N-A,5.0,0.331,excellent,5,True
BULK-INV-5008-L01,BULK-INV-5008,5008,2026-04-09,130A,3249B,Water Based,method_ii,0.75,6797A,10.0,0.335,excellent,6,True
BULK-INV-5008-L01,BULK-INV-5008,5008,2026-04-09,130A,3249B,Water Based,method_ii,0.75,6787A,10.0,0.35,excellent,7,True
BULK-INV-5008-L01,BULK-INV-5008,5008,2026-04-09,130A,3249B,Water Based,method_ii,0.75,6802B,10.0,0.351,excellent,8,True
BULK-INV-5008-L01,BULK-INV-5008,5008,2026-04-09,130A,3249B,Water Based,method_ii,0.75,6788B,10.0,0.373,excellent,9,True
BULK-INV-5008-L01,BULK-INV-5008,5008,2026-04-09,130A,3249B,Water Based,method_ii,0.75,6796B,8.0,0.375,excellent,10,True
BULK-INV-5008-L01,BULK-INV-5008,5008,2026-04-09,130A,3249B,Water Based,method_ii,0.75,6801B,4.0,0.404,excellent,11,True
BULK-INV-5008-L01,BULK-INV-5008,5008,2026-04-09,130A,3249B,Water Based,method_ii,0.75,6788A,10.0,0.508,excellent,12,True
BULK-INV-5008-L01,BULK-INV-5008,5008,2026-04-09,130A,3249B,Water Based,method_ii,0.75,6797B,7.0,0.685,strict,13,True
BULK-INV-5008-L01,BULK-INV-5008,5008,2026-04-09,130A,3249B,Water Based,method_ii,0.75,6789B,10.0,0.76,strict,14,True
BULK-INV-5008-L01,BULK-INV-5008,5008,2026-04-09,130A,3249B,Water Based,method_ii,0.75,6787B,7.0,0.797,strict,15,True
BULK-INV-5008-L01,BULK-INV-5008,5008,2026-04-09,130A,3249B,Water Based,method_ii,0.75,6548A,4.0,0.904,strict,16,True
BULK-INV-5008-L01,BULK-INV-5008,5008,2026-04-09,130A,3249B,Water Based,method_ii,0.75,6823N-B,5.0,1.056,relaxed,17,True
BULK-INV-5008-L01,BULK-INV-5008,5008,2026-04-09,130A,3249B,Water Based,method_ii,0.75,6833A,10.0,1.074,relaxed,18,True
BULK-INV-5008-L01,BULK-INV-5008,5008,2026-04-09,130A,3249B,Water Based,method_ii,0.75,6719N-D,5.0,1.165,relaxed,19,True
BULK-INV-5008-L01,BULK-INV-5008,5008,2026-04-09,130A,3249B,Water Based,method_ii,0.75,6803B,5.0,1.196,relaxed,20,True
BULK-INV-5008-L01,BULK-INV-5008,5008,2026-04-09,130A,3249B,Water Based,method_ii,0.75,6803A,10.0,1.227,relaxed,21,True
BULK-INV-5008-L01,BULK-INV-5008,5008,2026-04-09,130A,3249B,Water Based,method_ii,0.75,6832A,10.0,1.584,review,22,True
BULK-INV-5008-L01,BULK-INV-5008,5008,2026-04-09,130A,3249B,Water Based,method_ii,0.75,6832B,6.0,1.699,review,23,True
BULK-INV-5008-L01,BULK-INV-5008,5008,2026-04-09,130A,3249B,Water Based,method_ii,0.75,6833B,10.0,2.032,review,24,True
BULK-INV-5008-L01,BULK-INV-5008,5008,2026-04-09,130A,3249B,Water Based,method_ii,0.75,6528A,10.0,2.171,review,25,True
BULK-INV-5008-L01,BULK-INV-5008,5008,2026-04-09,130A,3249B,Water Based,method_ii,0.75,6770B,10.0,2.281,review,26,True
BULK-INV-5009-L01,BULK-INV-5009,5009,2026-04-10,130,325,Water Based,method_ii,7.5,6778N-B,5.0,0.292,excellent,1,False
BULK-INV-5009-L01,BULK-INV-5009,5009,2026-04-10,130,325,Water Based,method_ii,7.5,6823N-D,5.0,0.493,excellent,2,False
BULK-INV-5009-L01,BULK-INV-5009,5009,2026-04-10,130,325,Water Based,method_ii,7.5,6824N-A,5.0,0.52,excellent,3,False
BULK-INV-5009-L01,BULK-INV-5009,5009,2026-04-10,130,325,Water Based,method_ii,7.5,6823N-C,5.0,0.623,strict,4,False
BULK-INV-5009-L01,BULK-INV-5009,5009,2026-04-10,130,325,Water Based,method_ii,7.5,6823N-A,5.0,0.732,strict,5,False
BULK-INV-5009-L01,BULK-INV-5009,5009,2026-04-10,130,325,Water Based,method_ii,7.5,6822N-D,5.0,0.747,strict,6,False
BULK-INV-5009-L01,BULK-INV-5009,5009,2026-04-10,130,325,Water Based,method_ii,7.5,6828N-D,5.0,0.799,strict,7,False
BULK-INV-5009-L01,BULK-INV-5009,5009,2026-04-10,130,325,Water Based,method_ii,7.5,6563A,6.0,0.929,strict,8,False
BULK-INV-5009-L01,BULK-INV-5009,5009,2026-04-10,130,325,Water Based,method_ii,7.5,6764-B,5.0,0.941,strict,9,False
BULK-INV-5009-L01,BULK-INV-5009,5009,2026-04-10,130,325,Water Based,method_ii,7.5,6768A,5.0,0.957,strict,10,False
BULK-INV-5009-L01,BULK-INV-5009,5009,2026-04-10,130,325,Water Based,method_ii,7.5,6828N-A,5.0,0.974,strict,11,False
BULK-INV-5009-L01,BULK-INV-5009,5009,2026-04-10,130,325,Water Based,method_ii,7.5,6828N-C,5.0,1.052,relaxed,12,False
BULK-INV-5009-L01,BULK-INV-5009,5009,2026-04-10,130,325,Water Based,method_ii,7.5,6822N-C,5.0,1.066,relaxed,13,False
BULK-INV-5009-L01,BULK-INV-5009,5009,2026-04-10,130,325,Water Based,method_ii,7.5,6764-A,10.0,1.175,relaxed,14,True
BULK-INV-5009-L01,BULK-INV-5009,5009,2026-04-10,130,325,Water Based,method_ii,7.5,6127A,5.0,1.205,relaxed,15,False
BULK-INV-5009-L01,BULK-INV-5009,5009,2026-04-10,130,325,Water Based,method_ii,7.5,6767A,10.0,1.397,relaxed,16,True
BULK-INV-5009-L01,BULK-INV-5009,5009,2026-04-10,130,325,Water Based,method_ii,7.5,6566A,6.0,1.422,relaxed,17,False
BULK-INV-5009-L01,BULK-INV-5009,5009,2026-04-10,130,325,Water Based,method_ii,7.5,6566A,5.0,1.422,relaxed,18,False
BULK-INV-5009-L01,BULK-INV-5009,5009,2026-04-10,130,325,Water Based,method_ii,7.5,6785B,10.0,1.449,relaxed,19,True
BULK-INV-5009-L01,BULK-INV-5009,5009,2026-04-10,130,325,Water Based,method_ii,7.5,6767B,10.0,1.465,relaxed,20,True
BULK-INV-5009-L01,BULK-INV-5009,5009,2026-04-10,130,325,Water Based,method_ii,7.5,6812B,10.0,1.476,relaxed,21,True
BULK-INV-5009-L01,BULK-INV-5009,5009,2026-04-10,130,325,Water Based,method_ii,7.5,6784B,7.0,1.546,review,22,False
BULK-INV-5009-L01,BULK-INV-5009,5009,2026-04-10,130,325,Water Based,method_ii,7.5,6782A,10.0,1.575,review,23,True
BULK-INV-5009-L01,BULK-INV-5009,5009,2026-04-10,130,325,Water Based,method_ii,7.5,6784A,10.0,1.581,review,24,True
BULK-INV-5009-L01,BULK-INV-5009,5009,2026-04-10,130,325,Water Based,method_ii,7.5,6781B,2.0,1.623,review,25,False
BULK-INV-5009-L01,BULK-INV-5009,5009,2026-04-10,130,325,Water Based,method_ii,7.5,6785A,10.0,1.688,review,26,True
BULK-INV-5009-L01,BULK-INV-5009,5009,2026-04-10,130,325,Water Based,method_ii,7.5,6826N-D,5.0,1.84,review,27,False
BULK-INV-5009-L01,BULK-INV-5009,5009,2026-04-10,130,325,Water Based,method_ii,7.5,6781A,10.0,1.929,review,28,True
BULK-INV-5009-L01,BULK-INV-5009,5009,2026-04-10,130,325,Water Based,method_ii,7.5,6812A,10.0,1.955,review,29,True
BULK-INV-5009-L01,BULK-INV-5009,5009,2026-04-10,130,325,Water Based,method_ii,7.5,6827N-A,5.0,1.965,review,30,False
BULK-INV-5009-L01,BULK-INV-5009,5009,2026-04-10,130,325,Water Based,method_ii,7.5,6770A,10.0,2.183,review,31,True
BULK-INV-5010-L01,BULK-INV-5010,5010,2026-04-11,130,325,Water Based,method_ii,10.0,6778N-B,5.0,0.292,excellent,1,False
BULK-INV-5010-L01,BULK-INV-5010,5010,2026-04-11,130,325,Water Based,method_ii,10.0,6823N-D,5.0,0.493,excellent,2,False
BULK-INV-5010-L01,BULK-INV-5010,5010,2026-04-11,130,325,Water Based,method_ii,10.0,6824N-A,5.0,0.52,excellent,3,False
BULK-INV-5010-L01,BULK-INV-5010,5010,2026-04-11,130,325,Water Based,method_ii,10.0,6823N-C,5.0,0.623,strict,4,False
BULK-INV-5010-L01,BULK-INV-5010,5010,2026-04-11,130,325,Water Based,method_ii,10.0,6823N-A,5.0,0.732,strict,5,False
BULK-INV-5010-L01,BULK-INV-5010,5010,2026-04-11,130,325,Water Based,method_ii,10.0,6822N-D,5.0,0.747,strict,6,False
BULK-INV-5010-L01,BULK-INV-5010,5010,2026-04-11,130,325,Water Based,method_ii,10.0,6828N-D,5.0,0.799,strict,7,False
BULK-INV-5010-L01,BULK-INV-5010,5010,2026-04-11,130,325,Water Based,method_ii,10.0,6563A,6.0,0.929,strict,8,False
BULK-INV-5010-L01,BULK-INV-5010,5010,2026-04-11,130,325,Water Based,method_ii,10.0,6764-B,5.0,0.941,strict,9,False
BULK-INV-5010-L01,BULK-INV-5010,5010,2026-04-11,130,325,Water Based,method_ii,10.0,6768A,5.0,0.957,strict,10,False
BULK-INV-5010-L01,BULK-INV-5010,5010,2026-04-11,130,325,Water Based,method_ii,10.0,6828N-A,5.0,0.974,strict,11,False
BULK-INV-5010-L01,BULK-INV-5010,5010,2026-04-11,130,325,Water Based,method_ii,10.0,6828N-C,5.0,1.052,relaxed,12,False
BULK-INV-5010-L01,BULK-INV-5010,5010,2026-04-11,130,325,Water Based,method_ii,10.0,6822N-C,5.0,1.066,relaxed,13,False
BULK-INV-5010-L01,BULK-INV-5010,5010,2026-04-11,130,325,Water Based,method_ii,10.0,6764-A,10.0,1.175,relaxed,14,True
BULK-INV-5010-L01,BULK-INV-5010,5010,2026-04-11,130,325,Water Based,method_ii,10.0,6127A,5.0,1.205,relaxed,15,False
BULK-INV-5010-L01,BULK-INV-5010,5010,2026-04-11,130,325,Water Based,method_ii,10.0,6767A,10.0,1.397,relaxed,16,True
BULK-INV-5010-L01,BULK-INV-5010,5010,2026-04-11,130,325,Water Based,method_ii,10.0,6566A,6.0,1.422,relaxed,17,False
BULK-INV-5010-L01,BULK-INV-5010,5010,2026-04-11,130,325,Water Based,method_ii,10.0,6566A,5.0,1.422,relaxed,18,False
BULK-INV-5010-L01,BULK-INV-5010,5010,2026-04-11,130,325,Water Based,method_ii,10.0,6785B,10.0,1.449,relaxed,19,True
BULK-INV-5010-L01,BULK-INV-5010,5010,2026-04-11,130,325,Water Based,method_ii,10.0,6767B,10.0,1.465,relaxed,20,True
BULK-INV-5010-L01,BULK-INV-5010,5010,2026-04-11,130,325,Water Based,method_ii,10.0,6812B,10.0,1.476,relaxed,21,True
BULK-INV-5010-L01,BULK-INV-5010,5010,2026-04-11,130,325,Water Based,method_ii,10.0,6784B,7.0,1.546,review,22,False
BULK-INV-5010-L01,BULK-INV-5010,5010,2026-04-11,130,325,Water Based,method_ii,10.0,6782A,10.0,1.575,review,23,True
BULK-INV-5010-L01,BULK-INV-5010,5010,2026-04-11,130,325,Water Based,method_ii,10.0,6784A,10.0,1.581,review,24,True
BULK-INV-5010-L01,BULK-INV-5010,5010,2026-04-11,130,325,Water Based,method_ii,10.0,6781B,2.0,1.623,review,25,False
BULK-INV-5010-L01,BULK-INV-5010,5010,2026-04-11,130,325,Water Based,method_ii,10.0,6785A,10.0,1.688,review,26,True
BULK-INV-5010-L01,BULK-INV-5010,5010,2026-04-11,130,325,Water Based,method_ii,10.0,6826N-D,5.0,1.84,review,27,False
BULK-INV-5010-L01,BULK-INV-5010,5010,2026-04-11,130,325,Water Based,method_ii,10.0,6781A,10.0,1.929,review,28,True
BULK-INV-5010-L01,BULK-INV-5010,5010,2026-04-11,130,325,Water Based,method_ii,10.0,6812A,10.0,1.955,review,29,True
BULK-INV-5010-L01,BULK-INV-5010,5010,2026-04-11,130,325,Water Based,method_ii,10.0,6827N-A,5.0,1.965,review,30,False
BULK-INV-5010-L01,BULK-INV-5010,5010,2026-04-11,130,325,Water Based,method_ii,10.0,6770A,10.0,2.183,review,31,True
BULK-INV-5010-L02,BULK-INV-5010,5010,2026-04-11,130,325,Water Based,method_ii,1.0,6778N-B,5.0,0.292,excellent,1,True
BULK-INV-5010-L02,BULK-INV-5010,5010,2026-04-11,130,325,Water Based,method_ii,1.0,6823N-D,5.0,0.493,excellent,2,True
BULK-INV-5010-L02,BULK-INV-5010,5010,2026-04-11,130,325,Water Based,method_ii,1.0,6824N-A,5.0,0.52,excellent,3,True
BULK-INV-5010-L02,BULK-INV-5010,5010,2026-04-11,130,325,Water Based,method_ii,1.0,6823N-C,5.0,0.623,strict,4,True
BULK-INV-5010-L02,BULK-INV-5010,5010,2026-04-11,130,325,Water Based,method_ii,1.0,6823N-A,5.0,0.732,strict,5,True
BULK-INV-5010-L02,BULK-INV-5010,5010,2026-04-11,130,325,Water Based,method_ii,1.0,6822N-D,5.0,0.747,strict,6,True
BULK-INV-5010-L02,BULK-INV-5010,5010,2026-04-11,130,325,Water Based,method_ii,1.0,6828N-D,5.0,0.799,strict,7,True
BULK-INV-5010-L02,BULK-INV-5010,5010,2026-04-11,130,325,Water Based,method_ii,1.0,6563A,6.0,0.929,strict,8,True
BULK-INV-5010-L02,BULK-INV-5010,5010,2026-04-11,130,325,Water Based,method_ii,1.0,6764-B,5.0,0.941,strict,9,True
BULK-INV-5010-L02,BULK-INV-5010,5010,2026-04-11,130,325,Water Based,method_ii,1.0,6768A,5.0,0.957,strict,10,True
BULK-INV-5010-L02,BULK-INV-5010,5010,2026-04-11,130,325,Water Based,method_ii,1.0,6828N-A,5.0,0.974,strict,11,True
BULK-INV-5010-L02,BULK-INV-5010,5010,2026-04-11,130,325,Water Based,method_ii,1.0,6828N-C,5.0,1.052,relaxed,12,True
BULK-INV-5010-L02,BULK-INV-5010,5010,2026-04-11,130,325,Water Based,method_ii,1.0,6822N-C,5.0,1.066,relaxed,13,True
BULK-INV-5010-L02,BULK-INV-5010,5010,2026-04-11,130,325,Water Based,method_ii,1.0,6764-A,10.0,1.175,relaxed,14,True
BULK-INV-5010-L02,BULK-INV-5010,5010,2026-04-11,130,325,Water Based,method_ii,1.0,6127A,5.0,1.205,relaxed,15,True
BULK-INV-5010-L02,BULK-INV-5010,5010,2026-04-11,130,325,Water Based,method_ii,1.0,6767A,10.0,1.397,relaxed,16,True
BULK-INV-5010-L02,BULK-INV-5010,5010,2026-04-11,130,325,Water Based,method_ii,1.0,6566A,6.0,1.422,relaxed,17,True
BULK-INV-5010-L02,BULK-INV-5010,5010,2026-04-11,130,325,Water Based,method_ii,1.0,6566A,5.0,1.422,relaxed,18,True
BULK-INV-5010-L02,BULK-INV-5010,5010,2026-04-11,130,325,Water Based,method_ii,1.0,6785B,10.0,1.449,relaxed,19,True
BULK-INV-5010-L02,BULK-INV-5010,5010,2026-04-11,130,325,Water Based,method_ii,1.0,6767B,10.0,1.465,relaxed,20,True
BULK-INV-5010-L02,BULK-INV-5010,5010,2026-04-11,130,325,Water Based,method_ii,1.0,6812B,10.0,1.476,relaxed,21,True
BULK-INV-5010-L02,BULK-INV-5010,5010,2026-04-11,130,325,Water Based,method_ii,1.0,6784B,7.0,1.546,review,22,True
BULK-INV-5010-L02,BULK-INV-5010,5010,2026-04-11,130,325,Water Based,method_ii,1.0,6782A,10.0,1.575,review,23,True
BULK-INV-5010-L02,BULK-INV-5010,5010,2026-04-11,130,325,Water Based,method_ii,1.0,6784A,10.0,1.581,review,24,True
BULK-INV-5010-L02,BULK-INV-5010,5010,2026-04-11,130,325,Water Based,method_ii,1.0,6781B,2.0,1.623,review,25,True
BULK-INV-5010-L02,BULK-INV-5010,5010,2026-04-11,130,325,Water Based,method_ii,1.0,6785A,10.0,1.688,review,26,True
BULK-INV-5010-L02,BULK-INV-5010,5010,2026-04-11,130,325,Water Based,method_ii,1.0,6826N-D,5.0,1.84,review,27,True
BULK-INV-5010-L02,BULK-INV-5010,5010,2026-04-11,130,325,Water Based,method_ii,1.0,6781A,10.0,1.929,review,28,True
BULK-INV-5010-L02,BULK-INV-5010,5010,2026-04-11,130,325,Water Based,method_ii,1.0,6812A,10.0,1.955,review,29,True
BULK-INV-5010-L02,BULK-INV-5010,5010,2026-04-11,130,325,Water Based,method_ii,1.0,6827N-A,5.0,1.965,review,30,True
BULK-INV-5010-L02,BULK-INV-5010,5010,2026-04-11,130,325,Water Based,method_ii,1.0,6770A,10.0,2.183,review,31,True
BULK-INV-5011-L01,BULK-INV-5011,5011,2026-04-12,130,325,Paint,method_i_b,0.5,6764-B,5.0,0.13,excellent,1,True
BULK-INV-5011-L01,BULK-INV-5011,5011,2026-04-12,130,325,Paint,method_i_b,0.5,6767A,10.0,0.269,excellent,2,True
BULK-INV-5011-L01,BULK-INV-5011,5011,2026-04-12,130,325,Paint,method_i_b,0.5,6823N-C,5.0,0.269,excellent,3,True
BULK-INV-5011-L01,BULK-INV-5011,5011,2026-04-12,130,325,Paint,method_i_b,0.5,6768A,5.0,0.284,excellent,4,True
BULK-INV-5011-L01,BULK-INV-5011,5011,2026-04-12,130,325,Paint,method_i_b,0.5,6764-A,10.0,0.297,excellent,5,True
BULK-INV-5011-L01,BULK-INV-5011,5011,2026-04-12,130,325,Paint,method_i_b,0.5,6782A,10.0,0.297,excellent,6,True
BULK-INV-5011-L01,BULK-INV-5011,5011,2026-04-12,130,325,Paint,method_i_b,0.5,6781A,10.0,0.309,excellent,7,True
BULK-INV-5011-L01,BULK-INV-5011,5011,2026-04-12,130,325,Paint,method_i_b,0.5,6781B,2.0,0.311,excellent,8,True
BULK-INV-5011-L01,BULK-INV-5011,5011,2026-04-12,130,325,Paint,method_i_b,0.5,6785A,10.0,0.323,excellent,9,True
BULK-INV-5011-L01,BULK-INV-5011,5011,2026-04-12,130,325,Paint,method_i_b,0.5,6823N-D,5.0,0.342,excellent,10,True
BULK-INV-5011-L01,BULK-INV-5011,5011,2026-04-12,130,325,Paint,method_i_b,0.5,6824N-A,5.0,0.363,excellent,11,True
BULK-INV-5011-L01,BULK-INV-5011,5011,2026-04-12,130,325,Paint,method_i_b,0.5,6822N-C,5.0,0.369,excellent,12,True
BULK-INV-5011-L01,BULK-INV-5011,5011,2026-04-12,130,325,Paint,method_i_b,0.5,6767B,10.0,0.371,excellent,13,True
BULK-INV-5011-L01,BULK-INV-5011,5011,2026-04-12,130,325,Paint,method_i_b,0.5,6828N-A,5.0,0.371,excellent,14,True
BULK-INV-5011-L01,BULK-INV-5011,5011,2026-04-12,130,325,Paint,method_i_b,0.5,6770A,10.0,0.387,excellent,15,True
BULK-INV-5011-L01,BULK-INV-5011,5011,2026-04-12,130,325,Paint,method_i_b,0.5,6784B,7.0,0.396,excellent,16,True
BULK-INV-5011-L01,BULK-INV-5011,5011,2026-04-12,130,325,Paint,method_i_b,0.5,6784A,10.0,0.415,excellent,17,True
BULK-INV-5011-L01,BULK-INV-5011,5011,2026-04-12,130,325,Paint,method_i_b,0.5,6828N-D,5.0,0.446,excellent,18,True
BULK-INV-5011-L01,BULK-INV-5011,5011,2026-04-12,130,325,Paint,method_i_b,0.5,6785B,10.0,0.453,excellent,19,True
BULK-INV-5011-L01,BULK-INV-5011,5011,2026-04-12,130,325,Paint,method_i_b,0.5,6563A,6.0,0.54,excellent,20,True
BULK-INV-5011-L01,BULK-INV-5011,5011,2026-04-12,130,325,Paint,method_i_b,0.5,6822N-D,5.0,0.559,excellent,21,True
BULK-INV-5011-L01,BULK-INV-5011,5011,2026-04-12,130,325,Paint,method_i_b,0.5,6823N-A,5.0,0.602,strict,22,True
BULK-INV-5011-L01,BULK-INV-5011,5011,2026-04-12,130,325,Paint,method_i_b,0.5,6127A,5.0,0.633,strict,23,True
BULK-INV-5011-L01,BULK-INV-5011,5011,2026-04-12,130,325,Paint,method_i_b,0.5,6828N-C,5.0,0.661,strict,24,True
BULK-INV-5011-L01,BULK-INV-5011,5011,2026-04-12,130,325,Paint,method_i_b,0.5,6812B,10.0,0.72,strict,25,True
BULK-INV-5011-L01,BULK-INV-5011,5011,2026-04-12,130,325,Paint,method_i_b,0.5,6812A,10.0,0.836,strict,26,True
BULK-INV-5011-L01,BULK-INV-5011,5011,2026-04-12,130,325,Paint,method_i_b,0.5,6566A,6.0,0.872,strict,27,True
BULK-INV-5011-L01,BULK-INV-5011,5011,2026-04-12,130,325,Paint,method_i_b,0.5,6566A,5.0,0.872,strict,28,True
BULK-INV-5011-L01,BULK-INV-5011,5011,2026-04-12,130,325,Paint,method_i_b,0.5,6778N-B,5.0,1.01,relaxed,29,True
BULK-INV-5011-L01,BULK-INV-5011,5011,2026-04-12,130,325,Paint,method_i_b,0.5,6826N-D,5.0,1.094,relaxed,30,True
BULK-INV-5011-L01,BULK-INV-5011,5011,2026-04-12,130,325,Paint,method_i_b,0.5,6827N-A,5.0,1.231,relaxed,31,True
BULK-INV-5012-L01,BULK-INV-5012,5012,2026-04-13,130A,3249B,Paint,method_i_b,2.0,6788A,10.0,0.017,excellent,1,True
BULK-INV-5012-L01,BULK-INV-5012,5012,2026-04-13,130A,3249B,Paint,method_i_b,2.0,6787B,7.0,0.07,excellent,2,True
BULK-INV-5012-L01,BULK-INV-5012,5012,2026-04-13,130A,3249B,Paint,method_i_b,2.0,6797B,7.0,0.082,excellent,3,True
BULK-INV-5012-L01,BULK-INV-5012,5012,2026-04-13,130A,3249B,Paint,method_i_b,2.0,6797A,10.0,0.09,excellent,4,True
BULK-INV-5012-L01,BULK-INV-5012,5012,2026-04-13,130A,3249B,Paint,method_i_b,2.0,6787A,10.0,0.101,excellent,5,True
BULK-INV-5012-L01,BULK-INV-5012,5012,2026-04-13,130A,3249B,Paint,method_i_b,2.0,6796B,8.0,0.197,excellent,6,True
BULK-INV-5012-L01,BULK-INV-5012,5012,2026-04-13,130A,3249B,Paint,method_i_b,2.0,6788B,10.0,0.271,excellent,7,True
BULK-INV-5012-L01,BULK-INV-5012,5012,2026-04-13,130A,3249B,Paint,method_i_b,2.0,6796A,10.0,0.331,excellent,8,True
BULK-INV-5012-L01,BULK-INV-5012,5012,2026-04-13,130A,3249B,Paint,method_i_b,2.0,6803B,5.0,0.429,excellent,9,True
BULK-INV-5012-L01,BULK-INV-5012,5012,2026-04-13,130A,3249B,Paint,method_i_b,2.0,6802A,10.0,0.526,excellent,10,True
BULK-INV-5012-L01,BULK-INV-5012,5012,2026-04-13,130A,3249B,Paint,method_i_b,2.0,6801B,4.0,0.59,excellent,11,True
BULK-INV-5012-L01,BULK-INV-5012,5012,2026-04-13,130A,3249B,Paint,method_i_b,2.0,6803A,10.0,0.611,strict,12,True
BULK-INV-5012-L01,BULK-INV-5012,5012,2026-04-13,130A,3249B,Paint,method_i_b,2.0,6822N-A,5.0,0.661,strict,13,True
BULK-INV-5012-L01,BULK-INV-5012,5012,2026-04-13,130A,3249B,Paint,method_i_b,2.0,6833B,10.0,0.708,strict,14,True
BULK-INV-5012-L01,BULK-INV-5012,5012,2026-04-13,130A,3249B,Paint,method_i_b,2.0,6833A,10.0,0.77,strict,15,True
BULK-INV-5012-L01,BULK-INV-5012,5012,2026-04-13,130A,3249B,Paint,method_i_b,2.0,6802B,10.0,0.827,strict,16,True
BULK-INV-5012-L01,BULK-INV-5012,5012,2026-04-13,130A,3249B,Paint,method_i_b,2.0,6548A,4.0,0.833,strict,17,True
BULK-INV-5012-L01,BULK-INV-5012,5012,2026-04-13,130A,3249B,Paint,method_i_b,2.0,6832B,6.0,0.897,strict,18,True
BULK-INV-5012-L01,BULK-INV-5012,5012,2026-04-13,130A,3249B,Paint,method_i_b,2.0,6789A,10.0,0.899,strict,19,True
BULK-INV-5012-L01,BULK-INV-5012,5012,2026-04-13,130A,3249B,Paint,method_i_b,2.0,6801A,10.0,0.915,strict,20,True
BULK-INV-5012-L01,BULK-INV-5012,5012,2026-04-13,130A,3249B,Paint,method_i_b,2.0,6832A,10.0,0.923,strict,21,True
BULK-INV-5012-L01,BULK-INV-5012,5012,2026-04-13,130A,3249B,Paint,method_i_b,2.0,6719N-D,5.0,0.961,strict,22,True
BULK-INV-5012-L01,BULK-INV-5012,5012,2026-04-13,130A,3249B,Paint,method_i_b,2.0,6789B,10.0,1.026,relaxed,23,True
BULK-INV-5012-L01,BULK-INV-5012,5012,2026-04-13,130A,3249B,Paint,method_i_b,2.0,6770B,10.0,1.095,relaxed,24,True
BULK-INV-5012-L01,BULK-INV-5012,5012,2026-04-13,130A,3249B,Paint,method_i_b,2.0,6528A,10.0,1.236,relaxed,25,True
BULK-INV-5012-L01,BULK-INV-5012,5012,2026-04-13,130A,3249B,Paint,method_i_b,2.0,6823N-B,5.0,1.393,relaxed,26,True
BULK-INV-5014-L01,BULK-INV-5014,5014,2026-04-15,130,325,Paint,method_i_b,0.5,6764-B,5.0,0.13,excellent,1,True
BULK-INV-5014-L01,BULK-INV-5014,5014,2026-04-15,130,325,Paint,method_i_b,0.5,6767A,10.0,0.269,excellent,2,True
BULK-INV-5014-L01,BULK-INV-5014,5014,2026-04-15,130,325,Paint,method_i_b,0.5,6823N-C,5.0,0.269,excellent,3,True
BULK-INV-5014-L01,BULK-INV-5014,5014,2026-04-15,130,325,Paint,method_i_b,0.5,6768A,5.0,0.284,excellent,4,True
BULK-INV-5014-L01,BULK-INV-5014,5014,2026-04-15,130,325,Paint,method_i_b,0.5,6764-A,10.0,0.297,excellent,5,True
BULK-INV-5014-L01,BULK-INV-5014,5014,2026-04-15,130,325,Paint,method_i_b,0.5,6782A,10.0,0.297,excellent,6,True
BULK-INV-5014-L01,BULK-INV-5014,5014,2026-04-15,130,325,Paint,method_i_b,0.5,6781A,10.0,0.309,excellent,7,True
BULK-INV-5014-L01,BULK-INV-5014,5014,2026-04-15,130,325,Paint,method_i_b,0.5,6781B,2.0,0.311,excellent,8,True
BULK-INV-5014-L01,BULK-INV-5014,5014,2026-04-15,130,325,Paint,method_i_b,0.5,6785A,10.0,0.323,excellent,9,True
BULK-INV-5014-L01,BULK-INV-5014,5014,2026-04-15,130,325,Paint,method_i_b,0.5,6823N-D,5.0,0.342,excellent,10,True
BULK-INV-5014-L01,BULK-INV-5014,5014,2026-04-15,130,325,Paint,method_i_b,0.5,6824N-A,5.0,0.363,excellent,11,True
BULK-INV-5014-L01,BULK-INV-5014,5014,2026-04-15,130,325,Paint,method_i_b,0.5,6822N-C,5.0,0.369,excellent,12,True
BULK-INV-5014-L01,BULK-INV-5014,5014,2026-04-15,130,325,Paint,method_i_b,0.5,6767B,10.0,0.371,excellent,13,True
BULK-INV-5014-L01,BULK-INV-5014,5014,2026-04-15,130,325,Paint,method_i_b,0.5,6828N-A,5.0,0.371,excellent,14,True
BULK-INV-5014-L01,BULK-INV-5014,5014,2026-04-15,130,325,Paint,method_i_b,0.5,6770A,10.0,0.387,excellent,15,True
BULK-INV-5014-L01,BULK-INV-5014,5014,2026-04-15,130,325,Paint,method_i_b,0.5,6784B,7.0,0.396,excellent,16,True
BULK-INV-5014-L01,BULK-INV-5014,5014,2026-04-15,130,325,Paint,method_i_b,0.5,6784A,10.0,0.415,excellent,17,True
BULK-INV-5014-L01,BULK-INV-5014,5014,2026-04-15,130,325,Paint,method_i_b,0.5,6828N-D,5.0,0.446,excellent,18,True
BULK-INV-5014-L01,BULK-INV-5014,5014,2026-04-15,130,325,Paint,method_i_b,0.5,6785B,10.0,0.453,excellent,19,True
BULK-INV-5014-L01,BULK-INV-5014,5014,2026-04-15,130,325,Paint,method_i_b,0.5,6563A,6.0,0.54,excellent,20,True
BULK-INV-5014-L01,BULK-INV-5014,5014,2026-04-15,130,325,Paint,method_i_b,0.5,6822N-D,5.0,0.559,excellent,21,True
BULK-INV-5014-L01,BULK-INV-5014,5014,2026-04-15,130,325,Paint,method_i_b,0.5,6823N-A,5.0,0.602,strict,22,True
BULK-INV-5014-L01,BULK-INV-5014,5014,2026-04-15,130,325,Paint,method_i_b,0.5,6127A,5.0,0.633,strict,23,True
BULK-INV-5014-L01,BULK-INV-5014,5014,2026-04-15,130,325,Paint,method_i_b,0.5,6828N-C,5.0,0.661,strict,24,True
BULK-INV-5014-L01,BULK-INV-5014,5014,2026-04-15,130,325,Paint,method_i_b,0.5,6812B,10.0,0.72,strict,25,True
BULK-INV-5014-L01,BULK-INV-5014,5014,2026-04-15,130,325,Paint,method_i_b,0.5,6812A,10.0,0.836,strict,26,True
BULK-INV-5014-L01,BULK-INV-5014,5014,2026-04-15,130,325,Paint,method_i_b,0.5,6566A,6.0,0.872,strict,27,True
BULK-INV-5014-L01,BULK-INV-5014,5014,2026-04-15,130,325,Paint,method_i_b,0.5,6566A,5.0,0.872,strict,28,True
BULK-INV-5014-L01,BULK-INV-5014,5014,2026-04-15,130,325,Paint,method_i_b,0.5,6778N-B,5.0,1.01,relaxed,29,True
BULK-INV-5014-L01,BULK-INV-5014,5014,2026-04-15,130,325,Paint,method_i_b,0.5,6826N-D,5.0,1.094,relaxed,30,True
BULK-INV-5014-L01,BULK-INV-5014,5014,2026-04-15,130,325,Paint,method_i_b,0.5,6827N-A,5.0,1.231,relaxed,31,True
BULK-INV-5014-L02,BULK-INV-5014,5014,2026-04-15,130A,3249B,Water Based,method_ii,0.5,6802A,10.0,0.119,excellent,1,True
BULK-INV-5014-L02,BULK-INV-5014,5014,2026-04-15,130A,3249B,Water Based,method_ii,0.5,6796A,10.0,0.161,excellent,2,True
BULK-INV-5014-L02,BULK-INV-5014,5014,2026-04-15,130A,3249B,Water Based,method_ii,0.5,6801A,10.0,0.212,excellent,3,True
BULK-INV-5014-L02,BULK-INV-5014,5014,2026-04-15,130A,3249B,Water Based,method_ii,0.5,6789A,10.0,0.214,excellent,4,True
BULK-INV-5014-L02,BULK-INV-5014,5014,2026-04-15,130A,3249B,Water Based,method_ii,0.5,6822N-A,5.0,0.331,excellent,5,True
BULK-INV-5014-L02,BULK-INV-5014,5014,2026-04-15,130A,3249B,Water Based,method_ii,0.5,6797A,10.0,0.335,excellent,6,True
BULK-INV-5014-L02,BULK-INV-5014,5014,2026-04-15,130A,3249B,Water Based,method_ii,0.5,6787A,10.0,0.35,excellent,7,True
BULK-INV-5014-L02,BULK-INV-5014,5014,2026-04-15,130A,3249B,Water Based,method_ii,0.5,6802B,10.0,0.351,excellent,8,True
BULK-INV-5014-L02,BULK-INV-5014,5014,2026-04-15,130A,3249B,Water Based,method_ii,0.5,6788B,10.0,0.373,excellent,9,True
BULK-INV-5014-L02,BULK-INV-5014,5014,2026-04-15,130A,3249B,Water Based,method_ii,0.5,6796B,8.0,0.375,excellent,10,True
BULK-INV-5014-L02,BULK-INV-5014,5014,2026-04-15,130A,3249B,Water Based,method_ii,0.5,6801B,4.0,0.404,excellent,11,True
BULK-INV-5014-L02,BULK-INV-5014,5014,2026-04-15,130A,3249B,Water Based,method_ii,0.5,6788A,10.0,0.508,excellent,12,True
BULK-INV-5014-L02,BULK-INV-5014,5014,2026-04-15,130A,3249B,Water Based,method_ii,0.5,6797B,7.0,0.685,strict,13,True
BULK-INV-5014-L02,BULK-INV-5014,5014,2026-04-15,130A,3249B,Water Based,method_ii,0.5,6789B,10.0,0.76,strict,14,True
BULK-INV-5014-L02,BULK-INV-5014,5014,2026-04-15,130A,3249B,Water Based,method_ii,0.5,6787B,7.0,0.797,strict,15,True
BULK-INV-5014-L02,BULK-INV-5014,5014,2026-04-15,130A,3249B,Water Based,method_ii,0.5,6548A,4.0,0.904,strict,16,True
BULK-INV-5014-L02,BULK-INV-5014,5014,2026-04-15,130A,3249B,Water Based,method_ii,0.5,6823N-B,5.0,1.056,relaxed,17,True
BULK-INV-5014-L02,BULK-INV-5014,5014,2026-04-15,130A,3249B,Water Based,method_ii,0.5,6833A,10.0,1.074,relaxed,18,True
BULK-INV-5014-L02,BULK-INV-5014,5014,2026-04-15,130A,3249B,Water Based,method_ii,0.5,6719N-D,5.0,1.165,relaxed,19,True
BULK-INV-5014-L02,BULK-INV-5014,5014,2026-04-15,130A,3249B,Water Based,method_ii,0.5,6803B,5.0,1.196,relaxed,20,True
BULK-INV-5014-L02,BULK-INV-5014,5014,2026-04-15,130A,3249B,Water Based,method_ii,0.5,6803A,10.0,1.227,relaxed,21,True
BULK-INV-5014-L02,BULK-INV-5014,5014,2026-04-15,130A,3249B,Water Based,method_ii,0.5,6832A,10.0,1.584,review,22,True
BULK-INV-5014-L02,BULK-INV-5014,5014,2026-04-15,130A,3249B,Water Based,method_ii,0.5,6832B,6.0,1.699,review,23,True
BULK-INV-5014-L02,BULK-INV-5014,5014,2026-04-15,130A,3249B,Water Based,method_ii,0.5,6833B,10.0,2.032,review,24,True
BULK-INV-5014-L02,BULK-INV-5014,5014,2026-04-15,130A,3249B,Water Based,method_ii,0.5,6528A,10.0,2.171,review,25,True
BULK-INV-5014-L02,BULK-INV-5014,5014,2026-04-15,130A,3249B,Water Based,method_ii,0.5,6770B,10.0,2.281,review,26,True
BULK-INV-5015-L01,BULK-INV-5015,5015,2026-04-16,130,325,Paint,method_i_b,7.5,6764-B,5.0,0.13,excellent,1,False
BULK-INV-5015-L01,BULK-INV-5015,5015,2026-04-16,130,325,Paint,method_i_b,7.5,6767A,10.0,0.269,excellent,2,True
BULK-INV-5015-L01,BULK-INV-5015,5015,2026-04-16,130,325,Paint,method_i_b,7.5,6823N-C,5.0,0.269,excellent,3,False
BULK-INV-5015-L01,BULK-INV-5015,5015,2026-04-16,130,325,Paint,method_i_b,7.5,6768A,5.0,0.284,excellent,4,False
BULK-INV-5015-L01,BULK-INV-5015,5015,2026-04-16,130,325,Paint,method_i_b,7.5,6764-A,10.0,0.297,excellent,5,True
BULK-INV-5015-L01,BULK-INV-5015,5015,2026-04-16,130,325,Paint,method_i_b,7.5,6782A,10.0,0.297,excellent,6,True
BULK-INV-5015-L01,BULK-INV-5015,5015,2026-04-16,130,325,Paint,method_i_b,7.5,6781A,10.0,0.309,excellent,7,True
BULK-INV-5015-L01,BULK-INV-5015,5015,2026-04-16,130,325,Paint,method_i_b,7.5,6781B,2.0,0.311,excellent,8,False
BULK-INV-5015-L01,BULK-INV-5015,5015,2026-04-16,130,325,Paint,method_i_b,7.5,6785A,10.0,0.323,excellent,9,True
BULK-INV-5015-L01,BULK-INV-5015,5015,2026-04-16,130,325,Paint,method_i_b,7.5,6823N-D,5.0,0.342,excellent,10,False
BULK-INV-5015-L01,BULK-INV-5015,5015,2026-04-16,130,325,Paint,method_i_b,7.5,6824N-A,5.0,0.363,excellent,11,False
BULK-INV-5015-L01,BULK-INV-5015,5015,2026-04-16,130,325,Paint,method_i_b,7.5,6822N-C,5.0,0.369,excellent,12,False
BULK-INV-5015-L01,BULK-INV-5015,5015,2026-04-16,130,325,Paint,method_i_b,7.5,6767B,10.0,0.371,excellent,13,True
BULK-INV-5015-L01,BULK-INV-5015,5015,2026-04-16,130,325,Paint,method_i_b,7.5,6828N-A,5.0,0.371,excellent,14,False
BULK-INV-5015-L01,BULK-INV-5015,5015,2026-04-16,130,325,Paint,method_i_b,7.5,6770A,10.0,0.387,excellent,15,True
BULK-INV-5015-L01,BULK-INV-5015,5015,2026-04-16,130,325,Paint,method_i_b,7.5,6784B,7.0,0.396,excellent,16,False
BULK-INV-5015-L01,BULK-INV-5015,5015,2026-04-16,130,325,Paint,method_i_b,7.5,6784A,10.0,0.415,excellent,17,True
BULK-INV-5015-L01,BULK-INV-5015,5015,2026-04-16,130,325,Paint,method_i_b,7.5,6828N-D,5.0,0.446,excellent,18,False
BULK-INV-5015-L01,BULK-INV-5015,5015,2026-04-16,130,325,Paint,method_i_b,7.5,6785B,10.0,0.453,excellent,19,True
BULK-INV-5015-L01,BULK-INV-5015,5015,2026-04-16,130,325,Paint,method_i_b,7.5,6563A,6.0,0.54,excellent,20,False
BULK-INV-5015-L01,BULK-INV-5015,5015,2026-04-16,130,325,Paint,method_i_b,7.5,6822N-D,5.0,0.559,excellent,21,False
BULK-INV-5015-L01,BULK-INV-5015,5015,2026-04-16,130,325,Paint,method_i_b,7.5,6823N-A,5.0,0.602,strict,22,False
BULK-INV-5015-L01,BULK-INV-5015,5015,2026-04-16,130,325,Paint,method_i_b,7.5,6127A,5.0,0.633,strict,23,False
BULK-INV-5015-L01,BULK-INV-5015,5015,2026-04-16,130,325,Paint,method_i_b,7.5,6828N-C,5.0,0.661,strict,24,False
BULK-INV-5015-L01,BULK-INV-5015,5015,2026-04-16,130,325,Paint,method_i_b,7.5,6812B,10.0,0.72,strict,25,True
BULK-INV-5015-L01,BULK-INV-5015,5015,2026-04-16,130,325,Paint,method_i_b,7.5,6812A,10.0,0.836,strict,26,True
BULK-INV-5015-L01,BULK-INV-5015,5015,2026-04-16,130,325,Paint,method_i_b,7.5,6566A,6.0,0.872,strict,27,False
BULK-INV-5015-L01,BULK-INV-5015,5015,2026-04-16,130,325,Paint,method_i_b,7.5,6566A,5.0,0.872,strict,28,False
BULK-INV-5015-L01,BULK-INV-5015,5015,2026-04-16,130,325,Paint,method_i_b,7.5,6778N-B,5.0,1.01,relaxed,29,False
BULK-INV-5015-L01,BULK-INV-5015,5015,2026-04-16,130,325,Paint,method_i_b,7.5,6826N-D,5.0,1.094,relaxed,30,False
BULK-INV-5015-L01,BULK-INV-5015,5015,2026-04-16,130,325,Paint,method_i_b,7.5,6827N-A,5.0,1.231,relaxed,31,False
BULK-INV-5015-L02,BULK-INV-5015,5015,2026-04-16,130,325,Paint,method_i_b,0.5,6764-B,5.0,0.13,excellent,1,True
BULK-INV-5015-L02,BULK-INV-5015,5015,2026-04-16,130,325,Paint,method_i_b,0.5,6767A,10.0,0.269,excellent,2,True
BULK-INV-5015-L02,BULK-INV-5015,5015,2026-04-16,130,325,Paint,method_i_b,0.5,6823N-C,5.0,0.269,excellent,3,True
BULK-INV-5015-L02,BULK-INV-5015,5015,2026-04-16,130,325,Paint,method_i_b,0.5,6768A,5.0,0.284,excellent,4,True
BULK-INV-5015-L02,BULK-INV-5015,5015,2026-04-16,130,325,Paint,method_i_b,0.5,6764-A,10.0,0.297,excellent,5,True
BULK-INV-5015-L02,BULK-INV-5015,5015,2026-04-16,130,325,Paint,method_i_b,0.5,6782A,10.0,0.297,excellent,6,True
BULK-INV-5015-L02,BULK-INV-5015,5015,2026-04-16,130,325,Paint,method_i_b,0.5,6781A,10.0,0.309,excellent,7,True
BULK-INV-5015-L02,BULK-INV-5015,5015,2026-04-16,130,325,Paint,method_i_b,0.5,6781B,2.0,0.311,excellent,8,True
BULK-INV-5015-L02,BULK-INV-5015,5015,2026-04-16,130,325,Paint,method_i_b,0.5,6785A,10.0,0.323,excellent,9,True
BULK-INV-5015-L02,BULK-INV-5015,5015,2026-04-16,130,325,Paint,method_i_b,0.5,6823N-D,5.0,0.342,excellent,10,True
BULK-INV-5015-L02,BULK-INV-5015,5015,2026-04-16,130,325,Paint,method_i_b,0.5,6824N-A,5.0,0.363,excellent,11,True
BULK-INV-5015-L02,BULK-INV-5015,5015,2026-04-16,130,325,Paint,method_i_b,0.5,6822N-C,5.0,0.369,excellent,12,True
BULK-INV-5015-L02,BULK-INV-5015,5015,2026-04-16,130,325,Paint,method_i_b,0.5,6767B,10.0,0.371,excellent,13,True
BULK-INV-5015-L02,BULK-INV-5015,5015,2026-04-16,130,325,Paint,method_i_b,0.5,6828N-A,5.0,0.371,excellent,14,True
BULK-INV-5015-L02,BULK-INV-5015,5015,2026-04-16,130,325,Paint,method_i_b,0.5,6770A,10.0,0.387,excellent,15,True
BULK-INV-5015-L02,BULK-INV-5015,5015,2026-04-16,130,325,Paint,method_i_b,0.5,6784B,7.0,0.396,excellent,16,True
BULK-INV-5015-L02,BULK-INV-5015,5015,2026-04-16,130,325,Paint,method_i_b,0.5,6784A,10.0,0.415,excellent,17,True
BULK-INV-5015-L02,BULK-INV-5015,5015,2026-04-16,130,325,Paint,method_i_b,0.5,6828N-D,5.0,0.446,excellent,18,True
BULK-INV-5015-L02,BULK-INV-5015,5015,2026-04-16,130,325,Paint,method_i_b,0.5,6785B,10.0,0.453,excellent,19,True
BULK-INV-5015-L02,BULK-INV-5015,5015,2026-04-16,130,325,Paint,method_i_b,0.5,6563A,6.0,0.54,excellent,20,True
BULK-INV-5015-L02,BULK-INV-5015,5015,2026-04-16,130,325,Paint,method_i_b,0.5,6822N-D,5.0,0.559,excellent,21,True
BULK-INV-5015-L02,BULK-INV-5015,5015,2026-04-16,130,325,Paint,method_i_b,0.5,6823N-A,5.0,0.602,strict,22,True
BULK-INV-5015-L02,BULK-INV-5015,5015,2026-04-16,130,325,Paint,method_i_b,0.5,6127A,5.0,0.633,strict,23,True
BULK-INV-5015-L02,BULK-INV-5015,5015,2026-04-16,130,325,Paint,method_i_b,0.5,6828N-C,5.0,0.661,strict,24,True
BULK-INV-5015-L02,BULK-INV-5015,5015,2026-04-16,130,325,Paint,method_i_b,0.5,6812B,10.0,0.72,strict,25,True
BULK-INV-5015-L02,BULK-INV-5015,5015,2026-04-16,130,325,Paint,method_i_b,0.5,6812A,10.0,0.836,strict,26,True
BULK-INV-5015-L02,BULK-INV-5015,5015,2026-04-16,130,325,Paint,method_i_b,0.5,6566A,6.0,0.872,strict,27,True
BULK-INV-5015-L02,BULK-INV-5015,5015,2026-04-16,130,325,Paint,method_i_b,0.5,6566A,5.0,0.872,strict,28,True
BULK-INV-5015-L02,BULK-INV-5015,5015,2026-04-16,130,325,Paint,method_i_b,0.5,6778N-B,5.0,1.01,relaxed,29,True
BULK-INV-5015-L02,BULK-INV-5015,5015,2026-04-16,130,325,Paint,method_i_b,0.5,6826N-D,5.0,1.094,relaxed,30,True
BULK-INV-5015-L02,BULK-INV-5015,5015,2026-04-16,130,325,Paint,method_i_b,0.5,6827N-A,5.0,1.231,relaxed,31,True
BULK-INV-5016-L02,BULK-INV-5016,5016,2026-04-17,130,325,Water Based,method_ii,0.5,6778N-B,5.0,0.292,excellent,1,True
BULK-INV-5016-L02,BULK-INV-5016,5016,2026-04-17,130,325,Water Based,method_ii,0.5,6823N-D,5.0,0.493,excellent,2,True
BULK-INV-5016-L02,BULK-INV-5016,5016,2026-04-17,130,325,Water Based,method_ii,0.5,6824N-A,5.0,0.52,excellent,3,True
BULK-INV-5016-L02,BULK-INV-5016,5016,2026-04-17,130,325,Water Based,method_ii,0.5,6823N-C,5.0,0.623,strict,4,True
BULK-INV-5016-L02,BULK-INV-5016,5016,2026-04-17,130,325,Water Based,method_ii,0.5,6823N-A,5.0,0.732,strict,5,True
BULK-INV-5016-L02,BULK-INV-5016,5016,2026-04-17,130,325,Water Based,method_ii,0.5,6822N-D,5.0,0.747,strict,6,True
BULK-INV-5016-L02,BULK-INV-5016,5016,2026-04-17,130,325,Water Based,method_ii,0.5,6828N-D,5.0,0.799,strict,7,True
BULK-INV-5016-L02,BULK-INV-5016,5016,2026-04-17,130,325,Water Based,method_ii,0.5,6563A,6.0,0.929,strict,8,True
BULK-INV-5016-L02,BULK-INV-5016,5016,2026-04-17,130,325,Water Based,method_ii,0.5,6764-B,5.0,0.941,strict,9,True
BULK-INV-5016-L02,BULK-INV-5016,5016,2026-04-17,130,325,Water Based,method_ii,0.5,6768A,5.0,0.957,strict,10,True
BULK-INV-5016-L02,BULK-INV-5016,5016,2026-04-17,130,325,Water Based,method_ii,0.5,6828N-A,5.0,0.974,strict,11,True
BULK-INV-5016-L02,BULK-INV-5016,5016,2026-04-17,130,325,Water Based,method_ii,0.5,6828N-C,5.0,1.052,relaxed,12,True
BULK-INV-5016-L02,BULK-INV-5016,5016,2026-04-17,130,325,Water Based,method_ii,0.5,6822N-C,5.0,1.066,relaxed,13,True
BULK-INV-5016-L02,BULK-INV-5016,5016,2026-04-17,130,325,Water Based,method_ii,0.5,6764-A,10.0,1.175,relaxed,14,True
BULK-INV-5016-L02,BULK-INV-5016,5016,2026-04-17,130,325,Water Based,method_ii,0.5,6127A,5.0,1.205,relaxed,15,True
BULK-INV-5016-L02,BULK-INV-5016,5016,2026-04-17,130,325,Water Based,method_ii,0.5,6767A,10.0,1.397,relaxed,16,True
BULK-INV-5016-L02,BULK-INV-5016,5016,2026-04-17,130,325,Water Based,method_ii,0.5,6566A,6.0,1.422,relaxed,17,True
BULK-INV-5016-L02,BULK-INV-5016,5016,2026-04-17,130,325,Water Based,method_ii,0.5,6566A,5.0,1.422,relaxed,18,True
BULK-INV-5016-L02,BULK-INV-5016,5016,2026-04-17,130,325,Water Based,method_ii,0.5,6785B,10.0,1.449,relaxed,19,True
BULK-INV-5016-L02,BULK-INV-5016,5016,2026-04-17,130,325,Water Based,method_ii,0.5,6767B,10.0,1.465,relaxed,20,True
BULK-INV-5016-L02,BULK-INV-5016,5016,2026-04-17,130,325,Water Based,method_ii,0.5,6812B,10.0,1.476,relaxed,21,True
BULK-INV-5016-L02,BULK-INV-5016,5016,2026-04-17,130,325,Water Based,method_ii,0.5,6784B,7.0,1.546,review,22,True
BULK-INV-5016-L02,BULK-INV-5016,5016,2026-04-17,130,325,Water Based,method_ii,0.5,6782A,10.0,1.575,review,23,True
BULK-INV-5016-L02,BULK-INV-5016,5016,2026-04-17,130,325,Water Based,method_ii,0.5,6784A,10.0,1.581,review,24,True
BULK-INV-5016-L02,BULK-INV-5016,5016,2026-04-17,130,325,Water Based,method_ii,0.5,6781B,2.0,1.623,review,25,True
BULK-INV-5016-L02,BULK-INV-5016,5016,2026-04-17,130,325,Water Based,method_ii,0.5,6785A,10.0,1.688,review,26,True
BULK-INV-5016-L02,BULK-INV-5016,5016,2026-04-17,130,325,Water Based,method_ii,0.5,6826N-D,5.0,1.84,review,27,True
BULK-INV-5016-L02,BULK-INV-5016,5016,2026-04-17,130,325,Water Based,method_ii,0.5,6781A,10.0,1.929,review,28,True
BULK-INV-5016-L02,BULK-INV-5016,5016,2026-04-17,130,325,Water Based,method_ii,0.5,6812A,10.0,1.955,review,29,True
BULK-INV-5016-L02,BULK-INV-5016,5016,2026-04-17,130,325,Water Based,method_ii,0.5,6827N-A,5.0,1.965,review,30,True
BULK-INV-5016-L02,BULK-INV-5016,5016,2026-04-17,130,325,Water Based,method_ii,0.5,6770A,10.0,2.183,review,31,True
BULK-INV-5017-L01,BULK-INV-5017,5017,2026-04-18,130A,3249B,Paint,method_i_b,3.0,6788A,10.0,0.017,excellent,1,True
BULK-INV-5017-L01,BULK-INV-5017,5017,2026-04-18,130A,3249B,Paint,method_i_b,3.0,6787B,7.0,0.07,excellent,2,True
BULK-INV-5017-L01,BULK-INV-5017,5017,2026-04-18,130A,3249B,Paint,method_i_b,3.0,6797B,7.0,0.082,excellent,3,True
BULK-INV-5017-L01,BULK-INV-5017,5017,2026-04-18,130A,3249B,Paint,method_i_b,3.0,6797A,10.0,0.09,excellent,4,True
BULK-INV-5017-L01,BULK-INV-5017,5017,2026-04-18,130A,3249B,Paint,method_i_b,3.0,6787A,10.0,0.101,excellent,5,True
BULK-INV-5017-L01,BULK-INV-5017,5017,2026-04-18,130A,3249B,Paint,method_i_b,3.0,6796B,8.0,0.197,excellent,6,True
BULK-INV-5017-L01,BULK-INV-5017,5017,2026-04-18,130A,3249B,Paint,method_i_b,3.0,6788B,10.0,0.271,excellent,7,True
BULK-INV-5017-L01,BULK-INV-5017,5017,2026-04-18,130A,3249B,Paint,method_i_b,3.0,6796A,10.0,0.331,excellent,8,True
BULK-INV-5017-L01,BULK-INV-5017,5017,2026-04-18,130A,3249B,Paint,method_i_b,3.0,6803B,5.0,0.429,excellent,9,True
BULK-INV-5017-L01,BULK-INV-5017,5017,2026-04-18,130A,3249B,Paint,method_i_b,3.0,6802A,10.0,0.526,excellent,10,True
BULK-INV-5017-L01,BULK-INV-5017,5017,2026-04-18,130A,3249B,Paint,method_i_b,3.0,6801B,4.0,0.59,excellent,11,True
BULK-INV-5017-L01,BULK-INV-5017,5017,2026-04-18,130A,3249B,Paint,method_i_b,3.0,6803A,10.0,0.611,strict,12,True
BULK-INV-5017-L01,BULK-INV-5017,5017,2026-04-18,130A,3249B,Paint,method_i_b,3.0,6822N-A,5.0,0.661,strict,13,True
BULK-INV-5017-L01,BULK-INV-5017,5017,2026-04-18,130A,3249B,Paint,method_i_b,3.0,6833B,10.0,0.708,strict,14,True
BULK-INV-5017-L01,BULK-INV-5017,5017,2026-04-18,130A,3249B,Paint,method_i_b,3.0,6833A,10.0,0.77,strict,15,True
BULK-INV-5017-L01,BULK-INV-5017,5017,2026-04-18,130A,3249B,Paint,method_i_b,3.0,6802B,10.0,0.827,strict,16,True
BULK-INV-5017-L01,BULK-INV-5017,5017,2026-04-18,130A,3249B,Paint,method_i_b,3.0,6548A,4.0,0.833,strict,17,True
BULK-INV-5017-L01,BULK-INV-5017,5017,2026-04-18,130A,3249B,Paint,method_i_b,3.0,6832B,6.0,0.897,strict,18,True
BULK-INV-5017-L01,BULK-INV-5017,5017,2026-04-18,130A,3249B,Paint,method_i_b,3.0,6789A,10.0,0.899,strict,19,True
BULK-INV-5017-L01,BULK-INV-5017,5017,2026-04-18,130A,3249B,Paint,method_i_b,3.0,6801A,10.0,0.915,strict,20,True
BULK-INV-5017-L01,BULK-INV-5017,5017,2026-04-18,130A,3249B,Paint,method_i_b,3.0,6832A,10.0,0.923,strict,21,True
BULK-INV-5017-L01,BULK-INV-5017,5017,2026-04-18,130A,3249B,Paint,method_i_b,3.0,6719N-D,5.0,0.961,strict,22,True
BULK-INV-5017-L01,BULK-INV-5017,5017,2026-04-18,130A,3249B,Paint,method_i_b,3.0,6789B,10.0,1.026,relaxed,23,True
BULK-INV-5017-L01,BULK-INV-5017,5017,2026-04-18,130A,3249B,Paint,method_i_b,3.0,6770B,10.0,1.095,relaxed,24,True
BULK-INV-5017-L01,BULK-INV-5017,5017,2026-04-18,130A,3249B,Paint,method_i_b,3.0,6528A,10.0,1.236,relaxed,25,True
BULK-INV-5017-L01,BULK-INV-5017,5017,2026-04-18,130A,3249B,Paint,method_i_b,3.0,6823N-B,5.0,1.393,relaxed,26,True
BULK-INV-5017-L02,BULK-INV-5017,5017,2026-04-18,130A,3249B,Water Based,method_ii,3.0,6802A,10.0,0.119,excellent,1,True
BULK-INV-5017-L02,BULK-INV-5017,5017,2026-04-18,130A,3249B,Water Based,method_ii,3.0,6796A,10.0,0.161,excellent,2,True
BULK-INV-5017-L02,BULK-INV-5017,5017,2026-04-18,130A,3249B,Water Based,method_ii,3.0,6801A,10.0,0.212,excellent,3,True
BULK-INV-5017-L02,BULK-INV-5017,5017,2026-04-18,130A,3249B,Water Based,method_ii,3.0,6789A,10.0,0.214,excellent,4,True
BULK-INV-5017-L02,BULK-INV-5017,5017,2026-04-18,130A,3249B,Water Based,method_ii,3.0,6822N-A,5.0,0.331,excellent,5,True
BULK-INV-5017-L02,BULK-INV-5017,5017,2026-04-18,130A,3249B,Water Based,method_ii,3.0,6797A,10.0,0.335,excellent,6,True
BULK-INV-5017-L02,BULK-INV-5017,5017,2026-04-18,130A,3249B,Water Based,method_ii,3.0,6787A,10.0,0.35,excellent,7,True
BULK-INV-5017-L02,BULK-INV-5017,5017,2026-04-18,130A,3249B,Water Based,method_ii,3.0,6802B,10.0,0.351,excellent,8,True
BULK-INV-5017-L02,BULK-INV-5017,5017,2026-04-18,130A,3249B,Water Based,method_ii,3.0,6788B,10.0,0.373,excellent,9,True
BULK-INV-5017-L02,BULK-INV-5017,5017,2026-04-18,130A,3249B,Water Based,method_ii,3.0,6796B,8.0,0.375,excellent,10,True
BULK-INV-5017-L02,BULK-INV-5017,5017,2026-04-18,130A,3249B,Water Based,method_ii,3.0,6801B,4.0,0.404,excellent,11,True
BULK-INV-5017-L02,BULK-INV-5017,5017,2026-04-18,130A,3249B,Water Based,method_ii,3.0,6788A,10.0,0.508,excellent,12,True
BULK-INV-5017-L02,BULK-INV-5017,5017,2026-04-18,130A,3249B,Water Based,method_ii,3.0,6797B,7.0,0.685,strict,13,True
BULK-INV-5017-L02,BULK-INV-5017,5017,2026-04-18,130A,3249B,Water Based,method_ii,3.0,6789B,10.0,0.76,strict,14,True
BULK-INV-5017-L02,BULK-INV-5017,5017,2026-04-18,130A,3249B,Water Based,method_ii,3.0,6787B,7.0,0.797,strict,15,True
BULK-INV-5017-L02,BULK-INV-5017,5017,2026-04-18,130A,3249B,Water Based,method_ii,3.0,6548A,4.0,0.904,strict,16,True
BULK-INV-5017-L02,BULK-INV-5017,5017,2026-04-18,130A,3249B,Water Based,method_ii,3.0,6823N-B,5.0,1.056,relaxed,17,True
BULK-INV-5017-L02,BULK-INV-5017,5017,2026-04-18,130A,3249B,Water Based,method_ii,3.0,6833A,10.0,1.074,relaxed,18,True
BULK-INV-5017-L02,BULK-INV-5017,5017,2026-04-18,130A,3249B,Water Based,method_ii,3.0,6719N-D,5.0,1.165,relaxed,19,True
BULK-INV-5017-L02,BULK-INV-5017,5017,2026-04-18,130A,3249B,Water Based,method_ii,3.0,6803B,5.0,1.196,relaxed,20,True
BULK-INV-5017-L02,BULK-INV-5017,5017,2026-04-18,130A,3249B,Water Based,method_ii,3.0,6803A,10.0,1.227,relaxed,21,True
BULK-INV-5017-L02,BULK-INV-5017,5017,2026-04-18,130A,3249B,Water Based,method_ii,3.0,6832A,10.0,1.584,review,22,True
BULK-INV-5017-L02,BULK-INV-5017,5017,2026-04-18,130A,3249B,Water Based,method_ii,3.0,6832B,6.0,1.699,review,23,True
BULK-INV-5017-L02,BULK-INV-5017,5017,2026-04-18,130A,3249B,Water Based,method_ii,3.0,6833B,10.0,2.032,review,24,True
BULK-INV-5017-L02,BULK-INV-5017,5017,2026-04-18,130A,3249B,Water Based,method_ii,3.0,6528A,10.0,2.171,review,25,True
BULK-INV-5017-L02,BULK-INV-5017,5017,2026-04-18,130A,3249B,Water Based,method_ii,3.0,6770B,10.0,2.281,review,26,True
BULK-INV-5018-L01,BULK-INV-5018,5018,2026-04-19,130A,3249B,Water Based,method_ii,0.5,6802A,10.0,0.119,excellent,1,True
BULK-INV-5018-L01,BULK-INV-5018,5018,2026-04-19,130A,3249B,Water Based,method_ii,0.5,6796A,10.0,0.161,excellent,2,True
BULK-INV-5018-L01,BULK-INV-5018,5018,2026-04-19,130A,3249B,Water Based,method_ii,0.5,6801A,10.0,0.212,excellent,3,True
BULK-INV-5018-L01,BULK-INV-5018,5018,2026-04-19,130A,3249B,Water Based,method_ii,0.5,6789A,10.0,0.214,excellent,4,True
BULK-INV-5018-L01,BULK-INV-5018,5018,2026-04-19,130A,3249B,Water Based,method_ii,0.5,6822N-A,5.0,0.331,excellent,5,True
BULK-INV-5018-L01,BULK-INV-5018,5018,2026-04-19,130A,3249B,Water Based,method_ii,0.5,6797A,10.0,0.335,excellent,6,True
BULK-INV-5018-L01,BULK-INV-5018,5018,2026-04-19,130A,3249B,Water Based,method_ii,0.5,6787A,10.0,0.35,excellent,7,True
BULK-INV-5018-L01,BULK-INV-5018,5018,2026-04-19,130A,3249B,Water Based,method_ii,0.5,6802B,10.0,0.351,excellent,8,True
BULK-INV-5018-L01,BULK-INV-5018,5018,2026-04-19,130A,3249B,Water Based,method_ii,0.5,6788B,10.0,0.373,excellent,9,True
BULK-INV-5018-L01,BULK-INV-5018,5018,2026-04-19,130A,3249B,Water Based,method_ii,0.5,6796B,8.0,0.375,excellent,10,True
BULK-INV-5018-L01,BULK-INV-5018,5018,2026-04-19,130A,3249B,Water Based,method_ii,0.5,6801B,4.0,0.404,excellent,11,True
BULK-INV-5018-L01,BULK-INV-5018,5018,2026-04-19,130A,3249B,Water Based,method_ii,0.5,6788A,10.0,0.508,excellent,12,True
BULK-INV-5018-L01,BULK-INV-5018,5018,2026-04-19,130A,3249B,Water Based,method_ii,0.5,6797B,7.0,0.685,strict,13,True
BULK-INV-5018-L01,BULK-INV-5018,5018,2026-04-19,130A,3249B,Water Based,method_ii,0.5,6789B,10.0,0.76,strict,14,True
BULK-INV-5018-L01,BULK-INV-5018,5018,2026-04-19,130A,3249B,Water Based,method_ii,0.5,6787B,7.0,0.797,strict,15,True
BULK-INV-5018-L01,BULK-INV-5018,5018,2026-04-19,130A,3249B,Water Based,method_ii,0.5,6548A,4.0,0.904,strict,16,True
BULK-INV-5018-L01,BULK-INV-5018,5018,2026-04-19,130A,3249B,Water Based,method_ii,0.5,6823N-B,5.0,1.056,relaxed,17,True
BULK-INV-5018-L01,BULK-INV-5018,5018,2026-04-19,130A,3249B,Water Based,method_ii,0.5,6833A,10.0,1.074,relaxed,18,True
BULK-INV-5018-L01,BULK-INV-5018,5018,2026-04-19,130A,3249B,Water Based,method_ii,0.5,6719N-D,5.0,1.165,relaxed,19,True
BULK-INV-5018-L01,BULK-INV-5018,5018,2026-04-19,130A,3249B,Water Based,method_ii,0.5,6803B,5.0,1.196,relaxed,20,True
BULK-INV-5018-L01,BULK-INV-5018,5018,2026-04-19,130A,3249B,Water Based,method_ii,0.5,6803A,10.0,1.227,relaxed,21,True
BULK-INV-5018-L01,BULK-INV-5018,5018,2026-04-19,130A,3249B,Water Based,method_ii,0.5,6832A,10.0,1.584,review,22,True
BULK-INV-5018-L01,BULK-INV-5018,5018,2026-04-19,130A,3249B,Water Based,method_ii,0.5,6832B,6.0,1.699,review,23,True
BULK-INV-5018-L01,BULK-INV-5018,5018,2026-04-19,130A,3249B,Water Based,method_ii,0.5,6833B,10.0,2.032,review,24,True
BULK-INV-5018-L01,BULK-INV-5018,5018,2026-04-19,130A,3249B,Water Based,method_ii,0.5,6528A,10.0,2.171,review,25,True
BULK-INV-5018-L01,BULK-INV-5018,5018,2026-04-19,130A,3249B,Water Based,method_ii,0.5,6770B,10.0,2.281,review,26,True
BULK-INV-5019-L01,BULK-INV-5019,5019,2026-04-20,130,325,Paint,method_i_b,1.25,6764-B,5.0,0.13,excellent,1,True
BULK-INV-5019-L01,BULK-INV-5019,5019,2026-04-20,130,325,Paint,method_i_b,1.25,6767A,10.0,0.269,excellent,2,True
BULK-INV-5019-L01,BULK-INV-5019,5019,2026-04-20,130,325,Paint,method_i_b,1.25,6823N-C,5.0,0.269,excellent,3,True
BULK-INV-5019-L01,BULK-INV-5019,5019,2026-04-20,130,325,Paint,method_i_b,1.25,6768A,5.0,0.284,excellent,4,True
BULK-INV-5019-L01,BULK-INV-5019,5019,2026-04-20,130,325,Paint,method_i_b,1.25,6764-A,10.0,0.297,excellent,5,True
BULK-INV-5019-L01,BULK-INV-5019,5019,2026-04-20,130,325,Paint,method_i_b,1.25,6782A,10.0,0.297,excellent,6,True
BULK-INV-5019-L01,BULK-INV-5019,5019,2026-04-20,130,325,Paint,method_i_b,1.25,6781A,10.0,0.309,excellent,7,True
BULK-INV-5019-L01,BULK-INV-5019,5019,2026-04-20,130,325,Paint,method_i_b,1.25,6781B,2.0,0.311,excellent,8,True
BULK-INV-5019-L01,BULK-INV-5019,5019,2026-04-20,130,325,Paint,method_i_b,1.25,6785A,10.0,0.323,excellent,9,True
BULK-INV-5019-L01,BULK-INV-5019,5019,2026-04-20,130,325,Paint,method_i_b,1.25,6823N-D,5.0,0.342,excellent,10,True
BULK-INV-5019-L01,BULK-INV-5019,5019,2026-04-20,130,325,Paint,method_i_b,1.25,6824N-A,5.0,0.363,excellent,11,True
BULK-INV-5019-L01,BULK-INV-5019,5019,2026-04-20,130,325,Paint,method_i_b,1.25,6822N-C,5.0,0.369,excellent,12,True
BULK-INV-5019-L01,BULK-INV-5019,5019,2026-04-20,130,325,Paint,method_i_b,1.25,6767B,10.0,0.371,excellent,13,True
BULK-INV-5019-L01,BULK-INV-5019,5019,2026-04-20,130,325,Paint,method_i_b,1.25,6828N-A,5.0,0.371,excellent,14,True
BULK-INV-5019-L01,BULK-INV-5019,5019,2026-04-20,130,325,Paint,method_i_b,1.25,6770A,10.0,0.387,excellent,15,True
BULK-INV-5019-L01,BULK-INV-5019,5019,2026-04-20,130,325,Paint,method_i_b,1.25,6784B,7.0,0.396,excellent,16,True
BULK-INV-5019-L01,BULK-INV-5019,5019,2026-04-20,130,325,Paint,method_i_b,1.25,6784A,10.0,0.415,excellent,17,True
BULK-INV-5019-L01,BULK-INV-5019,5019,2026-04-20,130,325,Paint,method_i_b,1.25,6828N-D,5.0,0.446,excellent,18,True
BULK-INV-5019-L01,BULK-INV-5019,5019,2026-04-20,130,325,Paint,method_i_b,1.25,6785B,10.0,0.453,excellent,19,True
BULK-INV-5019-L01,BULK-INV-5019,5019,2026-04-20,130,325,Paint,method_i_b,1.25,6563A,6.0,0.54,excellent,20,True
BULK-INV-5019-L01,BULK-INV-5019,5019,2026-04-20,130,325,Paint,method_i_b,1.25,6822N-D,5.0,0.559,excellent,21,True
BULK-INV-5019-L01,BULK-INV-5019,5019,2026-04-20,130,325,Paint,method_i_b,1.25,6823N-A,5.0,0.602,strict,22,True
BULK-INV-5019-L01,BULK-INV-5019,5019,2026-04-20,130,325,Paint,method_i_b,1.25,6127A,5.0,0.633,strict,23,True
BULK-INV-5019-L01,BULK-INV-5019,5019,2026-04-20,130,325,Paint,method_i_b,1.25,6828N-C,5.0,0.661,strict,24,True
BULK-INV-5019-L01,BULK-INV-5019,5019,2026-04-20,130,325,Paint,method_i_b,1.25,6812B,10.0,0.72,strict,25,True
BULK-INV-5019-L01,BULK-INV-5019,5019,2026-04-20,130,325,Paint,method_i_b,1.25,6812A,10.0,0.836,strict,26,True
BULK-INV-5019-L01,BULK-INV-5019,5019,2026-04-20,130,325,Paint,method_i_b,1.25,6566A,6.0,0.872,strict,27,True
BULK-INV-5019-L01,BULK-INV-5019,5019,2026-04-20,130,325,Paint,method_i_b,1.25,6566A,5.0,0.872,strict,28,True
BULK-INV-5019-L01,BULK-INV-5019,5019,2026-04-20,130,325,Paint,method_i_b,1.25,6778N-B,5.0,1.01,relaxed,29,True
BULK-INV-5019-L01,BULK-INV-5019,5019,2026-04-20,130,325,Paint,method_i_b,1.25,6826N-D,5.0,1.094,relaxed,30,True
BULK-INV-5019-L01,BULK-INV-5019,5019,2026-04-20,130,325,Paint,method_i_b,1.25,6827N-A,5.0,1.231,relaxed,31,True
BULK-INV-5019-L02,BULK-INV-5019,5019,2026-04-20,130A,3249B,Paint,method_i_b,2.5,6788A,10.0,0.017,excellent,1,True
BULK-INV-5019-L02,BULK-INV-5019,5019,2026-04-20,130A,3249B,Paint,method_i_b,2.5,6787B,7.0,0.07,excellent,2,True
BULK-INV-5019-L02,BULK-INV-5019,5019,2026-04-20,130A,3249B,Paint,method_i_b,2.5,6797B,7.0,0.082,excellent,3,True
BULK-INV-5019-L02,BULK-INV-5019,5019,2026-04-20,130A,3249B,Paint,method_i_b,2.5,6797A,10.0,0.09,excellent,4,True
BULK-INV-5019-L02,BULK-INV-5019,5019,2026-04-20,130A,3249B,Paint,method_i_b,2.5,6787A,10.0,0.101,excellent,5,True
BULK-INV-5019-L02,BULK-INV-5019,5019,2026-04-20,130A,3249B,Paint,method_i_b,2.5,6796B,8.0,0.197,excellent,6,True
BULK-INV-5019-L02,BULK-INV-5019,5019,2026-04-20,130A,3249B,Paint,method_i_b,2.5,6788B,10.0,0.271,excellent,7,True
BULK-INV-5019-L02,BULK-INV-5019,5019,2026-04-20,130A,3249B,Paint,method_i_b,2.5,6796A,10.0,0.331,excellent,8,True
BULK-INV-5019-L02,BULK-INV-5019,5019,2026-04-20,130A,3249B,Paint,method_i_b,2.5,6803B,5.0,0.429,excellent,9,True
BULK-INV-5019-L02,BULK-INV-5019,5019,2026-04-20,130A,3249B,Paint,method_i_b,2.5,6802A,10.0,0.526,excellent,10,True
BULK-INV-5019-L02,BULK-INV-5019,5019,2026-04-20,130A,3249B,Paint,method_i_b,2.5,6801B,4.0,0.59,excellent,11,True
BULK-INV-5019-L02,BULK-INV-5019,5019,2026-04-20,130A,3249B,Paint,method_i_b,2.5,6803A,10.0,0.611,strict,12,True
BULK-INV-5019-L02,BULK-INV-5019,5019,2026-04-20,130A,3249B,Paint,method_i_b,2.5,6822N-A,5.0,0.661,strict,13,True
BULK-INV-5019-L02,BULK-INV-5019,5019,2026-04-20,130A,3249B,Paint,method_i_b,2.5,6833B,10.0,0.708,strict,14,True
BULK-INV-5019-L02,BULK-INV-5019,5019,2026-04-20,130A,3249B,Paint,method_i_b,2.5,6833A,10.0,0.77,strict,15,True
BULK-INV-5019-L02,BULK-INV-5019,5019,2026-04-20,130A,3249B,Paint,method_i_b,2.5,6802B,10.0,0.827,strict,16,True
BULK-INV-5019-L02,BULK-INV-5019,5019,2026-04-20,130A,3249B,Paint,method_i_b,2.5,6548A,4.0,0.833,strict,17,True
BULK-INV-5019-L02,BULK-INV-5019,5019,2026-04-20,130A,3249B,Paint,method_i_b,2.5,6832B,6.0,0.897,strict,18,True
BULK-INV-5019-L02,BULK-INV-5019,5019,2026-04-20,130A,3249B,Paint,method_i_b,2.5,6789A,10.0,0.899,strict,19,True
BULK-INV-5019-L02,BULK-INV-5019,5019,2026-04-20,130A,3249B,Paint,method_i_b,2.5,6801A,10.0,0.915,strict,20,True
BULK-INV-5019-L02,BULK-INV-5019,5019,2026-04-20,130A,3249B,Paint,method_i_b,2.5,6832A,10.0,0.923,strict,21,True
BULK-INV-5019-L02,BULK-INV-5019,5019,2026-04-20,130A,3249B,Paint,method_i_b,2.5,6719N-D,5.0,0.961,strict,22,True
BULK-INV-5019-L02,BULK-INV-5019,5019,2026-04-20,130A,3249B,Paint,method_i_b,2.5,6789B,10.0,1.026,relaxed,23,True
BULK-INV-5019-L02,BULK-INV-5019,5019,2026-04-20,130A,3249B,Paint,method_i_b,2.5,6770B,10.0,1.095,relaxed,24,True
BULK-INV-5019-L02,BULK-INV-5019,5019,2026-04-20,130A,3249B,Paint,method_i_b,2.5,6528A,10.0,1.236,relaxed,25,True
BULK-INV-5019-L02,BULK-INV-5019,5019,2026-04-20,130A,3249B,Paint,method_i_b,2.5,6823N-B,5.0,1.393,relaxed,26,True
BULK-INV-5020-L01,BULK-INV-5020,5020,2026-04-21,130,325,Water Based,method_ii,3.5,6778N-B,5.0,0.292,excellent,1,True
BULK-INV-5020-L01,BULK-INV-5020,5020,2026-04-21,130,325,Water Based,method_ii,3.5,6823N-D,5.0,0.493,excellent,2,True
BULK-INV-5020-L01,BULK-INV-5020,5020,2026-04-21,130,325,Water Based,method_ii,3.5,6824N-A,5.0,0.52,excellent,3,True
BULK-INV-5020-L01,BULK-INV-5020,5020,2026-04-21,130,325,Water Based,method_ii,3.5,6823N-C,5.0,0.623,strict,4,True
BULK-INV-5020-L01,BULK-INV-5020,5020,2026-04-21,130,325,Water Based,method_ii,3.5,6823N-A,5.0,0.732,strict,5,True
BULK-INV-5020-L01,BULK-INV-5020,5020,2026-04-21,130,325,Water Based,method_ii,3.5,6822N-D,5.0,0.747,strict,6,True
BULK-INV-5020-L01,BULK-INV-5020,5020,2026-04-21,130,325,Water Based,method_ii,3.5,6828N-D,5.0,0.799,strict,7,True
BULK-INV-5020-L01,BULK-INV-5020,5020,2026-04-21,130,325,Water Based,method_ii,3.5,6563A,6.0,0.929,strict,8,True
BULK-INV-5020-L01,BULK-INV-5020,5020,2026-04-21,130,325,Water Based,method_ii,3.5,6764-B,5.0,0.941,strict,9,True
BULK-INV-5020-L01,BULK-INV-5020,5020,2026-04-21,130,325,Water Based,method_ii,3.5,6768A,5.0,0.957,strict,10,True
BULK-INV-5020-L01,BULK-INV-5020,5020,2026-04-21,130,325,Water Based,method_ii,3.5,6828N-A,5.0,0.974,strict,11,True
BULK-INV-5020-L01,BULK-INV-5020,5020,2026-04-21,130,325,Water Based,method_ii,3.5,6828N-C,5.0,1.052,relaxed,12,True
BULK-INV-5020-L01,BULK-INV-5020,5020,2026-04-21,130,325,Water Based,method_ii,3.5,6822N-C,5.0,1.066,relaxed,13,True
BULK-INV-5020-L01,BULK-INV-5020,5020,2026-04-21,130,325,Water Based,method_ii,3.5,6764-A,10.0,1.175,relaxed,14,True
BULK-INV-5020-L01,BULK-INV-5020,5020,2026-04-21,130,325,Water Based,method_ii,3.5,6127A,5.0,1.205,relaxed,15,True
BULK-INV-5020-L01,BULK-INV-5020,5020,2026-04-21,130,325,Water Based,method_ii,3.5,6767A,10.0,1.397,relaxed,16,True
BULK-INV-5020-L01,BULK-INV-5020,5020,2026-04-21,130,325,Water Based,method_ii,3.5,6566A,6.0,1.422,relaxed,17,True
BULK-INV-5020-L01,BULK-INV-5020,5020,2026-04-21,130,325,Water Based,method_ii,3.5,6566A,5.0,1.422,relaxed,18,True
BULK-INV-5020-L01,BULK-INV-5020,5020,2026-04-21,130,325,Water Based,method_ii,3.5,6785B,10.0,1.449,relaxed,19,True
BULK-INV-5020-L01,BULK-INV-5020,5020,2026-04-21,130,325,Water Based,method_ii,3.5,6767B,10.0,1.465,relaxed,20,True
BULK-INV-5020-L01,BULK-INV-5020,5020,2026-04-21,130,325,Water Based,method_ii,3.5,6812B,10.0,1.476,relaxed,21,True
BULK-INV-5020-L01,BULK-INV-5020,5020,2026-04-21,130,325,Water Based,method_ii,3.5,6784B,7.0,1.546,review,22,True
BULK-INV-5020-L01,BULK-INV-5020,5020,2026-04-21,130,325,Water Based,method_ii,3.5,6782A,10.0,1.575,review,23,True
BULK-INV-5020-L01,BULK-INV-5020,5020,2026-04-21,130,325,Water Based,method_ii,3.5,6784A,10.0,1.581,review,24,True
BULK-INV-5020-L01,BULK-INV-5020,5020,2026-04-21,130,325,Water Based,method_ii,3.5,6781B,2.0,1.623,review,25,False
BULK-INV-5020-L01,BULK-INV-5020,5020,2026-04-21,130,325,Water Based,method_ii,3.5,6785A,10.0,1.688,review,26,True
BULK-INV-5020-L01,BULK-INV-5020,5020,2026-04-21,130,325,Water Based,method_ii,3.5,6826N-D,5.0,1.84,review,27,True
BULK-INV-5020-L01,BULK-INV-5020,5020,2026-04-21,130,325,Water Based,method_ii,3.5,6781A,10.0,1.929,review,28,True
BULK-INV-5020-L01,BULK-INV-5020,5020,2026-04-21,130,325,Water Based,method_ii,3.5,6812A,10.0,1.955,review,29,True
BULK-INV-5020-L01,BULK-INV-5020,5020,2026-04-21,130,325,Water Based,method_ii,3.5,6827N-A,5.0,1.965,review,30,True
BULK-INV-5020-L01,BULK-INV-5020,5020,2026-04-21,130,325,Water Based,method_ii,3.5,6770A,10.0,2.183,review,31,True
BULK-INV-5022-L01,BULK-INV-5022,5022,2026-04-23,130A,3249B,Water Based,method_ii,1.5,6802A,10.0,0.119,excellent,1,True
BULK-INV-5022-L01,BULK-INV-5022,5022,2026-04-23,130A,3249B,Water Based,method_ii,1.5,6796A,10.0,0.161,excellent,2,True
BULK-INV-5022-L01,BULK-INV-5022,5022,2026-04-23,130A,3249B,Water Based,method_ii,1.5,6801A,10.0,0.212,excellent,3,True
BULK-INV-5022-L01,BULK-INV-5022,5022,2026-04-23,130A,3249B,Water Based,method_ii,1.5,6789A,10.0,0.214,excellent,4,True
BULK-INV-5022-L01,BULK-INV-5022,5022,2026-04-23,130A,3249B,Water Based,method_ii,1.5,6822N-A,5.0,0.331,excellent,5,True
BULK-INV-5022-L01,BULK-INV-5022,5022,2026-04-23,130A,3249B,Water Based,method_ii,1.5,6797A,10.0,0.335,excellent,6,True
BULK-INV-5022-L01,BULK-INV-5022,5022,2026-04-23,130A,3249B,Water Based,method_ii,1.5,6787A,10.0,0.35,excellent,7,True
BULK-INV-5022-L01,BULK-INV-5022,5022,2026-04-23,130A,3249B,Water Based,method_ii,1.5,6802B,10.0,0.351,excellent,8,True
BULK-INV-5022-L01,BULK-INV-5022,5022,2026-04-23,130A,3249B,Water Based,method_ii,1.5,6788B,10.0,0.373,excellent,9,True
BULK-INV-5022-L01,BULK-INV-5022,5022,2026-04-23,130A,3249B,Water Based,method_ii,1.5,6796B,8.0,0.375,excellent,10,True
BULK-INV-5022-L01,BULK-INV-5022,5022,2026-04-23,130A,3249B,Water Based,method_ii,1.5,6801B,4.0,0.404,excellent,11,True
BULK-INV-5022-L01,BULK-INV-5022,5022,2026-04-23,130A,3249B,Water Based,method_ii,1.5,6788A,10.0,0.508,excellent,12,True
BULK-INV-5022-L01,BULK-INV-5022,5022,2026-04-23,130A,3249B,Water Based,method_ii,1.5,6797B,7.0,0.685,strict,13,True
BULK-INV-5022-L01,BULK-INV-5022,5022,2026-04-23,130A,3249B,Water Based,method_ii,1.5,6789B,10.0,0.76,strict,14,True
BULK-INV-5022-L01,BULK-INV-5022,5022,2026-04-23,130A,3249B,Water Based,method_ii,1.5,6787B,7.0,0.797,strict,15,True
BULK-INV-5022-L01,BULK-INV-5022,5022,2026-04-23,130A,3249B,Water Based,method_ii,1.5,6548A,4.0,0.904,strict,16,True
BULK-INV-5022-L01,BULK-INV-5022,5022,2026-04-23,130A,3249B,Water Based,method_ii,1.5,6823N-B,5.0,1.056,relaxed,17,True
BULK-INV-5022-L01,BULK-INV-5022,5022,2026-04-23,130A,3249B,Water Based,method_ii,1.5,6833A,10.0,1.074,relaxed,18,True
BULK-INV-5022-L01,BULK-INV-5022,5022,2026-04-23,130A,3249B,Water Based,method_ii,1.5,6719N-D,5.0,1.165,relaxed,19,True
BULK-INV-5022-L01,BULK-INV-5022,5022,2026-04-23,130A,3249B,Water Based,method_ii,1.5,6803B,5.0,1.196,relaxed,20,True
BULK-INV-5022-L01,BULK-INV-5022,5022,2026-04-23,130A,3249B,Water Based,method_ii,1.5,6803A,10.0,1.227,relaxed,21,True
BULK-INV-5022-L01,BULK-INV-5022,5022,2026-04-23,130A,3249B,Water Based,method_ii,1.5,6832A,10.0,1.584,review,22,True
BULK-INV-5022-L01,BULK-INV-5022,5022,2026-04-23,130A,3249B,Water Based,method_ii,1.5,6832B,6.0,1.699,review,23,True
BULK-INV-5022-L01,BULK-INV-5022,5022,2026-04-23,130A,3249B,Water Based,method_ii,1.5,6833B,10.0,2.032,review,24,True
BULK-INV-5022-L01,BULK-INV-5022,5022,2026-04-23,130A,3249B,Water Based,method_ii,1.5,6528A,10.0,2.171,review,25,True
BULK-INV-5022-L01,BULK-INV-5022,5022,2026-04-23,130A,3249B,Water Based,method_ii,1.5,6770B,10.0,2.281,review,26,True
BULK-INV-5022-L02,BULK-INV-5022,5022,2026-04-23,130,325,Water Based,method_ii,0.5,6778N-B,5.0,0.292,excellent,1,True
BULK-INV-5022-L02,BULK-INV-5022,5022,2026-04-23,130,325,Water Based,method_ii,0.5,6823N-D,5.0,0.493,excellent,2,True
BULK-INV-5022-L02,BULK-INV-5022,5022,2026-04-23,130,325,Water Based,method_ii,0.5,6824N-A,5.0,0.52,excellent,3,True
BULK-INV-5022-L02,BULK-INV-5022,5022,2026-04-23,130,325,Water Based,method_ii,0.5,6823N-C,5.0,0.623,strict,4,True
BULK-INV-5022-L02,BULK-INV-5022,5022,2026-04-23,130,325,Water Based,method_ii,0.5,6823N-A,5.0,0.732,strict,5,True
BULK-INV-5022-L02,BULK-INV-5022,5022,2026-04-23,130,325,Water Based,method_ii,0.5,6822N-D,5.0,0.747,strict,6,True
BULK-INV-5022-L02,BULK-INV-5022,5022,2026-04-23,130,325,Water Based,method_ii,0.5,6828N-D,5.0,0.799,strict,7,True
BULK-INV-5022-L02,BULK-INV-5022,5022,2026-04-23,130,325,Water Based,method_ii,0.5,6563A,6.0,0.929,strict,8,True
BULK-INV-5022-L02,BULK-INV-5022,5022,2026-04-23,130,325,Water Based,method_ii,0.5,6764-B,5.0,0.941,strict,9,True
BULK-INV-5022-L02,BULK-INV-5022,5022,2026-04-23,130,325,Water Based,method_ii,0.5,6768A,5.0,0.957,strict,10,True
BULK-INV-5022-L02,BULK-INV-5022,5022,2026-04-23,130,325,Water Based,method_ii,0.5,6828N-A,5.0,0.974,strict,11,True
BULK-INV-5022-L02,BULK-INV-5022,5022,2026-04-23,130,325,Water Based,method_ii,0.5,6828N-C,5.0,1.052,relaxed,12,True
BULK-INV-5022-L02,BULK-INV-5022,5022,2026-04-23,130,325,Water Based,method_ii,0.5,6822N-C,5.0,1.066,relaxed,13,True
BULK-INV-5022-L02,BULK-INV-5022,5022,2026-04-23,130,325,Water Based,method_ii,0.5,6764-A,10.0,1.175,relaxed,14,True
BULK-INV-5022-L02,BULK-INV-5022,5022,2026-04-23,130,325,Water Based,method_ii,0.5,6127A,5.0,1.205,relaxed,15,True
BULK-INV-5022-L02,BULK-INV-5022,5022,2026-04-23,130,325,Water Based,method_ii,0.5,6767A,10.0,1.397,relaxed,16,True
BULK-INV-5022-L02,BULK-INV-5022,5022,2026-04-23,130,325,Water Based,method_ii,0.5,6566A,6.0,1.422,relaxed,17,True
BULK-INV-5022-L02,BULK-INV-5022,5022,2026-04-23,130,325,Water Based,method_ii,0.5,6566A,5.0,1.422,relaxed,18,True
BULK-INV-5022-L02,BULK-INV-5022,5022,2026-04-23,130,325,Water Based,method_ii,0.5,6785B,10.0,1.449,relaxed,19,True
BULK-INV-5022-L02,BULK-INV-5022,5022,2026-04-23,130,325,Water Based,method_ii,0.5,6767B,10.0,1.465,relaxed,20,True
BULK-INV-5022-L02,BULK-INV-5022,5022,2026-04-23,130,325,Water Based,method_ii,0.5,6812B,10.0,1.476,relaxed,21,True
BULK-INV-5022-L02,BULK-INV-5022,5022,2026-04-23,130,325,Water Based,method_ii,0.5,6784B,7.0,1.546,review,22,True
BULK-INV-5022-L02,BULK-INV-5022,5022,2026-04-23,130,325,Water Based,method_ii,0.5,6782A,10.0,1.575,review,23,True
BULK-INV-5022-L02,BULK-INV-5022,5022,2026-04-23,130,325,Water Based,method_ii,0.5,6784A,10.0,1.581,review,24,True
BULK-INV-5022-L02,BULK-INV-5022,5022,2026-04-23,130,325,Water Based,method_ii,0.5,6781B,2.0,1.623,review,25,True
BULK-INV-5022-L02,BULK-INV-5022,5022,2026-04-23,130,325,Water Based,method_ii,0.5,6785A,10.0,1.688,review,26,True
BULK-INV-5022-L02,BULK-INV-5022,5022,2026-04-23,130,325,Water Based,method_ii,0.5,6826N-D,5.0,1.84,review,27,True
BULK-INV-5022-L02,BULK-INV-5022,5022,2026-04-23,130,325,Water Based,method_ii,0.5,6781A,10.0,1.929,review,28,True
BULK-INV-5022-L02,BULK-INV-5022,5022,2026-04-23,130,325,Water Based,method_ii,0.5,6812A,10.0,1.955,review,29,True
BULK-INV-5022-L02,BULK-INV-5022,5022,2026-04-23,130,325,Water Based,method_ii,0.5,6827N-A,5.0,1.965,review,30,True
BULK-INV-5022-L02,BULK-INV-5022,5022,2026-04-23,130,325,Water Based,method_ii,0.5,6770A,10.0,2.183,review,31,True
BULK-INV-5023-L01,BULK-INV-5023,5023,2026-04-24,130A,3249B,Paint,method_i_b,2.5,6788A,10.0,0.017,excellent,1,True
BULK-INV-5023-L01,BULK-INV-5023,5023,2026-04-24,130A,3249B,Paint,method_i_b,2.5,6787B,7.0,0.07,excellent,2,True
BULK-INV-5023-L01,BULK-INV-5023,5023,2026-04-24,130A,3249B,Paint,method_i_b,2.5,6797B,7.0,0.082,excellent,3,True
BULK-INV-5023-L01,BULK-INV-5023,5023,2026-04-24,130A,3249B,Paint,method_i_b,2.5,6797A,10.0,0.09,excellent,4,True
BULK-INV-5023-L01,BULK-INV-5023,5023,2026-04-24,130A,3249B,Paint,method_i_b,2.5,6787A,10.0,0.101,excellent,5,True
BULK-INV-5023-L01,BULK-INV-5023,5023,2026-04-24,130A,3249B,Paint,method_i_b,2.5,6796B,8.0,0.197,excellent,6,True
BULK-INV-5023-L01,BULK-INV-5023,5023,2026-04-24,130A,3249B,Paint,method_i_b,2.5,6788B,10.0,0.271,excellent,7,True
BULK-INV-5023-L01,BULK-INV-5023,5023,2026-04-24,130A,3249B,Paint,method_i_b,2.5,6796A,10.0,0.331,excellent,8,True
BULK-INV-5023-L01,BULK-INV-5023,5023,2026-04-24,130A,3249B,Paint,method_i_b,2.5,6803B,5.0,0.429,excellent,9,True
BULK-INV-5023-L01,BULK-INV-5023,5023,2026-04-24,130A,3249B,Paint,method_i_b,2.5,6802A,10.0,0.526,excellent,10,True
BULK-INV-5023-L01,BULK-INV-5023,5023,2026-04-24,130A,3249B,Paint,method_i_b,2.5,6801B,4.0,0.59,excellent,11,True
BULK-INV-5023-L01,BULK-INV-5023,5023,2026-04-24,130A,3249B,Paint,method_i_b,2.5,6803A,10.0,0.611,strict,12,True
BULK-INV-5023-L01,BULK-INV-5023,5023,2026-04-24,130A,3249B,Paint,method_i_b,2.5,6822N-A,5.0,0.661,strict,13,True
BULK-INV-5023-L01,BULK-INV-5023,5023,2026-04-24,130A,3249B,Paint,method_i_b,2.5,6833B,10.0,0.708,strict,14,True
BULK-INV-5023-L01,BULK-INV-5023,5023,2026-04-24,130A,3249B,Paint,method_i_b,2.5,6833A,10.0,0.77,strict,15,True
BULK-INV-5023-L01,BULK-INV-5023,5023,2026-04-24,130A,3249B,Paint,method_i_b,2.5,6802B,10.0,0.827,strict,16,True
BULK-INV-5023-L01,BULK-INV-5023,5023,2026-04-24,130A,3249B,Paint,method_i_b,2.5,6548A,4.0,0.833,strict,17,True
BULK-INV-5023-L01,BULK-INV-5023,5023,2026-04-24,130A,3249B,Paint,method_i_b,2.5,6832B,6.0,0.897,strict,18,True
BULK-INV-5023-L01,BULK-INV-5023,5023,2026-04-24,130A,3249B,Paint,method_i_b,2.5,6789A,10.0,0.899,strict,19,True
BULK-INV-5023-L01,BULK-INV-5023,5023,2026-04-24,130A,3249B,Paint,method_i_b,2.5,6801A,10.0,0.915,strict,20,True
BULK-INV-5023-L01,BULK-INV-5023,5023,2026-04-24,130A,3249B,Paint,method_i_b,2.5,6832A,10.0,0.923,strict,21,True
BULK-INV-5023-L01,BULK-INV-5023,5023,2026-04-24,130A,3249B,Paint,method_i_b,2.5,6719N-D,5.0,0.961,strict,22,True
BULK-INV-5023-L01,BULK-INV-5023,5023,2026-04-24,130A,3249B,Paint,method_i_b,2.5,6789B,10.0,1.026,relaxed,23,True
BULK-INV-5023-L01,BULK-INV-5023,5023,2026-04-24,130A,3249B,Paint,method_i_b,2.5,6770B,10.0,1.095,relaxed,24,True
BULK-INV-5023-L01,BULK-INV-5023,5023,2026-04-24,130A,3249B,Paint,method_i_b,2.5,6528A,10.0,1.236,relaxed,25,True
BULK-INV-5023-L01,BULK-INV-5023,5023,2026-04-24,130A,3249B,Paint,method_i_b,2.5,6823N-B,5.0,1.393,relaxed,26,True
BULK-INV-5024-L01,BULK-INV-5024,5024,2026-04-25,130A,3249B,Water Based,method_ii,3.0,6802A,10.0,0.119,excellent,1,True
BULK-INV-5024-L01,BULK-INV-5024,5024,2026-04-25,130A,3249B,Water Based,method_ii,3.0,6796A,10.0,0.161,excellent,2,True
BULK-INV-5024-L01,BULK-INV-5024,5024,2026-04-25,130A,3249B,Water Based,method_ii,3.0,6801A,10.0,0.212,excellent,3,True
BULK-INV-5024-L01,BULK-INV-5024,5024,2026-04-25,130A,3249B,Water Based,method_ii,3.0,6789A,10.0,0.214,excellent,4,True
BULK-INV-5024-L01,BULK-INV-5024,5024,2026-04-25,130A,3249B,Water Based,method_ii,3.0,6822N-A,5.0,0.331,excellent,5,True
BULK-INV-5024-L01,BULK-INV-5024,5024,2026-04-25,130A,3249B,Water Based,method_ii,3.0,6797A,10.0,0.335,excellent,6,True
BULK-INV-5024-L01,BULK-INV-5024,5024,2026-04-25,130A,3249B,Water Based,method_ii,3.0,6787A,10.0,0.35,excellent,7,True
BULK-INV-5024-L01,BULK-INV-5024,5024,2026-04-25,130A,3249B,Water Based,method_ii,3.0,6802B,10.0,0.351,excellent,8,True
BULK-INV-5024-L01,BULK-INV-5024,5024,2026-04-25,130A,3249B,Water Based,method_ii,3.0,6788B,10.0,0.373,excellent,9,True
BULK-INV-5024-L01,BULK-INV-5024,5024,2026-04-25,130A,3249B,Water Based,method_ii,3.0,6796B,8.0,0.375,excellent,10,True
BULK-INV-5024-L01,BULK-INV-5024,5024,2026-04-25,130A,3249B,Water Based,method_ii,3.0,6801B,4.0,0.404,excellent,11,True
BULK-INV-5024-L01,BULK-INV-5024,5024,2026-04-25,130A,3249B,Water Based,method_ii,3.0,6788A,10.0,0.508,excellent,12,True
BULK-INV-5024-L01,BULK-INV-5024,5024,2026-04-25,130A,3249B,Water Based,method_ii,3.0,6797B,7.0,0.685,strict,13,True
BULK-INV-5024-L01,BULK-INV-5024,5024,2026-04-25,130A,3249B,Water Based,method_ii,3.0,6789B,10.0,0.76,strict,14,True
BULK-INV-5024-L01,BULK-INV-5024,5024,2026-04-25,130A,3249B,Water Based,method_ii,3.0,6787B,7.0,0.797,strict,15,True
BULK-INV-5024-L01,BULK-INV-5024,5024,2026-04-25,130A,3249B,Water Based,method_ii,3.0,6548A,4.0,0.904,strict,16,True
BULK-INV-5024-L01,BULK-INV-5024,5024,2026-04-25,130A,3249B,Water Based,method_ii,3.0,6823N-B,5.0,1.056,relaxed,17,True
BULK-INV-5024-L01,BULK-INV-5024,5024,2026-04-25,130A,3249B,Water Based,method_ii,3.0,6833A,10.0,1.074,relaxed,18,True
BULK-INV-5024-L01,BULK-INV-5024,5024,2026-04-25,130A,3249B,Water Based,method_ii,3.0,6719N-D,5.0,1.165,relaxed,19,True
BULK-INV-5024-L01,BULK-INV-5024,5024,2026-04-25,130A,3249B,Water Based,method_ii,3.0,6803B,5.0,1.196,relaxed,20,True
BULK-INV-5024-L01,BULK-INV-5024,5024,2026-04-25,130A,3249B,Water Based,method_ii,3.0,6803A,10.0,1.227,relaxed,21,True
BULK-INV-5024-L01,BULK-INV-5024,5024,2026-04-25,130A,3249B,Water Based,method_ii,3.0,6832A,10.0,1.584,review,22,True
BULK-INV-5024-L01,BULK-INV-5024,5024,2026-04-25,130A,3249B,Water Based,method_ii,3.0,6832B,6.0,1.699,review,23,True
BULK-INV-5024-L01,BULK-INV-5024,5024,2026-04-25,130A,3249B,Water Based,method_ii,3.0,6833B,10.0,2.032,review,24,True
BULK-INV-5024-L01,BULK-INV-5024,5024,2026-04-25,130A,3249B,Water Based,method_ii,3.0,6528A,10.0,2.171,review,25,True
BULK-INV-5024-L01,BULK-INV-5024,5024,2026-04-25,130A,3249B,Water Based,method_ii,3.0,6770B,10.0,2.281,review,26,True
BULK-INV-5025-L01,BULK-INV-5025,5025,2026-04-26,130,325,Paint,method_i_b,1.0,6764-B,5.0,0.13,excellent,1,True
BULK-INV-5025-L01,BULK-INV-5025,5025,2026-04-26,130,325,Paint,method_i_b,1.0,6767A,10.0,0.269,excellent,2,True
BULK-INV-5025-L01,BULK-INV-5025,5025,2026-04-26,130,325,Paint,method_i_b,1.0,6823N-C,5.0,0.269,excellent,3,True
BULK-INV-5025-L01,BULK-INV-5025,5025,2026-04-26,130,325,Paint,method_i_b,1.0,6768A,5.0,0.284,excellent,4,True
BULK-INV-5025-L01,BULK-INV-5025,5025,2026-04-26,130,325,Paint,method_i_b,1.0,6764-A,10.0,0.297,excellent,5,True
BULK-INV-5025-L01,BULK-INV-5025,5025,2026-04-26,130,325,Paint,method_i_b,1.0,6782A,10.0,0.297,excellent,6,True
BULK-INV-5025-L01,BULK-INV-5025,5025,2026-04-26,130,325,Paint,method_i_b,1.0,6781A,10.0,0.309,excellent,7,True
BULK-INV-5025-L01,BULK-INV-5025,5025,2026-04-26,130,325,Paint,method_i_b,1.0,6781B,2.0,0.311,excellent,8,True
BULK-INV-5025-L01,BULK-INV-5025,5025,2026-04-26,130,325,Paint,method_i_b,1.0,6785A,10.0,0.323,excellent,9,True
BULK-INV-5025-L01,BULK-INV-5025,5025,2026-04-26,130,325,Paint,method_i_b,1.0,6823N-D,5.0,0.342,excellent,10,True
BULK-INV-5025-L01,BULK-INV-5025,5025,2026-04-26,130,325,Paint,method_i_b,1.0,6824N-A,5.0,0.363,excellent,11,True
BULK-INV-5025-L01,BULK-INV-5025,5025,2026-04-26,130,325,Paint,method_i_b,1.0,6822N-C,5.0,0.369,excellent,12,True
BULK-INV-5025-L01,BULK-INV-5025,5025,2026-04-26,130,325,Paint,method_i_b,1.0,6767B,10.0,0.371,excellent,13,True
BULK-INV-5025-L01,BULK-INV-5025,5025,2026-04-26,130,325,Paint,method_i_b,1.0,6828N-A,5.0,0.371,excellent,14,True
BULK-INV-5025-L01,BULK-INV-5025,5025,2026-04-26,130,325,Paint,method_i_b,1.0,6770A,10.0,0.387,excellent,15,True
BULK-INV-5025-L01,BULK-INV-5025,5025,2026-04-26,130,325,Paint,method_i_b,1.0,6784B,7.0,0.396,excellent,16,True
BULK-INV-5025-L01,BULK-INV-5025,5025,2026-04-26,130,325,Paint,method_i_b,1.0,6784A,10.0,0.415,excellent,17,True
BULK-INV-5025-L01,BULK-INV-5025,5025,2026-04-26,130,325,Paint,method_i_b,1.0,6828N-D,5.0,0.446,excellent,18,True
BULK-INV-5025-L01,BULK-INV-5025,5025,2026-04-26,130,325,Paint,method_i_b,1.0,6785B,10.0,0.453,excellent,19,True
BULK-INV-5025-L01,BULK-INV-5025,5025,2026-04-26,130,325,Paint,method_i_b,1.0,6563A,6.0,0.54,excellent,20,True
BULK-INV-5025-L01,BULK-INV-5025,5025,2026-04-26,130,325,Paint,method_i_b,1.0,6822N-D,5.0,0.559,excellent,21,True
BULK-INV-5025-L01,BULK-INV-5025,5025,2026-04-26,130,325,Paint,method_i_b,1.0,6823N-A,5.0,0.602,strict,22,True
BULK-INV-5025-L01,BULK-INV-5025,5025,2026-04-26,130,325,Paint,method_i_b,1.0,6127A,5.0,0.633,strict,23,True
BULK-INV-5025-L01,BULK-INV-5025,5025,2026-04-26,130,325,Paint,method_i_b,1.0,6828N-C,5.0,0.661,strict,24,True
BULK-INV-5025-L01,BULK-INV-5025,5025,2026-04-26,130,325,Paint,method_i_b,1.0,6812B,10.0,0.72,strict,25,True
BULK-INV-5025-L01,BULK-INV-5025,5025,2026-04-26,130,325,Paint,method_i_b,1.0,6812A,10.0,0.836,strict,26,True
BULK-INV-5025-L01,BULK-INV-5025,5025,2026-04-26,130,325,Paint,method_i_b,1.0,6566A,6.0,0.872,strict,27,True
BULK-INV-5025-L01,BULK-INV-5025,5025,2026-04-26,130,325,Paint,method_i_b,1.0,6566A,5.0,0.872,strict,28,True
BULK-INV-5025-L01,BULK-INV-5025,5025,2026-04-26,130,325,Paint,method_i_b,1.0,6778N-B,5.0,1.01,relaxed,29,True
BULK-INV-5025-L01,BULK-INV-5025,5025,2026-04-26,130,325,Paint,method_i_b,1.0,6826N-D,5.0,1.094,relaxed,30,True
BULK-INV-5025-L01,BULK-INV-5025,5025,2026-04-26,130,325,Paint,method_i_b,1.0,6827N-A,5.0,1.231,relaxed,31,True
BULK-INV-5028-L01,BULK-INV-5028,5028,2026-04-29,130,325,Paint,method_i_b,30.0,6764-B,5.0,0.13,excellent,1,False
BULK-INV-5028-L01,BULK-INV-5028,5028,2026-04-29,130,325,Paint,method_i_b,30.0,6767A,10.0,0.269,excellent,2,False
BULK-INV-5028-L01,BULK-INV-5028,5028,2026-04-29,130,325,Paint,method_i_b,30.0,6823N-C,5.0,0.269,excellent,3,False
BULK-INV-5028-L01,BULK-INV-5028,5028,2026-04-29,130,325,Paint,method_i_b,30.0,6768A,5.0,0.284,excellent,4,False
BULK-INV-5028-L01,BULK-INV-5028,5028,2026-04-29,130,325,Paint,method_i_b,30.0,6764-A,10.0,0.297,excellent,5,False
BULK-INV-5028-L01,BULK-INV-5028,5028,2026-04-29,130,325,Paint,method_i_b,30.0,6782A,10.0,0.297,excellent,6,False
BULK-INV-5028-L01,BULK-INV-5028,5028,2026-04-29,130,325,Paint,method_i_b,30.0,6781A,10.0,0.309,excellent,7,False
BULK-INV-5028-L01,BULK-INV-5028,5028,2026-04-29,130,325,Paint,method_i_b,30.0,6781B,2.0,0.311,excellent,8,False
BULK-INV-5028-L01,BULK-INV-5028,5028,2026-04-29,130,325,Paint,method_i_b,30.0,6785A,10.0,0.323,excellent,9,False
BULK-INV-5028-L01,BULK-INV-5028,5028,2026-04-29,130,325,Paint,method_i_b,30.0,6823N-D,5.0,0.342,excellent,10,False
BULK-INV-5028-L01,BULK-INV-5028,5028,2026-04-29,130,325,Paint,method_i_b,30.0,6824N-A,5.0,0.363,excellent,11,False
BULK-INV-5028-L01,BULK-INV-5028,5028,2026-04-29,130,325,Paint,method_i_b,30.0,6822N-C,5.0,0.369,excellent,12,False
BULK-INV-5028-L01,BULK-INV-5028,5028,2026-04-29,130,325,Paint,method_i_b,30.0,6767B,10.0,0.371,excellent,13,False
BULK-INV-5028-L01,BULK-INV-5028,5028,2026-04-29,130,325,Paint,method_i_b,30.0,6828N-A,5.0,0.371,excellent,14,False
BULK-INV-5028-L01,BULK-INV-5028,5028,2026-04-29,130,325,Paint,method_i_b,30.0,6770A,10.0,0.387,excellent,15,False
BULK-INV-5028-L01,BULK-INV-5028,5028,2026-04-29,130,325,Paint,method_i_b,30.0,6784B,7.0,0.396,excellent,16,False
BULK-INV-5028-L01,BULK-INV-5028,5028,2026-04-29,130,325,Paint,method_i_b,30.0,6784A,10.0,0.415,excellent,17,False
BULK-INV-5028-L01,BULK-INV-5028,5028,2026-04-29,130,325,Paint,method_i_b,30.0,6828N-D,5.0,0.446,excellent,18,False
BULK-INV-5028-L01,BULK-INV-5028,5028,2026-04-29,130,325,Paint,method_i_b,30.0,6785B,10.0,0.453,excellent,19,False
BULK-INV-5028-L01,BULK-INV-5028,5028,2026-04-29,130,325,Paint,method_i_b,30.0,6563A,6.0,0.54,excellent,20,False
BULK-INV-5028-L01,BULK-INV-5028,5028,2026-04-29,130,325,Paint,method_i_b,30.0,6822N-D,5.0,0.559,excellent,21,False
BULK-INV-5028-L01,BULK-INV-5028,5028,2026-04-29,130,325,Paint,method_i_b,30.0,6823N-A,5.0,0.602,strict,22,False
BULK-INV-5028-L01,BULK-INV-5028,5028,2026-04-29,130,325,Paint,method_i_b,30.0,6127A,5.0,0.633,strict,23,False
BULK-INV-5028-L01,BULK-INV-5028,5028,2026-04-29,130,325,Paint,method_i_b,30.0,6828N-C,5.0,0.661,strict,24,False
BULK-INV-5028-L01,BULK-INV-5028,5028,2026-04-29,130,325,Paint,method_i_b,30.0,6812B,10.0,0.72,strict,25,False
BULK-INV-5028-L01,BULK-INV-5028,5028,2026-04-29,130,325,Paint,method_i_b,30.0,6812A,10.0,0.836,strict,26,False
BULK-INV-5028-L01,BULK-INV-5028,5028,2026-04-29,130,325,Paint,method_i_b,30.0,6566A,6.0,0.872,strict,27,False
BULK-INV-5028-L01,BULK-INV-5028,5028,2026-04-29,130,325,Paint,method_i_b,30.0,6566A,5.0,0.872,strict,28,False
BULK-INV-5028-L01,BULK-INV-5028,5028,2026-04-29,130,325,Paint,method_i_b,30.0,6778N-B,5.0,1.01,relaxed,29,False
BULK-INV-5028-L01,BULK-INV-5028,5028,2026-04-29,130,325,Paint,method_i_b,30.0,6826N-D,5.0,1.094,relaxed,30,False
BULK-INV-5028-L01,BULK-INV-5028,5028,2026-04-29,130,325,Paint,method_i_b,30.0,6827N-A,5.0,1.231,relaxed,31,False
BULK-INV-5029-L01,BULK-INV-5029,5029,2026-04-30,130,325,Water Based,method_ii,3.5,6778N-B,5.0,0.292,excellent,1,True
BULK-INV-5029-L01,BULK-INV-5029,5029,2026-04-30,130,325,Water Based,method_ii,3.5,6823N-D,5.0,0.493,excellent,2,True
BULK-INV-5029-L01,BULK-INV-5029,5029,2026-04-30,130,325,Water Based,method_ii,3.5,6824N-A,5.0,0.52,excellent,3,True
BULK-INV-5029-L01,BULK-INV-5029,5029,2026-04-30,130,325,Water Based,method_ii,3.5,6823N-C,5.0,0.623,strict,4,True
BULK-INV-5029-L01,BULK-INV-5029,5029,2026-04-30,130,325,Water Based,method_ii,3.5,6823N-A,5.0,0.732,strict,5,True
BULK-INV-5029-L01,BULK-INV-5029,5029,2026-04-30,130,325,Water Based,method_ii,3.5,6822N-D,5.0,0.747,strict,6,True
BULK-INV-5029-L01,BULK-INV-5029,5029,2026-04-30,130,325,Water Based,method_ii,3.5,6828N-D,5.0,0.799,strict,7,True
BULK-INV-5029-L01,BULK-INV-5029,5029,2026-04-30,130,325,Water Based,method_ii,3.5,6563A,6.0,0.929,strict,8,True
BULK-INV-5029-L01,BULK-INV-5029,5029,2026-04-30,130,325,Water Based,method_ii,3.5,6764-B,5.0,0.941,strict,9,True
BULK-INV-5029-L01,BULK-INV-5029,5029,2026-04-30,130,325,Water Based,method_ii,3.5,6768A,5.0,0.957,strict,10,True
BULK-INV-5029-L01,BULK-INV-5029,5029,2026-04-30,130,325,Water Based,method_ii,3.5,6828N-A,5.0,0.974,strict,11,True
BULK-INV-5029-L01,BULK-INV-5029,5029,2026-04-30,130,325,Water Based,method_ii,3.5,6828N-C,5.0,1.052,relaxed,12,True
BULK-INV-5029-L01,BULK-INV-5029,5029,2026-04-30,130,325,Water Based,method_ii,3.5,6822N-C,5.0,1.066,relaxed,13,True
BULK-INV-5029-L01,BULK-INV-5029,5029,2026-04-30,130,325,Water Based,method_ii,3.5,6764-A,10.0,1.175,relaxed,14,True
BULK-INV-5029-L01,BULK-INV-5029,5029,2026-04-30,130,325,Water Based,method_ii,3.5,6127A,5.0,1.205,relaxed,15,True
BULK-INV-5029-L01,BULK-INV-5029,5029,2026-04-30,130,325,Water Based,method_ii,3.5,6767A,10.0,1.397,relaxed,16,True
BULK-INV-5029-L01,BULK-INV-5029,5029,2026-04-30,130,325,Water Based,method_ii,3.5,6566A,6.0,1.422,relaxed,17,True
BULK-INV-5029-L01,BULK-INV-5029,5029,2026-04-30,130,325,Water Based,method_ii,3.5,6566A,5.0,1.422,relaxed,18,True
BULK-INV-5029-L01,BULK-INV-5029,5029,2026-04-30,130,325,Water Based,method_ii,3.5,6785B,10.0,1.449,relaxed,19,True
BULK-INV-5029-L01,BULK-INV-5029,5029,2026-04-30,130,325,Water Based,method_ii,3.5,6767B,10.0,1.465,relaxed,20,True
BULK-INV-5029-L01,BULK-INV-5029,5029,2026-04-30,130,325,Water Based,method_ii,3.5,6812B,10.0,1.476,relaxed,21,True
BULK-INV-5029-L01,BULK-INV-5029,5029,2026-04-30,130,325,Water Based,method_ii,3.5,6784B,7.0,1.546,review,22,True
BULK-INV-5029-L01,BULK-INV-5029,5029,2026-04-30,130,325,Water Based,method_ii,3.5,6782A,10.0,1.575,review,23,True
BULK-INV-5029-L01,BULK-INV-5029,5029,2026-04-30,130,325,Water Based,method_ii,3.5,6784A,10.0,1.581,review,24,True
BULK-INV-5029-L01,BULK-INV-5029,5029,2026-04-30,130,325,Water Based,method_ii,3.5,6781B,2.0,1.623,review,25,False
BULK-INV-5029-L01,BULK-INV-5029,5029,2026-04-30,130,325,Water Based,method_ii,3.5,6785A,10.0,1.688,review,26,True
BULK-INV-5029-L01,BULK-INV-5029,5029,2026-04-30,130,325,Water Based,method_ii,3.5,6826N-D,5.0,1.84,review,27,True
BULK-INV-5029-L01,BULK-INV-5029,5029,2026-04-30,130,325,Water Based,method_ii,3.5,6781A,10.0,1.929,review,28,True
BULK-INV-5029-L01,BULK-INV-5029,5029,2026-04-30,130,325,Water Based,method_ii,3.5,6812A,10.0,1.955,review,29,True
BULK-INV-5029-L01,BULK-INV-5029,5029,2026-04-30,130,325,Water Based,method_ii,3.5,6827N-A,5.0,1.965,review,30,True
BULK-INV-5029-L01,BULK-INV-5029,5029,2026-04-30,130,325,Water Based,method_ii,3.5,6770A,10.0,2.183,review,31,True
BULK-INV-5029-L02,BULK-INV-5029,5029,2026-04-30,130A,3249B,Water Based,method_ii,1.5,6802A,10.0,0.119,excellent,1,True
BULK-INV-5029-L02,BULK-INV-5029,5029,2026-04-30,130A,3249B,Water Based,method_ii,1.5,6796A,10.0,0.161,excellent,2,True
BULK-INV-5029-L02,BULK-INV-5029,5029,2026-04-30,130A,3249B,Water Based,method_ii,1.5,6801A,10.0,0.212,excellent,3,True
BULK-INV-5029-L02,BULK-INV-5029,5029,2026-04-30,130A,3249B,Water Based,method_ii,1.5,6789A,10.0,0.214,excellent,4,True
BULK-INV-5029-L02,BULK-INV-5029,5029,2026-04-30,130A,3249B,Water Based,method_ii,1.5,6822N-A,5.0,0.331,excellent,5,True
BULK-INV-5029-L02,BULK-INV-5029,5029,2026-04-30,130A,3249B,Water Based,method_ii,1.5,6797A,10.0,0.335,excellent,6,True
BULK-INV-5029-L02,BULK-INV-5029,5029,2026-04-30,130A,3249B,Water Based,method_ii,1.5,6787A,10.0,0.35,excellent,7,True
BULK-INV-5029-L02,BULK-INV-5029,5029,2026-04-30,130A,3249B,Water Based,method_ii,1.5,6802B,10.0,0.351,excellent,8,True
BULK-INV-5029-L02,BULK-INV-5029,5029,2026-04-30,130A,3249B,Water Based,method_ii,1.5,6788B,10.0,0.373,excellent,9,True
BULK-INV-5029-L02,BULK-INV-5029,5029,2026-04-30,130A,3249B,Water Based,method_ii,1.5,6796B,8.0,0.375,excellent,10,True
BULK-INV-5029-L02,BULK-INV-5029,5029,2026-04-30,130A,3249B,Water Based,method_ii,1.5,6801B,4.0,0.404,excellent,11,True
BULK-INV-5029-L02,BULK-INV-5029,5029,2026-04-30,130A,3249B,Water Based,method_ii,1.5,6788A,10.0,0.508,excellent,12,True
BULK-INV-5029-L02,BULK-INV-5029,5029,2026-04-30,130A,3249B,Water Based,method_ii,1.5,6797B,7.0,0.685,strict,13,True
BULK-INV-5029-L02,BULK-INV-5029,5029,2026-04-30,130A,3249B,Water Based,method_ii,1.5,6789B,10.0,0.76,strict,14,True
BULK-INV-5029-L02,BULK-INV-5029,5029,2026-04-30,130A,3249B,Water Based,method_ii,1.5,6787B,7.0,0.797,strict,15,True
BULK-INV-5029-L02,BULK-INV-5029,5029,2026-04-30,130A,3249B,Water Based,method_ii,1.5,6548A,4.0,0.904,strict,16,True
BULK-INV-5029-L02,BULK-INV-5029,5029,2026-04-30,130A,3249B,Water Based,method_ii,1.5,6823N-B,5.0,1.056,relaxed,17,True
BULK-INV-5029-L02,BULK-INV-5029,5029,2026-04-30,130A,3249B,Water Based,method_ii,1.5,6833A,10.0,1.074,relaxed,18,True
BULK-INV-5029-L02,BULK-INV-5029,5029,2026-04-30,130A,3249B,Water Based,method_ii,1.5,6719N-D,5.0,1.165,relaxed,19,True
BULK-INV-5029-L02,BULK-INV-5029,5029,2026-04-30,130A,3249B,Water Based,method_ii,1.5,6803B,5.0,1.196,relaxed,20,True
BULK-INV-5029-L02,BULK-INV-5029,5029,2026-04-30,130A,3249B,Water Based,method_ii,1.5,6803A,10.0,1.227,relaxed,21,True
BULK-INV-5029-L02,BULK-INV-5029,5029,2026-04-30,130A,3249B,Water Based,method_ii,1.5,6832A,10.0,1.584,review,22,True
BULK-INV-5029-L02,BULK-INV-5029,5029,2026-04-30,130A,3249B,Water Based,method_ii,1.5,6832B,6.0,1.699,review,23,True
BULK-INV-5029-L02,BULK-INV-5029,5029,2026-04-30,130A,3249B,Water Based,method_ii,1.5,6833B,10.0,2.032,review,24,True
BULK-INV-5029-L02,BULK-INV-5029,5029,2026-04-30,130A,3249B,Water Based,method_ii,1.5,6528A,10.0,2.171,review,25,True
BULK-INV-5029-L02,BULK-INV-5029,5029,2026-04-30,130A,3249B,Water Based,method_ii,1.5,6770B,10.0,2.281,review,26,True
BULK-INV-5030-L01,BULK-INV-5030,5030,2026-05-01,130,325,Water Based,method_ii,2.5,6778N-B,5.0,0.292,excellent,1,True
BULK-INV-5030-L01,BULK-INV-5030,5030,2026-05-01,130,325,Water Based,method_ii,2.5,6823N-D,5.0,0.493,excellent,2,True
BULK-INV-5030-L01,BULK-INV-5030,5030,2026-05-01,130,325,Water Based,method_ii,2.5,6824N-A,5.0,0.52,excellent,3,True
BULK-INV-5030-L01,BULK-INV-5030,5030,2026-05-01,130,325,Water Based,method_ii,2.5,6823N-C,5.0,0.623,strict,4,True
BULK-INV-5030-L01,BULK-INV-5030,5030,2026-05-01,130,325,Water Based,method_ii,2.5,6823N-A,5.0,0.732,strict,5,True
BULK-INV-5030-L01,BULK-INV-5030,5030,2026-05-01,130,325,Water Based,method_ii,2.5,6822N-D,5.0,0.747,strict,6,True
BULK-INV-5030-L01,BULK-INV-5030,5030,2026-05-01,130,325,Water Based,method_ii,2.5,6828N-D,5.0,0.799,strict,7,True
BULK-INV-5030-L01,BULK-INV-5030,5030,2026-05-01,130,325,Water Based,method_ii,2.5,6563A,6.0,0.929,strict,8,True
BULK-INV-5030-L01,BULK-INV-5030,5030,2026-05-01,130,325,Water Based,method_ii,2.5,6764-B,5.0,0.941,strict,9,True
BULK-INV-5030-L01,BULK-INV-5030,5030,2026-05-01,130,325,Water Based,method_ii,2.5,6768A,5.0,0.957,strict,10,True
BULK-INV-5030-L01,BULK-INV-5030,5030,2026-05-01,130,325,Water Based,method_ii,2.5,6828N-A,5.0,0.974,strict,11,True
BULK-INV-5030-L01,BULK-INV-5030,5030,2026-05-01,130,325,Water Based,method_ii,2.5,6828N-C,5.0,1.052,relaxed,12,True
BULK-INV-5030-L01,BULK-INV-5030,5030,2026-05-01,130,325,Water Based,method_ii,2.5,6822N-C,5.0,1.066,relaxed,13,True
BULK-INV-5030-L01,BULK-INV-5030,5030,2026-05-01,130,325,Water Based,method_ii,2.5,6764-A,10.0,1.175,relaxed,14,True
BULK-INV-5030-L01,BULK-INV-5030,5030,2026-05-01,130,325,Water Based,method_ii,2.5,6127A,5.0,1.205,relaxed,15,True
BULK-INV-5030-L01,BULK-INV-5030,5030,2026-05-01,130,325,Water Based,method_ii,2.5,6767A,10.0,1.397,relaxed,16,True
BULK-INV-5030-L01,BULK-INV-5030,5030,2026-05-01,130,325,Water Based,method_ii,2.5,6566A,6.0,1.422,relaxed,17,True
BULK-INV-5030-L01,BULK-INV-5030,5030,2026-05-01,130,325,Water Based,method_ii,2.5,6566A,5.0,1.422,relaxed,18,True
BULK-INV-5030-L01,BULK-INV-5030,5030,2026-05-01,130,325,Water Based,method_ii,2.5,6785B,10.0,1.449,relaxed,19,True
BULK-INV-5030-L01,BULK-INV-5030,5030,2026-05-01,130,325,Water Based,method_ii,2.5,6767B,10.0,1.465,relaxed,20,True
BULK-INV-5030-L01,BULK-INV-5030,5030,2026-05-01,130,325,Water Based,method_ii,2.5,6812B,10.0,1.476,relaxed,21,True
BULK-INV-5030-L01,BULK-INV-5030,5030,2026-05-01,130,325,Water Based,method_ii,2.5,6784B,7.0,1.546,review,22,True
BULK-INV-5030-L01,BULK-INV-5030,5030,2026-05-01,130,325,Water Based,method_ii,2.5,6782A,10.0,1.575,review,23,True
BULK-INV-5030-L01,BULK-INV-5030,5030,2026-05-01,130,325,Water Based,method_ii,2.5,6784A,10.0,1.581,review,24,True
BULK-INV-5030-L01,BULK-INV-5030,5030,2026-05-01,130,325,Water Based,method_ii,2.5,6781B,2.0,1.623,review,25,False
BULK-INV-5030-L01,BULK-INV-5030,5030,2026-05-01,130,325,Water Based,method_ii,2.5,6785A,10.0,1.688,review,26,True
BULK-INV-5030-L01,BULK-INV-5030,5030,2026-05-01,130,325,Water Based,method_ii,2.5,6826N-D,5.0,1.84,review,27,True
BULK-INV-5030-L01,BULK-INV-5030,5030,2026-05-01,130,325,Water Based,method_ii,2.5,6781A,10.0,1.929,review,28,True
BULK-INV-5030-L01,BULK-INV-5030,5030,2026-05-01,130,325,Water Based,method_ii,2.5,6812A,10.0,1.955,review,29,True
BULK-INV-5030-L01,BULK-INV-5030,5030,2026-05-01,130,325,Water Based,method_ii,2.5,6827N-A,5.0,1.965,review,30,True
BULK-INV-5030-L01,BULK-INV-5030,5030,2026-05-01,130,325,Water Based,method_ii,2.5,6770A,10.0,2.183,review,31,True
BULK-INV-5030-L02,BULK-INV-5030,5030,2026-05-01,130A,3249B,Water Based,method_ii,0.75,6802A,10.0,0.119,excellent,1,True
BULK-INV-5030-L02,BULK-INV-5030,5030,2026-05-01,130A,3249B,Water Based,method_ii,0.75,6796A,10.0,0.161,excellent,2,True
BULK-INV-5030-L02,BULK-INV-5030,5030,2026-05-01,130A,3249B,Water Based,method_ii,0.75,6801A,10.0,0.212,excellent,3,True
BULK-INV-5030-L02,BULK-INV-5030,5030,2026-05-01,130A,3249B,Water Based,method_ii,0.75,6789A,10.0,0.214,excellent,4,True
BULK-INV-5030-L02,BULK-INV-5030,5030,2026-05-01,130A,3249B,Water Based,method_ii,0.75,6822N-A,5.0,0.331,excellent,5,True
BULK-INV-5030-L02,BULK-INV-5030,5030,2026-05-01,130A,3249B,Water Based,method_ii,0.75,6797A,10.0,0.335,excellent,6,True
BULK-INV-5030-L02,BULK-INV-5030,5030,2026-05-01,130A,3249B,Water Based,method_ii,0.75,6787A,10.0,0.35,excellent,7,True
BULK-INV-5030-L02,BULK-INV-5030,5030,2026-05-01,130A,3249B,Water Based,method_ii,0.75,6802B,10.0,0.351,excellent,8,True
BULK-INV-5030-L02,BULK-INV-5030,5030,2026-05-01,130A,3249B,Water Based,method_ii,0.75,6788B,10.0,0.373,excellent,9,True
BULK-INV-5030-L02,BULK-INV-5030,5030,2026-05-01,130A,3249B,Water Based,method_ii,0.75,6796B,8.0,0.375,excellent,10,True
BULK-INV-5030-L02,BULK-INV-5030,5030,2026-05-01,130A,3249B,Water Based,method_ii,0.75,6801B,4.0,0.404,excellent,11,True
BULK-INV-5030-L02,BULK-INV-5030,5030,2026-05-01,130A,3249B,Water Based,method_ii,0.75,6788A,10.0,0.508,excellent,12,True
BULK-INV-5030-L02,BULK-INV-5030,5030,2026-05-01,130A,3249B,Water Based,method_ii,0.75,6797B,7.0,0.685,strict,13,True
BULK-INV-5030-L02,BULK-INV-5030,5030,2026-05-01,130A,3249B,Water Based,method_ii,0.75,6789B,10.0,0.76,strict,14,True
BULK-INV-5030-L02,BULK-INV-5030,5030,2026-05-01,130A,3249B,Water Based,method_ii,0.75,6787B,7.0,0.797,strict,15,True
BULK-INV-5030-L02,BULK-INV-5030,5030,2026-05-01,130A,3249B,Water Based,method_ii,0.75,6548A,4.0,0.904,strict,16,True
BULK-INV-5030-L02,BULK-INV-5030,5030,2026-05-01,130A,3249B,Water Based,method_ii,0.75,6823N-B,5.0,1.056,relaxed,17,True
BULK-INV-5030-L02,BULK-INV-5030,5030,2026-05-01,130A,3249B,Water Based,method_ii,0.75,6833A,10.0,1.074,relaxed,18,True
BULK-INV-5030-L02,BULK-INV-5030,5030,2026-05-01,130A,3249B,Water Based,method_ii,0.75,6719N-D,5.0,1.165,relaxed,19,True
BULK-INV-5030-L02,BULK-INV-5030,5030,2026-05-01,130A,3249B,Water Based,method_ii,0.75,6803B,5.0,1.196,relaxed,20,True
BULK-INV-5030-L02,BULK-INV-5030,5030,2026-05-01,130A,3249B,Water Based,method_ii,0.75,6803A,10.0,1.227,relaxed,21,True
BULK-INV-5030-L02,BULK-INV-5030,5030,2026-05-01,130A,3249B,Water Based,method_ii,0.75,6832A,10.0,1.584,review,22,True
BULK-INV-5030-L02,BULK-INV-5030,5030,2026-05-01,130A,3249B,Water Based,method_ii,0.75,6832B,6.0,1.699,review,23,True
BULK-INV-5030-L02,BULK-INV-5030,5030,2026-05-01,130A,3249B,Water Based,method_ii,0.75,6833B,10.0,2.032,review,24,True
BULK-INV-5030-L02,BULK-INV-5030,5030,2026-05-01,130A,3249B,Water Based,method_ii,0.75,6528A,10.0,2.171,review,25,True
BULK-INV-5030-L02,BULK-INV-5030,5030,2026-05-01,130A,3249B,Water Based,method_ii,0.75,6770B,10.0,2.281,review,26,True
BULK-INV-5031-L01,BULK-INV-5031,5031,2026-05-02,130,325,Paint,method_i_b,1.0,6764-B,5.0,0.13,excellent,1,True
BULK-INV-5031-L01,BULK-INV-5031,5031,2026-05-02,130,325,Paint,method_i_b,1.0,6767A,10.0,0.269,excellent,2,True
BULK-INV-5031-L01,BULK-INV-5031,5031,2026-05-02,130,325,Paint,method_i_b,1.0,6823N-C,5.0,0.269,excellent,3,True
BULK-INV-5031-L01,BULK-INV-5031,5031,2026-05-02,130,325,Paint,method_i_b,1.0,6768A,5.0,0.284,excellent,4,True
BULK-INV-5031-L01,BULK-INV-5031,5031,2026-05-02,130,325,Paint,method_i_b,1.0,6764-A,10.0,0.297,excellent,5,True
BULK-INV-5031-L01,BULK-INV-5031,5031,2026-05-02,130,325,Paint,method_i_b,1.0,6782A,10.0,0.297,excellent,6,True
BULK-INV-5031-L01,BULK-INV-5031,5031,2026-05-02,130,325,Paint,method_i_b,1.0,6781A,10.0,0.309,excellent,7,True
BULK-INV-5031-L01,BULK-INV-5031,5031,2026-05-02,130,325,Paint,method_i_b,1.0,6781B,2.0,0.311,excellent,8,True
BULK-INV-5031-L01,BULK-INV-5031,5031,2026-05-02,130,325,Paint,method_i_b,1.0,6785A,10.0,0.323,excellent,9,True
BULK-INV-5031-L01,BULK-INV-5031,5031,2026-05-02,130,325,Paint,method_i_b,1.0,6823N-D,5.0,0.342,excellent,10,True
BULK-INV-5031-L01,BULK-INV-5031,5031,2026-05-02,130,325,Paint,method_i_b,1.0,6824N-A,5.0,0.363,excellent,11,True
BULK-INV-5031-L01,BULK-INV-5031,5031,2026-05-02,130,325,Paint,method_i_b,1.0,6822N-C,5.0,0.369,excellent,12,True
BULK-INV-5031-L01,BULK-INV-5031,5031,2026-05-02,130,325,Paint,method_i_b,1.0,6767B,10.0,0.371,excellent,13,True
BULK-INV-5031-L01,BULK-INV-5031,5031,2026-05-02,130,325,Paint,method_i_b,1.0,6828N-A,5.0,0.371,excellent,14,True
BULK-INV-5031-L01,BULK-INV-5031,5031,2026-05-02,130,325,Paint,method_i_b,1.0,6770A,10.0,0.387,excellent,15,True
BULK-INV-5031-L01,BULK-INV-5031,5031,2026-05-02,130,325,Paint,method_i_b,1.0,6784B,7.0,0.396,excellent,16,True
BULK-INV-5031-L01,BULK-INV-5031,5031,2026-05-02,130,325,Paint,method_i_b,1.0,6784A,10.0,0.415,excellent,17,True
BULK-INV-5031-L01,BULK-INV-5031,5031,2026-05-02,130,325,Paint,method_i_b,1.0,6828N-D,5.0,0.446,excellent,18,True
BULK-INV-5031-L01,BULK-INV-5031,5031,2026-05-02,130,325,Paint,method_i_b,1.0,6785B,10.0,0.453,excellent,19,True
BULK-INV-5031-L01,BULK-INV-5031,5031,2026-05-02,130,325,Paint,method_i_b,1.0,6563A,6.0,0.54,excellent,20,True
BULK-INV-5031-L01,BULK-INV-5031,5031,2026-05-02,130,325,Paint,method_i_b,1.0,6822N-D,5.0,0.559,excellent,21,True
BULK-INV-5031-L01,BULK-INV-5031,5031,2026-05-02,130,325,Paint,method_i_b,1.0,6823N-A,5.0,0.602,strict,22,True
BULK-INV-5031-L01,BULK-INV-5031,5031,2026-05-02,130,325,Paint,method_i_b,1.0,6127A,5.0,0.633,strict,23,True
BULK-INV-5031-L01,BULK-INV-5031,5031,2026-05-02,130,325,Paint,method_i_b,1.0,6828N-C,5.0,0.661,strict,24,True
BULK-INV-5031-L01,BULK-INV-5031,5031,2026-05-02,130,325,Paint,method_i_b,1.0,6812B,10.0,0.72,strict,25,True
BULK-INV-5031-L01,BULK-INV-5031,5031,2026-05-02,130,325,Paint,method_i_b,1.0,6812A,10.0,0.836,strict,26,True
BULK-INV-5031-L01,BULK-INV-5031,5031,2026-05-02,130,325,Paint,method_i_b,1.0,6566A,6.0,0.872,strict,27,True
BULK-INV-5031-L01,BULK-INV-5031,5031,2026-05-02,130,325,Paint,method_i_b,1.0,6566A,5.0,0.872,strict,28,True
BULK-INV-5031-L01,BULK-INV-5031,5031,2026-05-02,130,325,Paint,method_i_b,1.0,6778N-B,5.0,1.01,relaxed,29,True
BULK-INV-5031-L01,BULK-INV-5031,5031,2026-05-02,130,325,Paint,method_i_b,1.0,6826N-D,5.0,1.094,relaxed,30,True
BULK-INV-5031-L01,BULK-INV-5031,5031,2026-05-02,130,325,Paint,method_i_b,1.0,6827N-A,5.0,1.231,relaxed,31,True
BULK-INV-5033-L01,BULK-INV-5033,5033,2026-05-04,130,325,Paint,method_i_b,1.0,6764-B,5.0,0.13,excellent,1,True
BULK-INV-5033-L01,BULK-INV-5033,5033,2026-05-04,130,325,Paint,method_i_b,1.0,6767A,10.0,0.269,excellent,2,True
BULK-INV-5033-L01,BULK-INV-5033,5033,2026-05-04,130,325,Paint,method_i_b,1.0,6823N-C,5.0,0.269,excellent,3,True
BULK-INV-5033-L01,BULK-INV-5033,5033,2026-05-04,130,325,Paint,method_i_b,1.0,6768A,5.0,0.284,excellent,4,True
BULK-INV-5033-L01,BULK-INV-5033,5033,2026-05-04,130,325,Paint,method_i_b,1.0,6764-A,10.0,0.297,excellent,5,True
BULK-INV-5033-L01,BULK-INV-5033,5033,2026-05-04,130,325,Paint,method_i_b,1.0,6782A,10.0,0.297,excellent,6,True
BULK-INV-5033-L01,BULK-INV-5033,5033,2026-05-04,130,325,Paint,method_i_b,1.0,6781A,10.0,0.309,excellent,7,True
BULK-INV-5033-L01,BULK-INV-5033,5033,2026-05-04,130,325,Paint,method_i_b,1.0,6781B,2.0,0.311,excellent,8,True
BULK-INV-5033-L01,BULK-INV-5033,5033,2026-05-04,130,325,Paint,method_i_b,1.0,6785A,10.0,0.323,excellent,9,True
BULK-INV-5033-L01,BULK-INV-5033,5033,2026-05-04,130,325,Paint,method_i_b,1.0,6823N-D,5.0,0.342,excellent,10,True
BULK-INV-5033-L01,BULK-INV-5033,5033,2026-05-04,130,325,Paint,method_i_b,1.0,6824N-A,5.0,0.363,excellent,11,True
BULK-INV-5033-L01,BULK-INV-5033,5033,2026-05-04,130,325,Paint,method_i_b,1.0,6822N-C,5.0,0.369,excellent,12,True
BULK-INV-5033-L01,BULK-INV-5033,5033,2026-05-04,130,325,Paint,method_i_b,1.0,6767B,10.0,0.371,excellent,13,True
BULK-INV-5033-L01,BULK-INV-5033,5033,2026-05-04,130,325,Paint,method_i_b,1.0,6828N-A,5.0,0.371,excellent,14,True
BULK-INV-5033-L01,BULK-INV-5033,5033,2026-05-04,130,325,Paint,method_i_b,1.0,6770A,10.0,0.387,excellent,15,True
BULK-INV-5033-L01,BULK-INV-5033,5033,2026-05-04,130,325,Paint,method_i_b,1.0,6784B,7.0,0.396,excellent,16,True
BULK-INV-5033-L01,BULK-INV-5033,5033,2026-05-04,130,325,Paint,method_i_b,1.0,6784A,10.0,0.415,excellent,17,True
BULK-INV-5033-L01,BULK-INV-5033,5033,2026-05-04,130,325,Paint,method_i_b,1.0,6828N-D,5.0,0.446,excellent,18,True
BULK-INV-5033-L01,BULK-INV-5033,5033,2026-05-04,130,325,Paint,method_i_b,1.0,6785B,10.0,0.453,excellent,19,True
BULK-INV-5033-L01,BULK-INV-5033,5033,2026-05-04,130,325,Paint,method_i_b,1.0,6563A,6.0,0.54,excellent,20,True
BULK-INV-5033-L01,BULK-INV-5033,5033,2026-05-04,130,325,Paint,method_i_b,1.0,6822N-D,5.0,0.559,excellent,21,True
BULK-INV-5033-L01,BULK-INV-5033,5033,2026-05-04,130,325,Paint,method_i_b,1.0,6823N-A,5.0,0.602,strict,22,True
BULK-INV-5033-L01,BULK-INV-5033,5033,2026-05-04,130,325,Paint,method_i_b,1.0,6127A,5.0,0.633,strict,23,True
BULK-INV-5033-L01,BULK-INV-5033,5033,2026-05-04,130,325,Paint,method_i_b,1.0,6828N-C,5.0,0.661,strict,24,True
BULK-INV-5033-L01,BULK-INV-5033,5033,2026-05-04,130,325,Paint,method_i_b,1.0,6812B,10.0,0.72,strict,25,True
BULK-INV-5033-L01,BULK-INV-5033,5033,2026-05-04,130,325,Paint,method_i_b,1.0,6812A,10.0,0.836,strict,26,True
BULK-INV-5033-L01,BULK-INV-5033,5033,2026-05-04,130,325,Paint,method_i_b,1.0,6566A,6.0,0.872,strict,27,True
BULK-INV-5033-L01,BULK-INV-5033,5033,2026-05-04,130,325,Paint,method_i_b,1.0,6566A,5.0,0.872,strict,28,True
BULK-INV-5033-L01,BULK-INV-5033,5033,2026-05-04,130,325,Paint,method_i_b,1.0,6778N-B,5.0,1.01,relaxed,29,True
BULK-INV-5033-L01,BULK-INV-5033,5033,2026-05-04,130,325,Paint,method_i_b,1.0,6826N-D,5.0,1.094,relaxed,30,True
BULK-INV-5033-L01,BULK-INV-5033,5033,2026-05-04,130,325,Paint,method_i_b,1.0,6827N-A,5.0,1.231,relaxed,31,True
BULK-INV-5033-L02,BULK-INV-5033,5033,2026-05-04,130,325,Water Based,method_ii,2.5,6778N-B,5.0,0.292,excellent,1,True
BULK-INV-5033-L02,BULK-INV-5033,5033,2026-05-04,130,325,Water Based,method_ii,2.5,6823N-D,5.0,0.493,excellent,2,True
BULK-INV-5033-L02,BULK-INV-5033,5033,2026-05-04,130,325,Water Based,method_ii,2.5,6824N-A,5.0,0.52,excellent,3,True
BULK-INV-5033-L02,BULK-INV-5033,5033,2026-05-04,130,325,Water Based,method_ii,2.5,6823N-C,5.0,0.623,strict,4,True
BULK-INV-5033-L02,BULK-INV-5033,5033,2026-05-04,130,325,Water Based,method_ii,2.5,6823N-A,5.0,0.732,strict,5,True
BULK-INV-5033-L02,BULK-INV-5033,5033,2026-05-04,130,325,Water Based,method_ii,2.5,6822N-D,5.0,0.747,strict,6,True
BULK-INV-5033-L02,BULK-INV-5033,5033,2026-05-04,130,325,Water Based,method_ii,2.5,6828N-D,5.0,0.799,strict,7,True
BULK-INV-5033-L02,BULK-INV-5033,5033,2026-05-04,130,325,Water Based,method_ii,2.5,6563A,6.0,0.929,strict,8,True
BULK-INV-5033-L02,BULK-INV-5033,5033,2026-05-04,130,325,Water Based,method_ii,2.5,6764-B,5.0,0.941,strict,9,True
BULK-INV-5033-L02,BULK-INV-5033,5033,2026-05-04,130,325,Water Based,method_ii,2.5,6768A,5.0,0.957,strict,10,True
BULK-INV-5033-L02,BULK-INV-5033,5033,2026-05-04,130,325,Water Based,method_ii,2.5,6828N-A,5.0,0.974,strict,11,True
BULK-INV-5033-L02,BULK-INV-5033,5033,2026-05-04,130,325,Water Based,method_ii,2.5,6828N-C,5.0,1.052,relaxed,12,True
BULK-INV-5033-L02,BULK-INV-5033,5033,2026-05-04,130,325,Water Based,method_ii,2.5,6822N-C,5.0,1.066,relaxed,13,True
BULK-INV-5033-L02,BULK-INV-5033,5033,2026-05-04,130,325,Water Based,method_ii,2.5,6764-A,10.0,1.175,relaxed,14,True
BULK-INV-5033-L02,BULK-INV-5033,5033,2026-05-04,130,325,Water Based,method_ii,2.5,6127A,5.0,1.205,relaxed,15,True
BULK-INV-5033-L02,BULK-INV-5033,5033,2026-05-04,130,325,Water Based,method_ii,2.5,6767A,10.0,1.397,relaxed,16,True
BULK-INV-5033-L02,BULK-INV-5033,5033,2026-05-04,130,325,Water Based,method_ii,2.5,6566A,6.0,1.422,relaxed,17,True
BULK-INV-5033-L02,BULK-INV-5033,5033,2026-05-04,130,325,Water Based,method_ii,2.5,6566A,5.0,1.422,relaxed,18,True
BULK-INV-5033-L02,BULK-INV-5033,5033,2026-05-04,130,325,Water Based,method_ii,2.5,6785B,10.0,1.449,relaxed,19,True
BULK-INV-5033-L02,BULK-INV-5033,5033,2026-05-04,130,325,Water Based,method_ii,2.5,6767B,10.0,1.465,relaxed,20,True
BULK-INV-5033-L02,BULK-INV-5033,5033,2026-05-04,130,325,Water Based,method_ii,2.5,6812B,10.0,1.476,relaxed,21,True
BULK-INV-5033-L02,BULK-INV-5033,5033,2026-05-04,130,325,Water Based,method_ii,2.5,6784B,7.0,1.546,review,22,True
BULK-INV-5033-L02,BULK-INV-5033,5033,2026-05-04,130,325,Water Based,method_ii,2.5,6782A,10.0,1.575,review,23,True
BULK-INV-5033-L02,BULK-INV-5033,5033,2026-05-04,130,325,Water Based,method_ii,2.5,6784A,10.0,1.581,review,24,True
BULK-INV-5033-L02,BULK-INV-5033,5033,2026-05-04,130,325,Water Based,method_ii,2.5,6781B,2.0,1.623,review,25,False
BULK-INV-5033-L02,BULK-INV-5033,5033,2026-05-04,130,325,Water Based,method_ii,2.5,6785A,10.0,1.688,review,26,True
BULK-INV-5033-L02,BULK-INV-5033,5033,2026-05-04,130,325,Water Based,method_ii,2.5,6826N-D,5.0,1.84,review,27,True
BULK-INV-5033-L02,BULK-INV-5033,5033,2026-05-04,130,325,Water Based,method_ii,2.5,6781A,10.0,1.929,review,28,True
BULK-INV-5033-L02,BULK-INV-5033,5033,2026-05-04,130,325,Water Based,method_ii,2.5,6812A,10.0,1.955,review,29,True
BULK-INV-5033-L02,BULK-INV-5033,5033,2026-05-04,130,325,Water Based,method_ii,2.5,6827N-A,5.0,1.965,review,30,True
BULK-INV-5033-L02,BULK-INV-5033,5033,2026-05-04,130,325,Water Based,method_ii,2.5,6770A,10.0,2.183,review,31,True
BULK-INV-5034-L01,BULK-INV-5034,5034,2026-05-05,130,325,Paint,method_i_b,3.0,6764-B,5.0,0.13,excellent,1,True
BULK-INV-5034-L01,BULK-INV-5034,5034,2026-05-05,130,325,Paint,method_i_b,3.0,6767A,10.0,0.269,excellent,2,True
BULK-INV-5034-L01,BULK-INV-5034,5034,2026-05-05,130,325,Paint,method_i_b,3.0,6823N-C,5.0,0.269,excellent,3,True
BULK-INV-5034-L01,BULK-INV-5034,5034,2026-05-05,130,325,Paint,method_i_b,3.0,6768A,5.0,0.284,excellent,4,True
BULK-INV-5034-L01,BULK-INV-5034,5034,2026-05-05,130,325,Paint,method_i_b,3.0,6764-A,10.0,0.297,excellent,5,True
BULK-INV-5034-L01,BULK-INV-5034,5034,2026-05-05,130,325,Paint,method_i_b,3.0,6782A,10.0,0.297,excellent,6,True
BULK-INV-5034-L01,BULK-INV-5034,5034,2026-05-05,130,325,Paint,method_i_b,3.0,6781A,10.0,0.309,excellent,7,True
BULK-INV-5034-L01,BULK-INV-5034,5034,2026-05-05,130,325,Paint,method_i_b,3.0,6781B,2.0,0.311,excellent,8,False
BULK-INV-5034-L01,BULK-INV-5034,5034,2026-05-05,130,325,Paint,method_i_b,3.0,6785A,10.0,0.323,excellent,9,True
BULK-INV-5034-L01,BULK-INV-5034,5034,2026-05-05,130,325,Paint,method_i_b,3.0,6823N-D,5.0,0.342,excellent,10,True
BULK-INV-5034-L01,BULK-INV-5034,5034,2026-05-05,130,325,Paint,method_i_b,3.0,6824N-A,5.0,0.363,excellent,11,True
BULK-INV-5034-L01,BULK-INV-5034,5034,2026-05-05,130,325,Paint,method_i_b,3.0,6822N-C,5.0,0.369,excellent,12,True
BULK-INV-5034-L01,BULK-INV-5034,5034,2026-05-05,130,325,Paint,method_i_b,3.0,6767B,10.0,0.371,excellent,13,True
BULK-INV-5034-L01,BULK-INV-5034,5034,2026-05-05,130,325,Paint,method_i_b,3.0,6828N-A,5.0,0.371,excellent,14,True
BULK-INV-5034-L01,BULK-INV-5034,5034,2026-05-05,130,325,Paint,method_i_b,3.0,6770A,10.0,0.387,excellent,15,True
BULK-INV-5034-L01,BULK-INV-5034,5034,2026-05-05,130,325,Paint,method_i_b,3.0,6784B,7.0,0.396,excellent,16,True
BULK-INV-5034-L01,BULK-INV-5034,5034,2026-05-05,130,325,Paint,method_i_b,3.0,6784A,10.0,0.415,excellent,17,True
BULK-INV-5034-L01,BULK-INV-5034,5034,2026-05-05,130,325,Paint,method_i_b,3.0,6828N-D,5.0,0.446,excellent,18,True
BULK-INV-5034-L01,BULK-INV-5034,5034,2026-05-05,130,325,Paint,method_i_b,3.0,6785B,10.0,0.453,excellent,19,True
BULK-INV-5034-L01,BULK-INV-5034,5034,2026-05-05,130,325,Paint,method_i_b,3.0,6563A,6.0,0.54,excellent,20,True
BULK-INV-5034-L01,BULK-INV-5034,5034,2026-05-05,130,325,Paint,method_i_b,3.0,6822N-D,5.0,0.559,excellent,21,True
BULK-INV-5034-L01,BULK-INV-5034,5034,2026-05-05,130,325,Paint,method_i_b,3.0,6823N-A,5.0,0.602,strict,22,True
BULK-INV-5034-L01,BULK-INV-5034,5034,2026-05-05,130,325,Paint,method_i_b,3.0,6127A,5.0,0.633,strict,23,True
BULK-INV-5034-L01,BULK-INV-5034,5034,2026-05-05,130,325,Paint,method_i_b,3.0,6828N-C,5.0,0.661,strict,24,True
BULK-INV-5034-L01,BULK-INV-5034,5034,2026-05-05,130,325,Paint,method_i_b,3.0,6812B,10.0,0.72,strict,25,True
BULK-INV-5034-L01,BULK-INV-5034,5034,2026-05-05,130,325,Paint,method_i_b,3.0,6812A,10.0,0.836,strict,26,True
BULK-INV-5034-L01,BULK-INV-5034,5034,2026-05-05,130,325,Paint,method_i_b,3.0,6566A,6.0,0.872,strict,27,True
BULK-INV-5034-L01,BULK-INV-5034,5034,2026-05-05,130,325,Paint,method_i_b,3.0,6566A,5.0,0.872,strict,28,True
BULK-INV-5034-L01,BULK-INV-5034,5034,2026-05-05,130,325,Paint,method_i_b,3.0,6778N-B,5.0,1.01,relaxed,29,True
BULK-INV-5034-L01,BULK-INV-5034,5034,2026-05-05,130,325,Paint,method_i_b,3.0,6826N-D,5.0,1.094,relaxed,30,True
BULK-INV-5034-L01,BULK-INV-5034,5034,2026-05-05,130,325,Paint,method_i_b,3.0,6827N-A,5.0,1.231,relaxed,31,True
BULK-INV-5035-L01,BULK-INV-5035,5035,2026-05-06,130A,3249B,Water Based,method_ii,15.0,6802A,10.0,0.119,excellent,1,False
BULK-INV-5035-L01,BULK-INV-5035,5035,2026-05-06,130A,3249B,Water Based,method_ii,15.0,6796A,10.0,0.161,excellent,2,False
BULK-INV-5035-L01,BULK-INV-5035,5035,2026-05-06,130A,3249B,Water Based,method_ii,15.0,6801A,10.0,0.212,excellent,3,False
BULK-INV-5035-L01,BULK-INV-5035,5035,2026-05-06,130A,3249B,Water Based,method_ii,15.0,6789A,10.0,0.214,excellent,4,False
BULK-INV-5035-L01,BULK-INV-5035,5035,2026-05-06,130A,3249B,Water Based,method_ii,15.0,6822N-A,5.0,0.331,excellent,5,False
BULK-INV-5035-L01,BULK-INV-5035,5035,2026-05-06,130A,3249B,Water Based,method_ii,15.0,6797A,10.0,0.335,excellent,6,False
BULK-INV-5035-L01,BULK-INV-5035,5035,2026-05-06,130A,3249B,Water Based,method_ii,15.0,6787A,10.0,0.35,excellent,7,False
BULK-INV-5035-L01,BULK-INV-5035,5035,2026-05-06,130A,3249B,Water Based,method_ii,15.0,6802B,10.0,0.351,excellent,8,False
BULK-INV-5035-L01,BULK-INV-5035,5035,2026-05-06,130A,3249B,Water Based,method_ii,15.0,6788B,10.0,0.373,excellent,9,False
BULK-INV-5035-L01,BULK-INV-5035,5035,2026-05-06,130A,3249B,Water Based,method_ii,15.0,6796B,8.0,0.375,excellent,10,False
BULK-INV-5035-L01,BULK-INV-5035,5035,2026-05-06,130A,3249B,Water Based,method_ii,15.0,6801B,4.0,0.404,excellent,11,False
BULK-INV-5035-L01,BULK-INV-5035,5035,2026-05-06,130A,3249B,Water Based,method_ii,15.0,6788A,10.0,0.508,excellent,12,False
BULK-INV-5035-L01,BULK-INV-5035,5035,2026-05-06,130A,3249B,Water Based,method_ii,15.0,6797B,7.0,0.685,strict,13,False
BULK-INV-5035-L01,BULK-INV-5035,5035,2026-05-06,130A,3249B,Water Based,method_ii,15.0,6789B,10.0,0.76,strict,14,False
BULK-INV-5035-L01,BULK-INV-5035,5035,2026-05-06,130A,3249B,Water Based,method_ii,15.0,6787B,7.0,0.797,strict,15,False
BULK-INV-5035-L01,BULK-INV-5035,5035,2026-05-06,130A,3249B,Water Based,method_ii,15.0,6548A,4.0,0.904,strict,16,False
BULK-INV-5035-L01,BULK-INV-5035,5035,2026-05-06,130A,3249B,Water Based,method_ii,15.0,6823N-B,5.0,1.056,relaxed,17,False
BULK-INV-5035-L01,BULK-INV-5035,5035,2026-05-06,130A,3249B,Water Based,method_ii,15.0,6833A,10.0,1.074,relaxed,18,False
BULK-INV-5035-L01,BULK-INV-5035,5035,2026-05-06,130A,3249B,Water Based,method_ii,15.0,6719N-D,5.0,1.165,relaxed,19,False
BULK-INV-5035-L01,BULK-INV-5035,5035,2026-05-06,130A,3249B,Water Based,method_ii,15.0,6803B,5.0,1.196,relaxed,20,False
BULK-INV-5035-L01,BULK-INV-5035,5035,2026-05-06,130A,3249B,Water Based,method_ii,15.0,6803A,10.0,1.227,relaxed,21,False
BULK-INV-5035-L01,BULK-INV-5035,5035,2026-05-06,130A,3249B,Water Based,method_ii,15.0,6832A,10.0,1.584,review,22,False
BULK-INV-5035-L01,BULK-INV-5035,5035,2026-05-06,130A,3249B,Water Based,method_ii,15.0,6832B,6.0,1.699,review,23,False
BULK-INV-5035-L01,BULK-INV-5035,5035,2026-05-06,130A,3249B,Water Based,method_ii,15.0,6833B,10.0,2.032,review,24,False
BULK-INV-5035-L01,BULK-INV-5035,5035,2026-05-06,130A,3249B,Water Based,method_ii,15.0,6528A,10.0,2.171,review,25,False
BULK-INV-5035-L01,BULK-INV-5035,5035,2026-05-06,130A,3249B,Water Based,method_ii,15.0,6770B,10.0,2.281,review,26,False
BULK-INV-5036-L01,BULK-INV-5036,5036,2026-05-07,130,325,Water Based,method_ii,2.0,6778N-B,5.0,0.292,excellent,1,True
BULK-INV-5036-L01,BULK-INV-5036,5036,2026-05-07,130,325,Water Based,method_ii,2.0,6823N-D,5.0,0.493,excellent,2,True
BULK-INV-5036-L01,BULK-INV-5036,5036,2026-05-07,130,325,Water Based,method_ii,2.0,6824N-A,5.0,0.52,excellent,3,True
BULK-INV-5036-L01,BULK-INV-5036,5036,2026-05-07,130,325,Water Based,method_ii,2.0,6823N-C,5.0,0.623,strict,4,True
BULK-INV-5036-L01,BULK-INV-5036,5036,2026-05-07,130,325,Water Based,method_ii,2.0,6823N-A,5.0,0.732,strict,5,True
BULK-INV-5036-L01,BULK-INV-5036,5036,2026-05-07,130,325,Water Based,method_ii,2.0,6822N-D,5.0,0.747,strict,6,True
BULK-INV-5036-L01,BULK-INV-5036,5036,2026-05-07,130,325,Water Based,method_ii,2.0,6828N-D,5.0,0.799,strict,7,True
BULK-INV-5036-L01,BULK-INV-5036,5036,2026-05-07,130,325,Water Based,method_ii,2.0,6563A,6.0,0.929,strict,8,True
BULK-INV-5036-L01,BULK-INV-5036,5036,2026-05-07,130,325,Water Based,method_ii,2.0,6764-B,5.0,0.941,strict,9,True
BULK-INV-5036-L01,BULK-INV-5036,5036,2026-05-07,130,325,Water Based,method_ii,2.0,6768A,5.0,0.957,strict,10,True
BULK-INV-5036-L01,BULK-INV-5036,5036,2026-05-07,130,325,Water Based,method_ii,2.0,6828N-A,5.0,0.974,strict,11,True
BULK-INV-5036-L01,BULK-INV-5036,5036,2026-05-07,130,325,Water Based,method_ii,2.0,6828N-C,5.0,1.052,relaxed,12,True
BULK-INV-5036-L01,BULK-INV-5036,5036,2026-05-07,130,325,Water Based,method_ii,2.0,6822N-C,5.0,1.066,relaxed,13,True
BULK-INV-5036-L01,BULK-INV-5036,5036,2026-05-07,130,325,Water Based,method_ii,2.0,6764-A,10.0,1.175,relaxed,14,True
BULK-INV-5036-L01,BULK-INV-5036,5036,2026-05-07,130,325,Water Based,method_ii,2.0,6127A,5.0,1.205,relaxed,15,True
BULK-INV-5036-L01,BULK-INV-5036,5036,2026-05-07,130,325,Water Based,method_ii,2.0,6767A,10.0,1.397,relaxed,16,True
BULK-INV-5036-L01,BULK-INV-5036,5036,2026-05-07,130,325,Water Based,method_ii,2.0,6566A,6.0,1.422,relaxed,17,True
BULK-INV-5036-L01,BULK-INV-5036,5036,2026-05-07,130,325,Water Based,method_ii,2.0,6566A,5.0,1.422,relaxed,18,True
BULK-INV-5036-L01,BULK-INV-5036,5036,2026-05-07,130,325,Water Based,method_ii,2.0,6785B,10.0,1.449,relaxed,19,True
BULK-INV-5036-L01,BULK-INV-5036,5036,2026-05-07,130,325,Water Based,method_ii,2.0,6767B,10.0,1.465,relaxed,20,True
BULK-INV-5036-L01,BULK-INV-5036,5036,2026-05-07,130,325,Water Based,method_ii,2.0,6812B,10.0,1.476,relaxed,21,True
BULK-INV-5036-L01,BULK-INV-5036,5036,2026-05-07,130,325,Water Based,method_ii,2.0,6784B,7.0,1.546,review,22,True
BULK-INV-5036-L01,BULK-INV-5036,5036,2026-05-07,130,325,Water Based,method_ii,2.0,6782A,10.0,1.575,review,23,True
BULK-INV-5036-L01,BULK-INV-5036,5036,2026-05-07,130,325,Water Based,method_ii,2.0,6784A,10.0,1.581,review,24,True
BULK-INV-5036-L01,BULK-INV-5036,5036,2026-05-07,130,325,Water Based,method_ii,2.0,6781B,2.0,1.623,review,25,True
BULK-INV-5036-L01,BULK-INV-5036,5036,2026-05-07,130,325,Water Based,method_ii,2.0,6785A,10.0,1.688,review,26,True
BULK-INV-5036-L01,BULK-INV-5036,5036,2026-05-07,130,325,Water Based,method_ii,2.0,6826N-D,5.0,1.84,review,27,True
BULK-INV-5036-L01,BULK-INV-5036,5036,2026-05-07,130,325,Water Based,method_ii,2.0,6781A,10.0,1.929,review,28,True
BULK-INV-5036-L01,BULK-INV-5036,5036,2026-05-07,130,325,Water Based,method_ii,2.0,6812A,10.0,1.955,review,29,True
BULK-INV-5036-L01,BULK-INV-5036,5036,2026-05-07,130,325,Water Based,method_ii,2.0,6827N-A,5.0,1.965,review,30,True
BULK-INV-5036-L01,BULK-INV-5036,5036,2026-05-07,130,325,Water Based,method_ii,2.0,6770A,10.0,2.183,review,31,True
BULK-INV-5037-L01,BULK-INV-5037,5037,2026-05-08,130A,3249B,Water Based,method_ii,4.0,6802A,10.0,0.119,excellent,1,True
BULK-INV-5037-L01,BULK-INV-5037,5037,2026-05-08,130A,3249B,Water Based,method_ii,4.0,6796A,10.0,0.161,excellent,2,True
BULK-INV-5037-L01,BULK-INV-5037,5037,2026-05-08,130A,3249B,Water Based,method_ii,4.0,6801A,10.0,0.212,excellent,3,True
BULK-INV-5037-L01,BULK-INV-5037,5037,2026-05-08,130A,3249B,Water Based,method_ii,4.0,6789A,10.0,0.214,excellent,4,True
BULK-INV-5037-L01,BULK-INV-5037,5037,2026-05-08,130A,3249B,Water Based,method_ii,4.0,6822N-A,5.0,0.331,excellent,5,True
BULK-INV-5037-L01,BULK-INV-5037,5037,2026-05-08,130A,3249B,Water Based,method_ii,4.0,6797A,10.0,0.335,excellent,6,True
BULK-INV-5037-L01,BULK-INV-5037,5037,2026-05-08,130A,3249B,Water Based,method_ii,4.0,6787A,10.0,0.35,excellent,7,True
BULK-INV-5037-L01,BULK-INV-5037,5037,2026-05-08,130A,3249B,Water Based,method_ii,4.0,6802B,10.0,0.351,excellent,8,True
BULK-INV-5037-L01,BULK-INV-5037,5037,2026-05-08,130A,3249B,Water Based,method_ii,4.0,6788B,10.0,0.373,excellent,9,True
BULK-INV-5037-L01,BULK-INV-5037,5037,2026-05-08,130A,3249B,Water Based,method_ii,4.0,6796B,8.0,0.375,excellent,10,True
BULK-INV-5037-L01,BULK-INV-5037,5037,2026-05-08,130A,3249B,Water Based,method_ii,4.0,6801B,4.0,0.404,excellent,11,True
BULK-INV-5037-L01,BULK-INV-5037,5037,2026-05-08,130A,3249B,Water Based,method_ii,4.0,6788A,10.0,0.508,excellent,12,True
BULK-INV-5037-L01,BULK-INV-5037,5037,2026-05-08,130A,3249B,Water Based,method_ii,4.0,6797B,7.0,0.685,strict,13,True
BULK-INV-5037-L01,BULK-INV-5037,5037,2026-05-08,130A,3249B,Water Based,method_ii,4.0,6789B,10.0,0.76,strict,14,True
BULK-INV-5037-L01,BULK-INV-5037,5037,2026-05-08,130A,3249B,Water Based,method_ii,4.0,6787B,7.0,0.797,strict,15,True
BULK-INV-5037-L01,BULK-INV-5037,5037,2026-05-08,130A,3249B,Water Based,method_ii,4.0,6548A,4.0,0.904,strict,16,True
BULK-INV-5037-L01,BULK-INV-5037,5037,2026-05-08,130A,3249B,Water Based,method_ii,4.0,6823N-B,5.0,1.056,relaxed,17,True
BULK-INV-5037-L01,BULK-INV-5037,5037,2026-05-08,130A,3249B,Water Based,method_ii,4.0,6833A,10.0,1.074,relaxed,18,True
BULK-INV-5037-L01,BULK-INV-5037,5037,2026-05-08,130A,3249B,Water Based,method_ii,4.0,6719N-D,5.0,1.165,relaxed,19,True
BULK-INV-5037-L01,BULK-INV-5037,5037,2026-05-08,130A,3249B,Water Based,method_ii,4.0,6803B,5.0,1.196,relaxed,20,True
BULK-INV-5037-L01,BULK-INV-5037,5037,2026-05-08,130A,3249B,Water Based,method_ii,4.0,6803A,10.0,1.227,relaxed,21,True
BULK-INV-5037-L01,BULK-INV-5037,5037,2026-05-08,130A,3249B,Water Based,method_ii,4.0,6832A,10.0,1.584,review,22,True
BULK-INV-5037-L01,BULK-INV-5037,5037,2026-05-08,130A,3249B,Water Based,method_ii,4.0,6832B,6.0,1.699,review,23,True
BULK-INV-5037-L01,BULK-INV-5037,5037,2026-05-08,130A,3249B,Water Based,method_ii,4.0,6833B,10.0,2.032,review,24,True
BULK-INV-5037-L01,BULK-INV-5037,5037,2026-05-08,130A,3249B,Water Based,method_ii,4.0,6528A,10.0,2.171,review,25,True
BULK-INV-5037-L01,BULK-INV-5037,5037,2026-05-08,130A,3249B,Water Based,method_ii,4.0,6770B,10.0,2.281,review,26,True
BULK-INV-5038-L01,BULK-INV-5038,5038,2026-05-09,130,325,Paint,method_i_b,1.5,6764-B,5.0,0.13,excellent,1,True
BULK-INV-5038-L01,BULK-INV-5038,5038,2026-05-09,130,325,Paint,method_i_b,1.5,6767A,10.0,0.269,excellent,2,True
BULK-INV-5038-L01,BULK-INV-5038,5038,2026-05-09,130,325,Paint,method_i_b,1.5,6823N-C,5.0,0.269,excellent,3,True
BULK-INV-5038-L01,BULK-INV-5038,5038,2026-05-09,130,325,Paint,method_i_b,1.5,6768A,5.0,0.284,excellent,4,True
BULK-INV-5038-L01,BULK-INV-5038,5038,2026-05-09,130,325,Paint,method_i_b,1.5,6764-A,10.0,0.297,excellent,5,True
BULK-INV-5038-L01,BULK-INV-5038,5038,2026-05-09,130,325,Paint,method_i_b,1.5,6782A,10.0,0.297,excellent,6,True
BULK-INV-5038-L01,BULK-INV-5038,5038,2026-05-09,130,325,Paint,method_i_b,1.5,6781A,10.0,0.309,excellent,7,True
BULK-INV-5038-L01,BULK-INV-5038,5038,2026-05-09,130,325,Paint,method_i_b,1.5,6781B,2.0,0.311,excellent,8,True
BULK-INV-5038-L01,BULK-INV-5038,5038,2026-05-09,130,325,Paint,method_i_b,1.5,6785A,10.0,0.323,excellent,9,True
BULK-INV-5038-L01,BULK-INV-5038,5038,2026-05-09,130,325,Paint,method_i_b,1.5,6823N-D,5.0,0.342,excellent,10,True
BULK-INV-5038-L01,BULK-INV-5038,5038,2026-05-09,130,325,Paint,method_i_b,1.5,6824N-A,5.0,0.363,excellent,11,True
BULK-INV-5038-L01,BULK-INV-5038,5038,2026-05-09,130,325,Paint,method_i_b,1.5,6822N-C,5.0,0.369,excellent,12,True
BULK-INV-5038-L01,BULK-INV-5038,5038,2026-05-09,130,325,Paint,method_i_b,1.5,6767B,10.0,0.371,excellent,13,True
BULK-INV-5038-L01,BULK-INV-5038,5038,2026-05-09,130,325,Paint,method_i_b,1.5,6828N-A,5.0,0.371,excellent,14,True
BULK-INV-5038-L01,BULK-INV-5038,5038,2026-05-09,130,325,Paint,method_i_b,1.5,6770A,10.0,0.387,excellent,15,True
BULK-INV-5038-L01,BULK-INV-5038,5038,2026-05-09,130,325,Paint,method_i_b,1.5,6784B,7.0,0.396,excellent,16,True
BULK-INV-5038-L01,BULK-INV-5038,5038,2026-05-09,130,325,Paint,method_i_b,1.5,6784A,10.0,0.415,excellent,17,True
BULK-INV-5038-L01,BULK-INV-5038,5038,2026-05-09,130,325,Paint,method_i_b,1.5,6828N-D,5.0,0.446,excellent,18,True
BULK-INV-5038-L01,BULK-INV-5038,5038,2026-05-09,130,325,Paint,method_i_b,1.5,6785B,10.0,0.453,excellent,19,True
BULK-INV-5038-L01,BULK-INV-5038,5038,2026-05-09,130,325,Paint,method_i_b,1.5,6563A,6.0,0.54,excellent,20,True
BULK-INV-5038-L01,BULK-INV-5038,5038,2026-05-09,130,325,Paint,method_i_b,1.5,6822N-D,5.0,0.559,excellent,21,True
BULK-INV-5038-L01,BULK-INV-5038,5038,2026-05-09,130,325,Paint,method_i_b,1.5,6823N-A,5.0,0.602,strict,22,True
BULK-INV-5038-L01,BULK-INV-5038,5038,2026-05-09,130,325,Paint,method_i_b,1.5,6127A,5.0,0.633,strict,23,True
BULK-INV-5038-L01,BULK-INV-5038,5038,2026-05-09,130,325,Paint,method_i_b,1.5,6828N-C,5.0,0.661,strict,24,True
BULK-INV-5038-L01,BULK-INV-5038,5038,2026-05-09,130,325,Paint,method_i_b,1.5,6812B,10.0,0.72,strict,25,True
BULK-INV-5038-L01,BULK-INV-5038,5038,2026-05-09,130,325,Paint,method_i_b,1.5,6812A,10.0,0.836,strict,26,True
BULK-INV-5038-L01,BULK-INV-5038,5038,2026-05-09,130,325,Paint,method_i_b,1.5,6566A,6.0,0.872,strict,27,True
BULK-INV-5038-L01,BULK-INV-5038,5038,2026-05-09,130,325,Paint,method_i_b,1.5,6566A,5.0,0.872,strict,28,True
BULK-INV-5038-L01,BULK-INV-5038,5038,2026-05-09,130,325,Paint,method_i_b,1.5,6778N-B,5.0,1.01,relaxed,29,True
BULK-INV-5038-L01,BULK-INV-5038,5038,2026-05-09,130,325,Paint,method_i_b,1.5,6826N-D,5.0,1.094,relaxed,30,True
BULK-INV-5038-L01,BULK-INV-5038,5038,2026-05-09,130,325,Paint,method_i_b,1.5,6827N-A,5.0,1.231,relaxed,31,True
BULK-INV-5039-L01,BULK-INV-5039,5039,2026-05-10,130,325,Water Based,method_ii,4.0,6778N-B,5.0,0.292,excellent,1,True
BULK-INV-5039-L01,BULK-INV-5039,5039,2026-05-10,130,325,Water Based,method_ii,4.0,6823N-D,5.0,0.493,excellent,2,True
BULK-INV-5039-L01,BULK-INV-5039,5039,2026-05-10,130,325,Water Based,method_ii,4.0,6824N-A,5.0,0.52,excellent,3,True
BULK-INV-5039-L01,BULK-INV-5039,5039,2026-05-10,130,325,Water Based,method_ii,4.0,6823N-C,5.0,0.623,strict,4,True
BULK-INV-5039-L01,BULK-INV-5039,5039,2026-05-10,130,325,Water Based,method_ii,4.0,6823N-A,5.0,0.732,strict,5,True
BULK-INV-5039-L01,BULK-INV-5039,5039,2026-05-10,130,325,Water Based,method_ii,4.0,6822N-D,5.0,0.747,strict,6,True
BULK-INV-5039-L01,BULK-INV-5039,5039,2026-05-10,130,325,Water Based,method_ii,4.0,6828N-D,5.0,0.799,strict,7,True
BULK-INV-5039-L01,BULK-INV-5039,5039,2026-05-10,130,325,Water Based,method_ii,4.0,6563A,6.0,0.929,strict,8,True
BULK-INV-5039-L01,BULK-INV-5039,5039,2026-05-10,130,325,Water Based,method_ii,4.0,6764-B,5.0,0.941,strict,9,True
BULK-INV-5039-L01,BULK-INV-5039,5039,2026-05-10,130,325,Water Based,method_ii,4.0,6768A,5.0,0.957,strict,10,True
BULK-INV-5039-L01,BULK-INV-5039,5039,2026-05-10,130,325,Water Based,method_ii,4.0,6828N-A,5.0,0.974,strict,11,True
BULK-INV-5039-L01,BULK-INV-5039,5039,2026-05-10,130,325,Water Based,method_ii,4.0,6828N-C,5.0,1.052,relaxed,12,True
BULK-INV-5039-L01,BULK-INV-5039,5039,2026-05-10,130,325,Water Based,method_ii,4.0,6822N-C,5.0,1.066,relaxed,13,True
BULK-INV-5039-L01,BULK-INV-5039,5039,2026-05-10,130,325,Water Based,method_ii,4.0,6764-A,10.0,1.175,relaxed,14,True
BULK-INV-5039-L01,BULK-INV-5039,5039,2026-05-10,130,325,Water Based,method_ii,4.0,6127A,5.0,1.205,relaxed,15,True
BULK-INV-5039-L01,BULK-INV-5039,5039,2026-05-10,130,325,Water Based,method_ii,4.0,6767A,10.0,1.397,relaxed,16,True
BULK-INV-5039-L01,BULK-INV-5039,5039,2026-05-10,130,325,Water Based,method_ii,4.0,6566A,6.0,1.422,relaxed,17,True
BULK-INV-5039-L01,BULK-INV-5039,5039,2026-05-10,130,325,Water Based,method_ii,4.0,6566A,5.0,1.422,relaxed,18,True
BULK-INV-5039-L01,BULK-INV-5039,5039,2026-05-10,130,325,Water Based,method_ii,4.0,6785B,10.0,1.449,relaxed,19,True
BULK-INV-5039-L01,BULK-INV-5039,5039,2026-05-10,130,325,Water Based,method_ii,4.0,6767B,10.0,1.465,relaxed,20,True
BULK-INV-5039-L01,BULK-INV-5039,5039,2026-05-10,130,325,Water Based,method_ii,4.0,6812B,10.0,1.476,relaxed,21,True
BULK-INV-5039-L01,BULK-INV-5039,5039,2026-05-10,130,325,Water Based,method_ii,4.0,6784B,7.0,1.546,review,22,True
BULK-INV-5039-L01,BULK-INV-5039,5039,2026-05-10,130,325,Water Based,method_ii,4.0,6782A,10.0,1.575,review,23,True
BULK-INV-5039-L01,BULK-INV-5039,5039,2026-05-10,130,325,Water Based,method_ii,4.0,6784A,10.0,1.581,review,24,True
BULK-INV-5039-L01,BULK-INV-5039,5039,2026-05-10,130,325,Water Based,method_ii,4.0,6781B,2.0,1.623,review,25,False
BULK-INV-5039-L01,BULK-INV-5039,5039,2026-05-10,130,325,Water Based,method_ii,4.0,6785A,10.0,1.688,review,26,True
BULK-INV-5039-L01,BULK-INV-5039,5039,2026-05-10,130,325,Water Based,method_ii,4.0,6826N-D,5.0,1.84,review,27,True
BULK-INV-5039-L01,BULK-INV-5039,5039,2026-05-10,130,325,Water Based,method_ii,4.0,6781A,10.0,1.929,review,28,True
BULK-INV-5039-L01,BULK-INV-5039,5039,2026-05-10,130,325,Water Based,method_ii,4.0,6812A,10.0,1.955,review,29,True
BULK-INV-5039-L01,BULK-INV-5039,5039,2026-05-10,130,325,Water Based,method_ii,4.0,6827N-A,5.0,1.965,review,30,True
BULK-INV-5039-L01,BULK-INV-5039,5039,2026-05-10,130,325,Water Based,method_ii,4.0,6770A,10.0,2.183,review,31,True
BULK-INV-5040-L01,BULK-INV-5040,5040,2026-05-11,130A,3249B,Water Based,method_ii,15.0,6802A,10.0,0.119,excellent,1,False
BULK-INV-5040-L01,BULK-INV-5040,5040,2026-05-11,130A,3249B,Water Based,method_ii,15.0,6796A,10.0,0.161,excellent,2,False
BULK-INV-5040-L01,BULK-INV-5040,5040,2026-05-11,130A,3249B,Water Based,method_ii,15.0,6801A,10.0,0.212,excellent,3,False
BULK-INV-5040-L01,BULK-INV-5040,5040,2026-05-11,130A,3249B,Water Based,method_ii,15.0,6789A,10.0,0.214,excellent,4,False
BULK-INV-5040-L01,BULK-INV-5040,5040,2026-05-11,130A,3249B,Water Based,method_ii,15.0,6822N-A,5.0,0.331,excellent,5,False
BULK-INV-5040-L01,BULK-INV-5040,5040,2026-05-11,130A,3249B,Water Based,method_ii,15.0,6797A,10.0,0.335,excellent,6,False
BULK-INV-5040-L01,BULK-INV-5040,5040,2026-05-11,130A,3249B,Water Based,method_ii,15.0,6787A,10.0,0.35,excellent,7,False
BULK-INV-5040-L01,BULK-INV-5040,5040,2026-05-11,130A,3249B,Water Based,method_ii,15.0,6802B,10.0,0.351,excellent,8,False
BULK-INV-5040-L01,BULK-INV-5040,5040,2026-05-11,130A,3249B,Water Based,method_ii,15.0,6788B,10.0,0.373,excellent,9,False
BULK-INV-5040-L01,BULK-INV-5040,5040,2026-05-11,130A,3249B,Water Based,method_ii,15.0,6796B,8.0,0.375,excellent,10,False
BULK-INV-5040-L01,BULK-INV-5040,5040,2026-05-11,130A,3249B,Water Based,method_ii,15.0,6801B,4.0,0.404,excellent,11,False
BULK-INV-5040-L01,BULK-INV-5040,5040,2026-05-11,130A,3249B,Water Based,method_ii,15.0,6788A,10.0,0.508,excellent,12,False
BULK-INV-5040-L01,BULK-INV-5040,5040,2026-05-11,130A,3249B,Water Based,method_ii,15.0,6797B,7.0,0.685,strict,13,False
BULK-INV-5040-L01,BULK-INV-5040,5040,2026-05-11,130A,3249B,Water Based,method_ii,15.0,6789B,10.0,0.76,strict,14,False
BULK-INV-5040-L01,BULK-INV-5040,5040,2026-05-11,130A,3249B,Water Based,method_ii,15.0,6787B,7.0,0.797,strict,15,False
BULK-INV-5040-L01,BULK-INV-5040,5040,2026-05-11,130A,3249B,Water Based,method_ii,15.0,6548A,4.0,0.904,strict,16,False
BULK-INV-5040-L01,BULK-INV-5040,5040,2026-05-11,130A,3249B,Water Based,method_ii,15.0,6823N-B,5.0,1.056,relaxed,17,False
BULK-INV-5040-L01,BULK-INV-5040,5040,2026-05-11,130A,3249B,Water Based,method_ii,15.0,6833A,10.0,1.074,relaxed,18,False
BULK-INV-5040-L01,BULK-INV-5040,5040,2026-05-11,130A,3249B,Water Based,method_ii,15.0,6719N-D,5.0,1.165,relaxed,19,False
BULK-INV-5040-L01,BULK-INV-5040,5040,2026-05-11,130A,3249B,Water Based,method_ii,15.0,6803B,5.0,1.196,relaxed,20,False
BULK-INV-5040-L01,BULK-INV-5040,5040,2026-05-11,130A,3249B,Water Based,method_ii,15.0,6803A,10.0,1.227,relaxed,21,False
BULK-INV-5040-L01,BULK-INV-5040,5040,2026-05-11,130A,3249B,Water Based,method_ii,15.0,6832A,10.0,1.584,review,22,False
BULK-INV-5040-L01,BULK-INV-5040,5040,2026-05-11,130A,3249B,Water Based,method_ii,15.0,6832B,6.0,1.699,review,23,False
BULK-INV-5040-L01,BULK-INV-5040,5040,2026-05-11,130A,3249B,Water Based,method_ii,15.0,6833B,10.0,2.032,review,24,False
BULK-INV-5040-L01,BULK-INV-5040,5040,2026-05-11,130A,3249B,Water Based,method_ii,15.0,6528A,10.0,2.171,review,25,False
BULK-INV-5040-L01,BULK-INV-5040,5040,2026-05-11,130A,3249B,Water Based,method_ii,15.0,6770B,10.0,2.281,review,26,False
BULK-INV-5041-L01,BULK-INV-5041,5041,2026-05-12,130,325,Paint,method_i_b,2.0,6764-B,5.0,0.13,excellent,1,True
BULK-INV-5041-L01,BULK-INV-5041,5041,2026-05-12,130,325,Paint,method_i_b,2.0,6767A,10.0,0.269,excellent,2,True
BULK-INV-5041-L01,BULK-INV-5041,5041,2026-05-12,130,325,Paint,method_i_b,2.0,6823N-C,5.0,0.269,excellent,3,True
BULK-INV-5041-L01,BULK-INV-5041,5041,2026-05-12,130,325,Paint,method_i_b,2.0,6768A,5.0,0.284,excellent,4,True
BULK-INV-5041-L01,BULK-INV-5041,5041,2026-05-12,130,325,Paint,method_i_b,2.0,6764-A,10.0,0.297,excellent,5,True
BULK-INV-5041-L01,BULK-INV-5041,5041,2026-05-12,130,325,Paint,method_i_b,2.0,6782A,10.0,0.297,excellent,6,True
BULK-INV-5041-L01,BULK-INV-5041,5041,2026-05-12,130,325,Paint,method_i_b,2.0,6781A,10.0,0.309,excellent,7,True
BULK-INV-5041-L01,BULK-INV-5041,5041,2026-05-12,130,325,Paint,method_i_b,2.0,6781B,2.0,0.311,excellent,8,True
BULK-INV-5041-L01,BULK-INV-5041,5041,2026-05-12,130,325,Paint,method_i_b,2.0,6785A,10.0,0.323,excellent,9,True
BULK-INV-5041-L01,BULK-INV-5041,5041,2026-05-12,130,325,Paint,method_i_b,2.0,6823N-D,5.0,0.342,excellent,10,True
BULK-INV-5041-L01,BULK-INV-5041,5041,2026-05-12,130,325,Paint,method_i_b,2.0,6824N-A,5.0,0.363,excellent,11,True
BULK-INV-5041-L01,BULK-INV-5041,5041,2026-05-12,130,325,Paint,method_i_b,2.0,6822N-C,5.0,0.369,excellent,12,True
BULK-INV-5041-L01,BULK-INV-5041,5041,2026-05-12,130,325,Paint,method_i_b,2.0,6767B,10.0,0.371,excellent,13,True
BULK-INV-5041-L01,BULK-INV-5041,5041,2026-05-12,130,325,Paint,method_i_b,2.0,6828N-A,5.0,0.371,excellent,14,True
BULK-INV-5041-L01,BULK-INV-5041,5041,2026-05-12,130,325,Paint,method_i_b,2.0,6770A,10.0,0.387,excellent,15,True
BULK-INV-5041-L01,BULK-INV-5041,5041,2026-05-12,130,325,Paint,method_i_b,2.0,6784B,7.0,0.396,excellent,16,True
BULK-INV-5041-L01,BULK-INV-5041,5041,2026-05-12,130,325,Paint,method_i_b,2.0,6784A,10.0,0.415,excellent,17,True
BULK-INV-5041-L01,BULK-INV-5041,5041,2026-05-12,130,325,Paint,method_i_b,2.0,6828N-D,5.0,0.446,excellent,18,True
BULK-INV-5041-L01,BULK-INV-5041,5041,2026-05-12,130,325,Paint,method_i_b,2.0,6785B,10.0,0.453,excellent,19,True
BULK-INV-5041-L01,BULK-INV-5041,5041,2026-05-12,130,325,Paint,method_i_b,2.0,6563A,6.0,0.54,excellent,20,True
BULK-INV-5041-L01,BULK-INV-5041,5041,2026-05-12,130,325,Paint,method_i_b,2.0,6822N-D,5.0,0.559,excellent,21,True
BULK-INV-5041-L01,BULK-INV-5041,5041,2026-05-12,130,325,Paint,method_i_b,2.0,6823N-A,5.0,0.602,strict,22,True
BULK-INV-5041-L01,BULK-INV-5041,5041,2026-05-12,130,325,Paint,method_i_b,2.0,6127A,5.0,0.633,strict,23,True
BULK-INV-5041-L01,BULK-INV-5041,5041,2026-05-12,130,325,Paint,method_i_b,2.0,6828N-C,5.0,0.661,strict,24,True
BULK-INV-5041-L01,BULK-INV-5041,5041,2026-05-12,130,325,Paint,method_i_b,2.0,6812B,10.0,0.72,strict,25,True
BULK-INV-5041-L01,BULK-INV-5041,5041,2026-05-12,130,325,Paint,method_i_b,2.0,6812A,10.0,0.836,strict,26,True
BULK-INV-5041-L01,BULK-INV-5041,5041,2026-05-12,130,325,Paint,method_i_b,2.0,6566A,6.0,0.872,strict,27,True
BULK-INV-5041-L01,BULK-INV-5041,5041,2026-05-12,130,325,Paint,method_i_b,2.0,6566A,5.0,0.872,strict,28,True
BULK-INV-5041-L01,BULK-INV-5041,5041,2026-05-12,130,325,Paint,method_i_b,2.0,6778N-B,5.0,1.01,relaxed,29,True
BULK-INV-5041-L01,BULK-INV-5041,5041,2026-05-12,130,325,Paint,method_i_b,2.0,6826N-D,5.0,1.094,relaxed,30,True
BULK-INV-5041-L01,BULK-INV-5041,5041,2026-05-12,130,325,Paint,method_i_b,2.0,6827N-A,5.0,1.231,relaxed,31,True
BULK-INV-5042-L01,BULK-INV-5042,5042,2026-05-13,130,325,Water Based,method_ii,6.0,6778N-B,5.0,0.292,excellent,1,False
BULK-INV-5042-L01,BULK-INV-5042,5042,2026-05-13,130,325,Water Based,method_ii,6.0,6823N-D,5.0,0.493,excellent,2,False
BULK-INV-5042-L01,BULK-INV-5042,5042,2026-05-13,130,325,Water Based,method_ii,6.0,6824N-A,5.0,0.52,excellent,3,False
BULK-INV-5042-L01,BULK-INV-5042,5042,2026-05-13,130,325,Water Based,method_ii,6.0,6823N-C,5.0,0.623,strict,4,False
BULK-INV-5042-L01,BULK-INV-5042,5042,2026-05-13,130,325,Water Based,method_ii,6.0,6823N-A,5.0,0.732,strict,5,False
BULK-INV-5042-L01,BULK-INV-5042,5042,2026-05-13,130,325,Water Based,method_ii,6.0,6822N-D,5.0,0.747,strict,6,False
BULK-INV-5042-L01,BULK-INV-5042,5042,2026-05-13,130,325,Water Based,method_ii,6.0,6828N-D,5.0,0.799,strict,7,False
BULK-INV-5042-L01,BULK-INV-5042,5042,2026-05-13,130,325,Water Based,method_ii,6.0,6563A,6.0,0.929,strict,8,True
BULK-INV-5042-L01,BULK-INV-5042,5042,2026-05-13,130,325,Water Based,method_ii,6.0,6764-B,5.0,0.941,strict,9,False
BULK-INV-5042-L01,BULK-INV-5042,5042,2026-05-13,130,325,Water Based,method_ii,6.0,6768A,5.0,0.957,strict,10,False
BULK-INV-5042-L01,BULK-INV-5042,5042,2026-05-13,130,325,Water Based,method_ii,6.0,6828N-A,5.0,0.974,strict,11,False
BULK-INV-5042-L01,BULK-INV-5042,5042,2026-05-13,130,325,Water Based,method_ii,6.0,6828N-C,5.0,1.052,relaxed,12,False
BULK-INV-5042-L01,BULK-INV-5042,5042,2026-05-13,130,325,Water Based,method_ii,6.0,6822N-C,5.0,1.066,relaxed,13,False
BULK-INV-5042-L01,BULK-INV-5042,5042,2026-05-13,130,325,Water Based,method_ii,6.0,6764-A,10.0,1.175,relaxed,14,True
BULK-INV-5042-L01,BULK-INV-5042,5042,2026-05-13,130,325,Water Based,method_ii,6.0,6127A,5.0,1.205,relaxed,15,False
BULK-INV-5042-L01,BULK-INV-5042,5042,2026-05-13,130,325,Water Based,method_ii,6.0,6767A,10.0,1.397,relaxed,16,True
BULK-INV-5042-L01,BULK-INV-5042,5042,2026-05-13,130,325,Water Based,method_ii,6.0,6566A,6.0,1.422,relaxed,17,True
BULK-INV-5042-L01,BULK-INV-5042,5042,2026-05-13,130,325,Water Based,method_ii,6.0,6566A,5.0,1.422,relaxed,18,False
BULK-INV-5042-L01,BULK-INV-5042,5042,2026-05-13,130,325,Water Based,method_ii,6.0,6785B,10.0,1.449,relaxed,19,True
BULK-INV-5042-L01,BULK-INV-5042,5042,2026-05-13,130,325,Water Based,method_ii,6.0,6767B,10.0,1.465,relaxed,20,True
BULK-INV-5042-L01,BULK-INV-5042,5042,2026-05-13,130,325,Water Based,method_ii,6.0,6812B,10.0,1.476,relaxed,21,True
BULK-INV-5042-L01,BULK-INV-5042,5042,2026-05-13,130,325,Water Based,method_ii,6.0,6784B,7.0,1.546,review,22,True
BULK-INV-5042-L01,BULK-INV-5042,5042,2026-05-13,130,325,Water Based,method_ii,6.0,6782A,10.0,1.575,review,23,True
BULK-INV-5042-L01,BULK-INV-5042,5042,2026-05-13,130,325,Water Based,method_ii,6.0,6784A,10.0,1.581,review,24,True
BULK-INV-5042-L01,BULK-INV-5042,5042,2026-05-13,130,325,Water Based,method_ii,6.0,6781B,2.0,1.623,review,25,False
BULK-INV-5042-L01,BULK-INV-5042,5042,2026-05-13,130,325,Water Based,method_ii,6.0,6785A,10.0,1.688,review,26,True
BULK-INV-5042-L01,BULK-INV-5042,5042,2026-05-13,130,325,Water Based,method_ii,6.0,6826N-D,5.0,1.84,review,27,False
BULK-INV-5042-L01,BULK-INV-5042,5042,2026-05-13,130,325,Water Based,method_ii,6.0,6781A,10.0,1.929,review,28,True
BULK-INV-5042-L01,BULK-INV-5042,5042,2026-05-13,130,325,Water Based,method_ii,6.0,6812A,10.0,1.955,review,29,True
BULK-INV-5042-L01,BULK-INV-5042,5042,2026-05-13,130,325,Water Based,method_ii,6.0,6827N-A,5.0,1.965,review,30,False
BULK-INV-5042-L01,BULK-INV-5042,5042,2026-05-13,130,325,Water Based,method_ii,6.0,6770A,10.0,2.183,review,31,True
BULK-INV-5042-L02,BULK-INV-5042,5042,2026-05-13,130A,3249B,Paint,method_i_b,3.0,6788A,10.0,0.017,excellent,1,True
BULK-INV-5042-L02,BULK-INV-5042,5042,2026-05-13,130A,3249B,Paint,method_i_b,3.0,6787B,7.0,0.07,excellent,2,True
BULK-INV-5042-L02,BULK-INV-5042,5042,2026-05-13,130A,3249B,Paint,method_i_b,3.0,6797B,7.0,0.082,excellent,3,True
BULK-INV-5042-L02,BULK-INV-5042,5042,2026-05-13,130A,3249B,Paint,method_i_b,3.0,6797A,10.0,0.09,excellent,4,True
BULK-INV-5042-L02,BULK-INV-5042,5042,2026-05-13,130A,3249B,Paint,method_i_b,3.0,6787A,10.0,0.101,excellent,5,True
BULK-INV-5042-L02,BULK-INV-5042,5042,2026-05-13,130A,3249B,Paint,method_i_b,3.0,6796B,8.0,0.197,excellent,6,True
BULK-INV-5042-L02,BULK-INV-5042,5042,2026-05-13,130A,3249B,Paint,method_i_b,3.0,6788B,10.0,0.271,excellent,7,True
BULK-INV-5042-L02,BULK-INV-5042,5042,2026-05-13,130A,3249B,Paint,method_i_b,3.0,6796A,10.0,0.331,excellent,8,True
BULK-INV-5042-L02,BULK-INV-5042,5042,2026-05-13,130A,3249B,Paint,method_i_b,3.0,6803B,5.0,0.429,excellent,9,True
BULK-INV-5042-L02,BULK-INV-5042,5042,2026-05-13,130A,3249B,Paint,method_i_b,3.0,6802A,10.0,0.526,excellent,10,True
BULK-INV-5042-L02,BULK-INV-5042,5042,2026-05-13,130A,3249B,Paint,method_i_b,3.0,6801B,4.0,0.59,excellent,11,True
BULK-INV-5042-L02,BULK-INV-5042,5042,2026-05-13,130A,3249B,Paint,method_i_b,3.0,6803A,10.0,0.611,strict,12,True
BULK-INV-5042-L02,BULK-INV-5042,5042,2026-05-13,130A,3249B,Paint,method_i_b,3.0,6822N-A,5.0,0.661,strict,13,True
BULK-INV-5042-L02,BULK-INV-5042,5042,2026-05-13,130A,3249B,Paint,method_i_b,3.0,6833B,10.0,0.708,strict,14,True
BULK-INV-5042-L02,BULK-INV-5042,5042,2026-05-13,130A,3249B,Paint,method_i_b,3.0,6833A,10.0,0.77,strict,15,True
BULK-INV-5042-L02,BULK-INV-5042,5042,2026-05-13,130A,3249B,Paint,method_i_b,3.0,6802B,10.0,0.827,strict,16,True
BULK-INV-5042-L02,BULK-INV-5042,5042,2026-05-13,130A,3249B,Paint,method_i_b,3.0,6548A,4.0,0.833,strict,17,True
BULK-INV-5042-L02,BULK-INV-5042,5042,2026-05-13,130A,3249B,Paint,method_i_b,3.0,6832B,6.0,0.897,strict,18,True
BULK-INV-5042-L02,BULK-INV-5042,5042,2026-05-13,130A,3249B,Paint,method_i_b,3.0,6789A,10.0,0.899,strict,19,True
BULK-INV-5042-L02,BULK-INV-5042,5042,2026-05-13,130A,3249B,Paint,method_i_b,3.0,6801A,10.0,0.915,strict,20,True
BULK-INV-5042-L02,BULK-INV-5042,5042,2026-05-13,130A,3249B,Paint,method_i_b,3.0,6832A,10.0,0.923,strict,21,True
BULK-INV-5042-L02,BULK-INV-5042,5042,2026-05-13,130A,3249B,Paint,method_i_b,3.0,6719N-D,5.0,0.961,strict,22,True
BULK-INV-5042-L02,BULK-INV-5042,5042,2026-05-13,130A,3249B,Paint,method_i_b,3.0,6789B,10.0,1.026,relaxed,23,True
BULK-INV-5042-L02,BULK-INV-5042,5042,2026-05-13,130A,3249B,Paint,method_i_b,3.0,6770B,10.0,1.095,relaxed,24,True
BULK-INV-5042-L02,BULK-INV-5042,5042,2026-05-13,130A,3249B,Paint,method_i_b,3.0,6528A,10.0,1.236,relaxed,25,True
BULK-INV-5042-L02,BULK-INV-5042,5042,2026-05-13,130A,3249B,Paint,method_i_b,3.0,6823N-B,5.0,1.393,relaxed,26,True
BULK-INV-5043-L01,BULK-INV-5043,5043,2026-05-14,130A,3249B,Water Based,method_ii,6.0,6802A,10.0,0.119,excellent,1,True
BULK-INV-5043-L01,BULK-INV-5043,5043,2026-05-14,130A,3249B,Water Based,method_ii,6.0,6796A,10.0,0.161,excellent,2,True
BULK-INV-5043-L01,BULK-INV-5043,5043,2026-05-14,130A,3249B,Water Based,method_ii,6.0,6801A,10.0,0.212,excellent,3,True
BULK-INV-5043-L01,BULK-INV-5043,5043,2026-05-14,130A,3249B,Water Based,method_ii,6.0,6789A,10.0,0.214,excellent,4,True
BULK-INV-5043-L01,BULK-INV-5043,5043,2026-05-14,130A,3249B,Water Based,method_ii,6.0,6822N-A,5.0,0.331,excellent,5,False
BULK-INV-5043-L01,BULK-INV-5043,5043,2026-05-14,130A,3249B,Water Based,method_ii,6.0,6797A,10.0,0.335,excellent,6,True
BULK-INV-5043-L01,BULK-INV-5043,5043,2026-05-14,130A,3249B,Water Based,method_ii,6.0,6787A,10.0,0.35,excellent,7,True
BULK-INV-5043-L01,BULK-INV-5043,5043,2026-05-14,130A,3249B,Water Based,method_ii,6.0,6802B,10.0,0.351,excellent,8,True
BULK-INV-5043-L01,BULK-INV-5043,5043,2026-05-14,130A,3249B,Water Based,method_ii,6.0,6788B,10.0,0.373,excellent,9,True
BULK-INV-5043-L01,BULK-INV-5043,5043,2026-05-14,130A,3249B,Water Based,method_ii,6.0,6796B,8.0,0.375,excellent,10,True
BULK-INV-5043-L01,BULK-INV-5043,5043,2026-05-14,130A,3249B,Water Based,method_ii,6.0,6801B,4.0,0.404,excellent,11,False
BULK-INV-5043-L01,BULK-INV-5043,5043,2026-05-14,130A,3249B,Water Based,method_ii,6.0,6788A,10.0,0.508,excellent,12,True
BULK-INV-5043-L01,BULK-INV-5043,5043,2026-05-14,130A,3249B,Water Based,method_ii,6.0,6797B,7.0,0.685,strict,13,True
BULK-INV-5043-L01,BULK-INV-5043,5043,2026-05-14,130A,3249B,Water Based,method_ii,6.0,6789B,10.0,0.76,strict,14,True
BULK-INV-5043-L01,BULK-INV-5043,5043,2026-05-14,130A,3249B,Water Based,method_ii,6.0,6787B,7.0,0.797,strict,15,True
BULK-INV-5043-L01,BULK-INV-5043,5043,2026-05-14,130A,3249B,Water Based,method_ii,6.0,6548A,4.0,0.904,strict,16,False
BULK-INV-5043-L01,BULK-INV-5043,5043,2026-05-14,130A,3249B,Water Based,method_ii,6.0,6823N-B,5.0,1.056,relaxed,17,False
BULK-INV-5043-L01,BULK-INV-5043,5043,2026-05-14,130A,3249B,Water Based,method_ii,6.0,6833A,10.0,1.074,relaxed,18,True
BULK-INV-5043-L01,BULK-INV-5043,5043,2026-05-14,130A,3249B,Water Based,method_ii,6.0,6719N-D,5.0,1.165,relaxed,19,False
BULK-INV-5043-L01,BULK-INV-5043,5043,2026-05-14,130A,3249B,Water Based,method_ii,6.0,6803B,5.0,1.196,relaxed,20,False
BULK-INV-5043-L01,BULK-INV-5043,5043,2026-05-14,130A,3249B,Water Based,method_ii,6.0,6803A,10.0,1.227,relaxed,21,True
BULK-INV-5043-L01,BULK-INV-5043,5043,2026-05-14,130A,3249B,Water Based,method_ii,6.0,6832A,10.0,1.584,review,22,True
BULK-INV-5043-L01,BULK-INV-5043,5043,2026-05-14,130A,3249B,Water Based,method_ii,6.0,6832B,6.0,1.699,review,23,True
BULK-INV-5043-L01,BULK-INV-5043,5043,2026-05-14,130A,3249B,Water Based,method_ii,6.0,6833B,10.0,2.032,review,24,True
BULK-INV-5043-L01,BULK-INV-5043,5043,2026-05-14,130A,3249B,Water Based,method_ii,6.0,6528A,10.0,2.171,review,25,True
BULK-INV-5043-L01,BULK-INV-5043,5043,2026-05-14,130A,3249B,Water Based,method_ii,6.0,6770B,10.0,2.281,review,26,True
BULK-INV-5044-L01,BULK-INV-5044,5044,2026-05-15,130,325,Paint,method_i_b,25.0,6764-B,5.0,0.13,excellent,1,False
BULK-INV-5044-L01,BULK-INV-5044,5044,2026-05-15,130,325,Paint,method_i_b,25.0,6767A,10.0,0.269,excellent,2,False
BULK-INV-5044-L01,BULK-INV-5044,5044,2026-05-15,130,325,Paint,method_i_b,25.0,6823N-C,5.0,0.269,excellent,3,False
BULK-INV-5044-L01,BULK-INV-5044,5044,2026-05-15,130,325,Paint,method_i_b,25.0,6768A,5.0,0.284,excellent,4,False
BULK-INV-5044-L01,BULK-INV-5044,5044,2026-05-15,130,325,Paint,method_i_b,25.0,6764-A,10.0,0.297,excellent,5,False
BULK-INV-5044-L01,BULK-INV-5044,5044,2026-05-15,130,325,Paint,method_i_b,25.0,6782A,10.0,0.297,excellent,6,False
BULK-INV-5044-L01,BULK-INV-5044,5044,2026-05-15,130,325,Paint,method_i_b,25.0,6781A,10.0,0.309,excellent,7,False
BULK-INV-5044-L01,BULK-INV-5044,5044,2026-05-15,130,325,Paint,method_i_b,25.0,6781B,2.0,0.311,excellent,8,False
BULK-INV-5044-L01,BULK-INV-5044,5044,2026-05-15,130,325,Paint,method_i_b,25.0,6785A,10.0,0.323,excellent,9,False
BULK-INV-5044-L01,BULK-INV-5044,5044,2026-05-15,130,325,Paint,method_i_b,25.0,6823N-D,5.0,0.342,excellent,10,False
BULK-INV-5044-L01,BULK-INV-5044,5044,2026-05-15,130,325,Paint,method_i_b,25.0,6824N-A,5.0,0.363,excellent,11,False
BULK-INV-5044-L01,BULK-INV-5044,5044,2026-05-15,130,325,Paint,method_i_b,25.0,6822N-C,5.0,0.369,excellent,12,False
BULK-INV-5044-L01,BULK-INV-5044,5044,2026-05-15,130,325,Paint,method_i_b,25.0,6767B,10.0,0.371,excellent,13,False
BULK-INV-5044-L01,BULK-INV-5044,5044,2026-05-15,130,325,Paint,method_i_b,25.0,6828N-A,5.0,0.371,excellent,14,False
BULK-INV-5044-L01,BULK-INV-5044,5044,2026-05-15,130,325,Paint,method_i_b,25.0,6770A,10.0,0.387,excellent,15,False
BULK-INV-5044-L01,BULK-INV-5044,5044,2026-05-15,130,325,Paint,method_i_b,25.0,6784B,7.0,0.396,excellent,16,False
BULK-INV-5044-L01,BULK-INV-5044,5044,2026-05-15,130,325,Paint,method_i_b,25.0,6784A,10.0,0.415,excellent,17,False
BULK-INV-5044-L01,BULK-INV-5044,5044,2026-05-15,130,325,Paint,method_i_b,25.0,6828N-D,5.0,0.446,excellent,18,False
BULK-INV-5044-L01,BULK-INV-5044,5044,2026-05-15,130,325,Paint,method_i_b,25.0,6785B,10.0,0.453,excellent,19,False
BULK-INV-5044-L01,BULK-INV-5044,5044,2026-05-15,130,325,Paint,method_i_b,25.0,6563A,6.0,0.54,excellent,20,False
BULK-INV-5044-L01,BULK-INV-5044,5044,2026-05-15,130,325,Paint,method_i_b,25.0,6822N-D,5.0,0.559,excellent,21,False
BULK-INV-5044-L01,BULK-INV-5044,5044,2026-05-15,130,325,Paint,method_i_b,25.0,6823N-A,5.0,0.602,strict,22,False
BULK-INV-5044-L01,BULK-INV-5044,5044,2026-05-15,130,325,Paint,method_i_b,25.0,6127A,5.0,0.633,strict,23,False
BULK-INV-5044-L01,BULK-INV-5044,5044,2026-05-15,130,325,Paint,method_i_b,25.0,6828N-C,5.0,0.661,strict,24,False
BULK-INV-5044-L01,BULK-INV-5044,5044,2026-05-15,130,325,Paint,method_i_b,25.0,6812B,10.0,0.72,strict,25,False
BULK-INV-5044-L01,BULK-INV-5044,5044,2026-05-15,130,325,Paint,method_i_b,25.0,6812A,10.0,0.836,strict,26,False
BULK-INV-5044-L01,BULK-INV-5044,5044,2026-05-15,130,325,Paint,method_i_b,25.0,6566A,6.0,0.872,strict,27,False
BULK-INV-5044-L01,BULK-INV-5044,5044,2026-05-15,130,325,Paint,method_i_b,25.0,6566A,5.0,0.872,strict,28,False
BULK-INV-5044-L01,BULK-INV-5044,5044,2026-05-15,130,325,Paint,method_i_b,25.0,6778N-B,5.0,1.01,relaxed,29,False
BULK-INV-5044-L01,BULK-INV-5044,5044,2026-05-15,130,325,Paint,method_i_b,25.0,6826N-D,5.0,1.094,relaxed,30,False
BULK-INV-5044-L01,BULK-INV-5044,5044,2026-05-15,130,325,Paint,method_i_b,25.0,6827N-A,5.0,1.231,relaxed,31,False
BULK-INV-5047-L01,BULK-INV-5047,5047,2026-04-03,130,325,Paint,method_i_b,2.5,6764-B,5.0,0.13,excellent,1,True
BULK-INV-5047-L01,BULK-INV-5047,5047,2026-04-03,130,325,Paint,method_i_b,2.5,6767A,10.0,0.269,excellent,2,True
BULK-INV-5047-L01,BULK-INV-5047,5047,2026-04-03,130,325,Paint,method_i_b,2.5,6823N-C,5.0,0.269,excellent,3,True
BULK-INV-5047-L01,BULK-INV-5047,5047,2026-04-03,130,325,Paint,method_i_b,2.5,6768A,5.0,0.284,excellent,4,True
BULK-INV-5047-L01,BULK-INV-5047,5047,2026-04-03,130,325,Paint,method_i_b,2.5,6764-A,10.0,0.297,excellent,5,True
BULK-INV-5047-L01,BULK-INV-5047,5047,2026-04-03,130,325,Paint,method_i_b,2.5,6782A,10.0,0.297,excellent,6,True
BULK-INV-5047-L01,BULK-INV-5047,5047,2026-04-03,130,325,Paint,method_i_b,2.5,6781A,10.0,0.309,excellent,7,True
BULK-INV-5047-L01,BULK-INV-5047,5047,2026-04-03,130,325,Paint,method_i_b,2.5,6781B,2.0,0.311,excellent,8,False
BULK-INV-5047-L01,BULK-INV-5047,5047,2026-04-03,130,325,Paint,method_i_b,2.5,6785A,10.0,0.323,excellent,9,True
BULK-INV-5047-L01,BULK-INV-5047,5047,2026-04-03,130,325,Paint,method_i_b,2.5,6823N-D,5.0,0.342,excellent,10,True
BULK-INV-5047-L01,BULK-INV-5047,5047,2026-04-03,130,325,Paint,method_i_b,2.5,6824N-A,5.0,0.363,excellent,11,True
BULK-INV-5047-L01,BULK-INV-5047,5047,2026-04-03,130,325,Paint,method_i_b,2.5,6822N-C,5.0,0.369,excellent,12,True
BULK-INV-5047-L01,BULK-INV-5047,5047,2026-04-03,130,325,Paint,method_i_b,2.5,6767B,10.0,0.371,excellent,13,True
BULK-INV-5047-L01,BULK-INV-5047,5047,2026-04-03,130,325,Paint,method_i_b,2.5,6828N-A,5.0,0.371,excellent,14,True
BULK-INV-5047-L01,BULK-INV-5047,5047,2026-04-03,130,325,Paint,method_i_b,2.5,6770A,10.0,0.387,excellent,15,True
BULK-INV-5047-L01,BULK-INV-5047,5047,2026-04-03,130,325,Paint,method_i_b,2.5,6784B,7.0,0.396,excellent,16,True
BULK-INV-5047-L01,BULK-INV-5047,5047,2026-04-03,130,325,Paint,method_i_b,2.5,6784A,10.0,0.415,excellent,17,True
BULK-INV-5047-L01,BULK-INV-5047,5047,2026-04-03,130,325,Paint,method_i_b,2.5,6828N-D,5.0,0.446,excellent,18,True
BULK-INV-5047-L01,BULK-INV-5047,5047,2026-04-03,130,325,Paint,method_i_b,2.5,6785B,10.0,0.453,excellent,19,True
BULK-INV-5047-L01,BULK-INV-5047,5047,2026-04-03,130,325,Paint,method_i_b,2.5,6563A,6.0,0.54,excellent,20,True
BULK-INV-5047-L01,BULK-INV-5047,5047,2026-04-03,130,325,Paint,method_i_b,2.5,6822N-D,5.0,0.559,excellent,21,True
BULK-INV-5047-L01,BULK-INV-5047,5047,2026-04-03,130,325,Paint,method_i_b,2.5,6823N-A,5.0,0.602,strict,22,True
BULK-INV-5047-L01,BULK-INV-5047,5047,2026-04-03,130,325,Paint,method_i_b,2.5,6127A,5.0,0.633,strict,23,True
BULK-INV-5047-L01,BULK-INV-5047,5047,2026-04-03,130,325,Paint,method_i_b,2.5,6828N-C,5.0,0.661,strict,24,True
BULK-INV-5047-L01,BULK-INV-5047,5047,2026-04-03,130,325,Paint,method_i_b,2.5,6812B,10.0,0.72,strict,25,True
BULK-INV-5047-L01,BULK-INV-5047,5047,2026-04-03,130,325,Paint,method_i_b,2.5,6812A,10.0,0.836,strict,26,True
BULK-INV-5047-L01,BULK-INV-5047,5047,2026-04-03,130,325,Paint,method_i_b,2.5,6566A,6.0,0.872,strict,27,True
BULK-INV-5047-L01,BULK-INV-5047,5047,2026-04-03,130,325,Paint,method_i_b,2.5,6566A,5.0,0.872,strict,28,True
BULK-INV-5047-L01,BULK-INV-5047,5047,2026-04-03,130,325,Paint,method_i_b,2.5,6778N-B,5.0,1.01,relaxed,29,True
BULK-INV-5047-L01,BULK-INV-5047,5047,2026-04-03,130,325,Paint,method_i_b,2.5,6826N-D,5.0,1.094,relaxed,30,True
BULK-INV-5047-L01,BULK-INV-5047,5047,2026-04-03,130,325,Paint,method_i_b,2.5,6827N-A,5.0,1.231,relaxed,31,True
BULK-INV-5048-L01,BULK-INV-5048,5048,2026-04-04,130,325,Water Based,method_ii,1.25,6778N-B,5.0,0.292,excellent,1,True
BULK-INV-5048-L01,BULK-INV-5048,5048,2026-04-04,130,325,Water Based,method_ii,1.25,6823N-D,5.0,0.493,excellent,2,True
BULK-INV-5048-L01,BULK-INV-5048,5048,2026-04-04,130,325,Water Based,method_ii,1.25,6824N-A,5.0,0.52,excellent,3,True
BULK-INV-5048-L01,BULK-INV-5048,5048,2026-04-04,130,325,Water Based,method_ii,1.25,6823N-C,5.0,0.623,strict,4,True
BULK-INV-5048-L01,BULK-INV-5048,5048,2026-04-04,130,325,Water Based,method_ii,1.25,6823N-A,5.0,0.732,strict,5,True
BULK-INV-5048-L01,BULK-INV-5048,5048,2026-04-04,130,325,Water Based,method_ii,1.25,6822N-D,5.0,0.747,strict,6,True
BULK-INV-5048-L01,BULK-INV-5048,5048,2026-04-04,130,325,Water Based,method_ii,1.25,6828N-D,5.0,0.799,strict,7,True
BULK-INV-5048-L01,BULK-INV-5048,5048,2026-04-04,130,325,Water Based,method_ii,1.25,6563A,6.0,0.929,strict,8,True
BULK-INV-5048-L01,BULK-INV-5048,5048,2026-04-04,130,325,Water Based,method_ii,1.25,6764-B,5.0,0.941,strict,9,True
BULK-INV-5048-L01,BULK-INV-5048,5048,2026-04-04,130,325,Water Based,method_ii,1.25,6768A,5.0,0.957,strict,10,True
BULK-INV-5048-L01,BULK-INV-5048,5048,2026-04-04,130,325,Water Based,method_ii,1.25,6828N-A,5.0,0.974,strict,11,True
BULK-INV-5048-L01,BULK-INV-5048,5048,2026-04-04,130,325,Water Based,method_ii,1.25,6828N-C,5.0,1.052,relaxed,12,True
BULK-INV-5048-L01,BULK-INV-5048,5048,2026-04-04,130,325,Water Based,method_ii,1.25,6822N-C,5.0,1.066,relaxed,13,True
BULK-INV-5048-L01,BULK-INV-5048,5048,2026-04-04,130,325,Water Based,method_ii,1.25,6764-A,10.0,1.175,relaxed,14,True
BULK-INV-5048-L01,BULK-INV-5048,5048,2026-04-04,130,325,Water Based,method_ii,1.25,6127A,5.0,1.205,relaxed,15,True
BULK-INV-5048-L01,BULK-INV-5048,5048,2026-04-04,130,325,Water Based,method_ii,1.25,6767A,10.0,1.397,relaxed,16,True
BULK-INV-5048-L01,BULK-INV-5048,5048,2026-04-04,130,325,Water Based,method_ii,1.25,6566A,6.0,1.422,relaxed,17,True
BULK-INV-5048-L01,BULK-INV-5048,5048,2026-04-04,130,325,Water Based,method_ii,1.25,6566A,5.0,1.422,relaxed,18,True
BULK-INV-5048-L01,BULK-INV-5048,5048,2026-04-04,130,325,Water Based,method_ii,1.25,6785B,10.0,1.449,relaxed,19,True
BULK-INV-5048-L01,BULK-INV-5048,5048,2026-04-04,130,325,Water Based,method_ii,1.25,6767B,10.0,1.465,relaxed,20,True
BULK-INV-5048-L01,BULK-INV-5048,5048,2026-04-04,130,325,Water Based,method_ii,1.25,6812B,10.0,1.476,relaxed,21,True
BULK-INV-5048-L01,BULK-INV-5048,5048,2026-04-04,130,325,Water Based,method_ii,1.25,6784B,7.0,1.546,review,22,True
BULK-INV-5048-L01,BULK-INV-5048,5048,2026-04-04,130,325,Water Based,method_ii,1.25,6782A,10.0,1.575,review,23,True
BULK-INV-5048-L01,BULK-INV-5048,5048,2026-04-04,130,325,Water Based,method_ii,1.25,6784A,10.0,1.581,review,24,True
BULK-INV-5048-L01,BULK-INV-5048,5048,2026-04-04,130,325,Water Based,method_ii,1.25,6781B,2.0,1.623,review,25,True
BULK-INV-5048-L01,BULK-INV-5048,5048,2026-04-04,130,325,Water Based,method_ii,1.25,6785A,10.0,1.688,review,26,True
BULK-INV-5048-L01,BULK-INV-5048,5048,2026-04-04,130,325,Water Based,method_ii,1.25,6826N-D,5.0,1.84,review,27,True
BULK-INV-5048-L01,BULK-INV-5048,5048,2026-04-04,130,325,Water Based,method_ii,1.25,6781A,10.0,1.929,review,28,True
BULK-INV-5048-L01,BULK-INV-5048,5048,2026-04-04,130,325,Water Based,method_ii,1.25,6812A,10.0,1.955,review,29,True
BULK-INV-5048-L01,BULK-INV-5048,5048,2026-04-04,130,325,Water Based,method_ii,1.25,6827N-A,5.0,1.965,review,30,True
BULK-INV-5048-L01,BULK-INV-5048,5048,2026-04-04,130,325,Water Based,method_ii,1.25,6770A,10.0,2.183,review,31,True
BULK-INV-5050-L01,BULK-INV-5050,5050,2026-04-06,130,325,Paint,method_i_b,10.0,6764-B,5.0,0.13,excellent,1,False
BULK-INV-5050-L01,BULK-INV-5050,5050,2026-04-06,130,325,Paint,method_i_b,10.0,6767A,10.0,0.269,excellent,2,True
BULK-INV-5050-L01,BULK-INV-5050,5050,2026-04-06,130,325,Paint,method_i_b,10.0,6823N-C,5.0,0.269,excellent,3,False
BULK-INV-5050-L01,BULK-INV-5050,5050,2026-04-06,130,325,Paint,method_i_b,10.0,6768A,5.0,0.284,excellent,4,False
BULK-INV-5050-L01,BULK-INV-5050,5050,2026-04-06,130,325,Paint,method_i_b,10.0,6764-A,10.0,0.297,excellent,5,True
BULK-INV-5050-L01,BULK-INV-5050,5050,2026-04-06,130,325,Paint,method_i_b,10.0,6782A,10.0,0.297,excellent,6,True
BULK-INV-5050-L01,BULK-INV-5050,5050,2026-04-06,130,325,Paint,method_i_b,10.0,6781A,10.0,0.309,excellent,7,True
BULK-INV-5050-L01,BULK-INV-5050,5050,2026-04-06,130,325,Paint,method_i_b,10.0,6781B,2.0,0.311,excellent,8,False
BULK-INV-5050-L01,BULK-INV-5050,5050,2026-04-06,130,325,Paint,method_i_b,10.0,6785A,10.0,0.323,excellent,9,True
BULK-INV-5050-L01,BULK-INV-5050,5050,2026-04-06,130,325,Paint,method_i_b,10.0,6823N-D,5.0,0.342,excellent,10,False
BULK-INV-5050-L01,BULK-INV-5050,5050,2026-04-06,130,325,Paint,method_i_b,10.0,6824N-A,5.0,0.363,excellent,11,False
BULK-INV-5050-L01,BULK-INV-5050,5050,2026-04-06,130,325,Paint,method_i_b,10.0,6822N-C,5.0,0.369,excellent,12,False
BULK-INV-5050-L01,BULK-INV-5050,5050,2026-04-06,130,325,Paint,method_i_b,10.0,6767B,10.0,0.371,excellent,13,True
BULK-INV-5050-L01,BULK-INV-5050,5050,2026-04-06,130,325,Paint,method_i_b,10.0,6828N-A,5.0,0.371,excellent,14,False
BULK-INV-5050-L01,BULK-INV-5050,5050,2026-04-06,130,325,Paint,method_i_b,10.0,6770A,10.0,0.387,excellent,15,True
BULK-INV-5050-L01,BULK-INV-5050,5050,2026-04-06,130,325,Paint,method_i_b,10.0,6784B,7.0,0.396,excellent,16,False
BULK-INV-5050-L01,BULK-INV-5050,5050,2026-04-06,130,325,Paint,method_i_b,10.0,6784A,10.0,0.415,excellent,17,True
BULK-INV-5050-L01,BULK-INV-5050,5050,2026-04-06,130,325,Paint,method_i_b,10.0,6828N-D,5.0,0.446,excellent,18,False
BULK-INV-5050-L01,BULK-INV-5050,5050,2026-04-06,130,325,Paint,method_i_b,10.0,6785B,10.0,0.453,excellent,19,True
BULK-INV-5050-L01,BULK-INV-5050,5050,2026-04-06,130,325,Paint,method_i_b,10.0,6563A,6.0,0.54,excellent,20,False
BULK-INV-5050-L01,BULK-INV-5050,5050,2026-04-06,130,325,Paint,method_i_b,10.0,6822N-D,5.0,0.559,excellent,21,False
BULK-INV-5050-L01,BULK-INV-5050,5050,2026-04-06,130,325,Paint,method_i_b,10.0,6823N-A,5.0,0.602,strict,22,False
BULK-INV-5050-L01,BULK-INV-5050,5050,2026-04-06,130,325,Paint,method_i_b,10.0,6127A,5.0,0.633,strict,23,False
BULK-INV-5050-L01,BULK-INV-5050,5050,2026-04-06,130,325,Paint,method_i_b,10.0,6828N-C,5.0,0.661,strict,24,False
BULK-INV-5050-L01,BULK-INV-5050,5050,2026-04-06,130,325,Paint,method_i_b,10.0,6812B,10.0,0.72,strict,25,True
BULK-INV-5050-L01,BULK-INV-5050,5050,2026-04-06,130,325,Paint,method_i_b,10.0,6812A,10.0,0.836,strict,26,True
BULK-INV-5050-L01,BULK-INV-5050,5050,2026-04-06,130,325,Paint,method_i_b,10.0,6566A,6.0,0.872,strict,27,False
BULK-INV-5050-L01,BULK-INV-5050,5050,2026-04-06,130,325,Paint,method_i_b,10.0,6566A,5.0,0.872,strict,28,False
BULK-INV-5050-L01,BULK-INV-5050,5050,2026-04-06,130,325,Paint,method_i_b,10.0,6778N-B,5.0,1.01,relaxed,29,False
BULK-INV-5050-L01,BULK-INV-5050,5050,2026-04-06,130,325,Paint,method_i_b,10.0,6826N-D,5.0,1.094,relaxed,30,False
BULK-INV-5050-L01,BULK-INV-5050,5050,2026-04-06,130,325,Paint,method_i_b,10.0,6827N-A,5.0,1.231,relaxed,31,False
BULK-INV-5050-L02,BULK-INV-5050,5050,2026-04-06,130,325,Water Based,method_ii,0.75,6778N-B,5.0,0.292,excellent,1,True
BULK-INV-5050-L02,BULK-INV-5050,5050,2026-04-06,130,325,Water Based,method_ii,0.75,6823N-D,5.0,0.493,excellent,2,True
BULK-INV-5050-L02,BULK-INV-5050,5050,2026-04-06,130,325,Water Based,method_ii,0.75,6824N-A,5.0,0.52,excellent,3,True
BULK-INV-5050-L02,BULK-INV-5050,5050,2026-04-06,130,325,Water Based,method_ii,0.75,6823N-C,5.0,0.623,strict,4,True
BULK-INV-5050-L02,BULK-INV-5050,5050,2026-04-06,130,325,Water Based,method_ii,0.75,6823N-A,5.0,0.732,strict,5,True
BULK-INV-5050-L02,BULK-INV-5050,5050,2026-04-06,130,325,Water Based,method_ii,0.75,6822N-D,5.0,0.747,strict,6,True
BULK-INV-5050-L02,BULK-INV-5050,5050,2026-04-06,130,325,Water Based,method_ii,0.75,6828N-D,5.0,0.799,strict,7,True
BULK-INV-5050-L02,BULK-INV-5050,5050,2026-04-06,130,325,Water Based,method_ii,0.75,6563A,6.0,0.929,strict,8,True
BULK-INV-5050-L02,BULK-INV-5050,5050,2026-04-06,130,325,Water Based,method_ii,0.75,6764-B,5.0,0.941,strict,9,True
BULK-INV-5050-L02,BULK-INV-5050,5050,2026-04-06,130,325,Water Based,method_ii,0.75,6768A,5.0,0.957,strict,10,True
BULK-INV-5050-L02,BULK-INV-5050,5050,2026-04-06,130,325,Water Based,method_ii,0.75,6828N-A,5.0,0.974,strict,11,True
BULK-INV-5050-L02,BULK-INV-5050,5050,2026-04-06,130,325,Water Based,method_ii,0.75,6828N-C,5.0,1.052,relaxed,12,True
BULK-INV-5050-L02,BULK-INV-5050,5050,2026-04-06,130,325,Water Based,method_ii,0.75,6822N-C,5.0,1.066,relaxed,13,True
BULK-INV-5050-L02,BULK-INV-5050,5050,2026-04-06,130,325,Water Based,method_ii,0.75,6764-A,10.0,1.175,relaxed,14,True
BULK-INV-5050-L02,BULK-INV-5050,5050,2026-04-06,130,325,Water Based,method_ii,0.75,6127A,5.0,1.205,relaxed,15,True
BULK-INV-5050-L02,BULK-INV-5050,5050,2026-04-06,130,325,Water Based,method_ii,0.75,6767A,10.0,1.397,relaxed,16,True
BULK-INV-5050-L02,BULK-INV-5050,5050,2026-04-06,130,325,Water Based,method_ii,0.75,6566A,6.0,1.422,relaxed,17,True
BULK-INV-5050-L02,BULK-INV-5050,5050,2026-04-06,130,325,Water Based,method_ii,0.75,6566A,5.0,1.422,relaxed,18,True
BULK-INV-5050-L02,BULK-INV-5050,5050,2026-04-06,130,325,Water Based,method_ii,0.75,6785B,10.0,1.449,relaxed,19,True
BULK-INV-5050-L02,BULK-INV-5050,5050,2026-04-06,130,325,Water Based,method_ii,0.75,6767B,10.0,1.465,relaxed,20,True
BULK-INV-5050-L02,BULK-INV-5050,5050,2026-04-06,130,325,Water Based,method_ii,0.75,6812B,10.0,1.476,relaxed,21,True
BULK-INV-5050-L02,BULK-INV-5050,5050,2026-04-06,130,325,Water Based,method_ii,0.75,6784B,7.0,1.546,review,22,True
BULK-INV-5050-L02,BULK-INV-5050,5050,2026-04-06,130,325,Water Based,method_ii,0.75,6782A,10.0,1.575,review,23,True
BULK-INV-5050-L02,BULK-INV-5050,5050,2026-04-06,130,325,Water Based,method_ii,0.75,6784A,10.0,1.581,review,24,True
BULK-INV-5050-L02,BULK-INV-5050,5050,2026-04-06,130,325,Water Based,method_ii,0.75,6781B,2.0,1.623,review,25,True
BULK-INV-5050-L02,BULK-INV-5050,5050,2026-04-06,130,325,Water Based,method_ii,0.75,6785A,10.0,1.688,review,26,True
BULK-INV-5050-L02,BULK-INV-5050,5050,2026-04-06,130,325,Water Based,method_ii,0.75,6826N-D,5.0,1.84,review,27,True
BULK-INV-5050-L02,BULK-INV-5050,5050,2026-04-06,130,325,Water Based,method_ii,0.75,6781A,10.0,1.929,review,28,True
BULK-INV-5050-L02,BULK-INV-5050,5050,2026-04-06,130,325,Water Based,method_ii,0.75,6812A,10.0,1.955,review,29,True
BULK-INV-5050-L02,BULK-INV-5050,5050,2026-04-06,130,325,Water Based,method_ii,0.75,6827N-A,5.0,1.965,review,30,True
BULK-INV-5050-L02,BULK-INV-5050,5050,2026-04-06,130,325,Water Based,method_ii,0.75,6770A,10.0,2.183,review,31,True
BULK-INV-5051-L01,BULK-INV-5051,5051,2026-04-07,130A,3249B,Water Based,method_ii,0.5,6802A,10.0,0.119,excellent,1,True
BULK-INV-5051-L01,BULK-INV-5051,5051,2026-04-07,130A,3249B,Water Based,method_ii,0.5,6796A,10.0,0.161,excellent,2,True
BULK-INV-5051-L01,BULK-INV-5051,5051,2026-04-07,130A,3249B,Water Based,method_ii,0.5,6801A,10.0,0.212,excellent,3,True
BULK-INV-5051-L01,BULK-INV-5051,5051,2026-04-07,130A,3249B,Water Based,method_ii,0.5,6789A,10.0,0.214,excellent,4,True
BULK-INV-5051-L01,BULK-INV-5051,5051,2026-04-07,130A,3249B,Water Based,method_ii,0.5,6822N-A,5.0,0.331,excellent,5,True
BULK-INV-5051-L01,BULK-INV-5051,5051,2026-04-07,130A,3249B,Water Based,method_ii,0.5,6797A,10.0,0.335,excellent,6,True
BULK-INV-5051-L01,BULK-INV-5051,5051,2026-04-07,130A,3249B,Water Based,method_ii,0.5,6787A,10.0,0.35,excellent,7,True
BULK-INV-5051-L01,BULK-INV-5051,5051,2026-04-07,130A,3249B,Water Based,method_ii,0.5,6802B,10.0,0.351,excellent,8,True
BULK-INV-5051-L01,BULK-INV-5051,5051,2026-04-07,130A,3249B,Water Based,method_ii,0.5,6788B,10.0,0.373,excellent,9,True
BULK-INV-5051-L01,BULK-INV-5051,5051,2026-04-07,130A,3249B,Water Based,method_ii,0.5,6796B,8.0,0.375,excellent,10,True
BULK-INV-5051-L01,BULK-INV-5051,5051,2026-04-07,130A,3249B,Water Based,method_ii,0.5,6801B,4.0,0.404,excellent,11,True
BULK-INV-5051-L01,BULK-INV-5051,5051,2026-04-07,130A,3249B,Water Based,method_ii,0.5,6788A,10.0,0.508,excellent,12,True
BULK-INV-5051-L01,BULK-INV-5051,5051,2026-04-07,130A,3249B,Water Based,method_ii,0.5,6797B,7.0,0.685,strict,13,True
BULK-INV-5051-L01,BULK-INV-5051,5051,2026-04-07,130A,3249B,Water Based,method_ii,0.5,6789B,10.0,0.76,strict,14,True
BULK-INV-5051-L01,BULK-INV-5051,5051,2026-04-07,130A,3249B,Water Based,method_ii,0.5,6787B,7.0,0.797,strict,15,True
BULK-INV-5051-L01,BULK-INV-5051,5051,2026-04-07,130A,3249B,Water Based,method_ii,0.5,6548A,4.0,0.904,strict,16,True
BULK-INV-5051-L01,BULK-INV-5051,5051,2026-04-07,130A,3249B,Water Based,method_ii,0.5,6823N-B,5.0,1.056,relaxed,17,True
BULK-INV-5051-L01,BULK-INV-5051,5051,2026-04-07,130A,3249B,Water Based,method_ii,0.5,6833A,10.0,1.074,relaxed,18,True
BULK-INV-5051-L01,BULK-INV-5051,5051,2026-04-07,130A,3249B,Water Based,method_ii,0.5,6719N-D,5.0,1.165,relaxed,19,True
BULK-INV-5051-L01,BULK-INV-5051,5051,2026-04-07,130A,3249B,Water Based,method_ii,0.5,6803B,5.0,1.196,relaxed,20,True
BULK-INV-5051-L01,BULK-INV-5051,5051,2026-04-07,130A,3249B,Water Based,method_ii,0.5,6803A,10.0,1.227,relaxed,21,True
BULK-INV-5051-L01,BULK-INV-5051,5051,2026-04-07,130A,3249B,Water Based,method_ii,0.5,6832A,10.0,1.584,review,22,True
BULK-INV-5051-L01,BULK-INV-5051,5051,2026-04-07,130A,3249B,Water Based,method_ii,0.5,6832B,6.0,1.699,review,23,True
BULK-INV-5051-L01,BULK-INV-5051,5051,2026-04-07,130A,3249B,Water Based,method_ii,0.5,6833B,10.0,2.032,review,24,True
BULK-INV-5051-L01,BULK-INV-5051,5051,2026-04-07,130A,3249B,Water Based,method_ii,0.5,6528A,10.0,2.171,review,25,True
BULK-INV-5051-L01,BULK-INV-5051,5051,2026-04-07,130A,3249B,Water Based,method_ii,0.5,6770B,10.0,2.281,review,26,True
BULK-INV-5051-L02,BULK-INV-5051,5051,2026-04-07,130A,3249B,Paint,method_i_b,0.75,6788A,10.0,0.017,excellent,1,True
BULK-INV-5051-L02,BULK-INV-5051,5051,2026-04-07,130A,3249B,Paint,method_i_b,0.75,6787B,7.0,0.07,excellent,2,True
BULK-INV-5051-L02,BULK-INV-5051,5051,2026-04-07,130A,3249B,Paint,method_i_b,0.75,6797B,7.0,0.082,excellent,3,True
BULK-INV-5051-L02,BULK-INV-5051,5051,2026-04-07,130A,3249B,Paint,method_i_b,0.75,6797A,10.0,0.09,excellent,4,True
BULK-INV-5051-L02,BULK-INV-5051,5051,2026-04-07,130A,3249B,Paint,method_i_b,0.75,6787A,10.0,0.101,excellent,5,True
BULK-INV-5051-L02,BULK-INV-5051,5051,2026-04-07,130A,3249B,Paint,method_i_b,0.75,6796B,8.0,0.197,excellent,6,True
BULK-INV-5051-L02,BULK-INV-5051,5051,2026-04-07,130A,3249B,Paint,method_i_b,0.75,6788B,10.0,0.271,excellent,7,True
BULK-INV-5051-L02,BULK-INV-5051,5051,2026-04-07,130A,3249B,Paint,method_i_b,0.75,6796A,10.0,0.331,excellent,8,True
BULK-INV-5051-L02,BULK-INV-5051,5051,2026-04-07,130A,3249B,Paint,method_i_b,0.75,6803B,5.0,0.429,excellent,9,True
BULK-INV-5051-L02,BULK-INV-5051,5051,2026-04-07,130A,3249B,Paint,method_i_b,0.75,6802A,10.0,0.526,excellent,10,True
BULK-INV-5051-L02,BULK-INV-5051,5051,2026-04-07,130A,3249B,Paint,method_i_b,0.75,6801B,4.0,0.59,excellent,11,True
BULK-INV-5051-L02,BULK-INV-5051,5051,2026-04-07,130A,3249B,Paint,method_i_b,0.75,6803A,10.0,0.611,strict,12,True
BULK-INV-5051-L02,BULK-INV-5051,5051,2026-04-07,130A,3249B,Paint,method_i_b,0.75,6822N-A,5.0,0.661,strict,13,True
BULK-INV-5051-L02,BULK-INV-5051,5051,2026-04-07,130A,3249B,Paint,method_i_b,0.75,6833B,10.0,0.708,strict,14,True
BULK-INV-5051-L02,BULK-INV-5051,5051,2026-04-07,130A,3249B,Paint,method_i_b,0.75,6833A,10.0,0.77,strict,15,True
BULK-INV-5051-L02,BULK-INV-5051,5051,2026-04-07,130A,3249B,Paint,method_i_b,0.75,6802B,10.0,0.827,strict,16,True
BULK-INV-5051-L02,BULK-INV-5051,5051,2026-04-07,130A,3249B,Paint,method_i_b,0.75,6548A,4.0,0.833,strict,17,True
BULK-INV-5051-L02,BULK-INV-5051,5051,2026-04-07,130A,3249B,Paint,method_i_b,0.75,6832B,6.0,0.897,strict,18,True
BULK-INV-5051-L02,BULK-INV-5051,5051,2026-04-07,130A,3249B,Paint,method_i_b,0.75,6789A,10.0,0.899,strict,19,True
BULK-INV-5051-L02,BULK-INV-5051,5051,2026-04-07,130A,3249B,Paint,method_i_b,0.75,6801A,10.0,0.915,strict,20,True
BULK-INV-5051-L02,BULK-INV-5051,5051,2026-04-07,130A,3249B,Paint,method_i_b,0.75,6832A,10.0,0.923,strict,21,True
BULK-INV-5051-L02,BULK-INV-5051,5051,2026-04-07,130A,3249B,Paint,method_i_b,0.75,6719N-D,5.0,0.961,strict,22,True
BULK-INV-5051-L02,BULK-INV-5051,5051,2026-04-07,130A,3249B,Paint,method_i_b,0.75,6789B,10.0,1.026,relaxed,23,True
BULK-INV-5051-L02,BULK-INV-5051,5051,2026-04-07,130A,3249B,Paint,method_i_b,0.75,6770B,10.0,1.095,relaxed,24,True
BULK-INV-5051-L02,BULK-INV-5051,5051,2026-04-07,130A,3249B,Paint,method_i_b,0.75,6528A,10.0,1.236,relaxed,25,True
BULK-INV-5051-L02,BULK-INV-5051,5051,2026-04-07,130A,3249B,Paint,method_i_b,0.75,6823N-B,5.0,1.393,relaxed,26,True
BULK-INV-5052-L01,BULK-INV-5052,5052,2026-04-08,130A,3249B,Paint,method_i_b,2.5,6788A,10.0,0.017,excellent,1,True
BULK-INV-5052-L01,BULK-INV-5052,5052,2026-04-08,130A,3249B,Paint,method_i_b,2.5,6787B,7.0,0.07,excellent,2,True
BULK-INV-5052-L01,BULK-INV-5052,5052,2026-04-08,130A,3249B,Paint,method_i_b,2.5,6797B,7.0,0.082,excellent,3,True
BULK-INV-5052-L01,BULK-INV-5052,5052,2026-04-08,130A,3249B,Paint,method_i_b,2.5,6797A,10.0,0.09,excellent,4,True
BULK-INV-5052-L01,BULK-INV-5052,5052,2026-04-08,130A,3249B,Paint,method_i_b,2.5,6787A,10.0,0.101,excellent,5,True
BULK-INV-5052-L01,BULK-INV-5052,5052,2026-04-08,130A,3249B,Paint,method_i_b,2.5,6796B,8.0,0.197,excellent,6,True
BULK-INV-5052-L01,BULK-INV-5052,5052,2026-04-08,130A,3249B,Paint,method_i_b,2.5,6788B,10.0,0.271,excellent,7,True
BULK-INV-5052-L01,BULK-INV-5052,5052,2026-04-08,130A,3249B,Paint,method_i_b,2.5,6796A,10.0,0.331,excellent,8,True
BULK-INV-5052-L01,BULK-INV-5052,5052,2026-04-08,130A,3249B,Paint,method_i_b,2.5,6803B,5.0,0.429,excellent,9,True
BULK-INV-5052-L01,BULK-INV-5052,5052,2026-04-08,130A,3249B,Paint,method_i_b,2.5,6802A,10.0,0.526,excellent,10,True
BULK-INV-5052-L01,BULK-INV-5052,5052,2026-04-08,130A,3249B,Paint,method_i_b,2.5,6801B,4.0,0.59,excellent,11,True
BULK-INV-5052-L01,BULK-INV-5052,5052,2026-04-08,130A,3249B,Paint,method_i_b,2.5,6803A,10.0,0.611,strict,12,True
BULK-INV-5052-L01,BULK-INV-5052,5052,2026-04-08,130A,3249B,Paint,method_i_b,2.5,6822N-A,5.0,0.661,strict,13,True
BULK-INV-5052-L01,BULK-INV-5052,5052,2026-04-08,130A,3249B,Paint,method_i_b,2.5,6833B,10.0,0.708,strict,14,True
BULK-INV-5052-L01,BULK-INV-5052,5052,2026-04-08,130A,3249B,Paint,method_i_b,2.5,6833A,10.0,0.77,strict,15,True
BULK-INV-5052-L01,BULK-INV-5052,5052,2026-04-08,130A,3249B,Paint,method_i_b,2.5,6802B,10.0,0.827,strict,16,True
BULK-INV-5052-L01,BULK-INV-5052,5052,2026-04-08,130A,3249B,Paint,method_i_b,2.5,6548A,4.0,0.833,strict,17,True
BULK-INV-5052-L01,BULK-INV-5052,5052,2026-04-08,130A,3249B,Paint,method_i_b,2.5,6832B,6.0,0.897,strict,18,True
BULK-INV-5052-L01,BULK-INV-5052,5052,2026-04-08,130A,3249B,Paint,method_i_b,2.5,6789A,10.0,0.899,strict,19,True
BULK-INV-5052-L01,BULK-INV-5052,5052,2026-04-08,130A,3249B,Paint,method_i_b,2.5,6801A,10.0,0.915,strict,20,True
BULK-INV-5052-L01,BULK-INV-5052,5052,2026-04-08,130A,3249B,Paint,method_i_b,2.5,6832A,10.0,0.923,strict,21,True
BULK-INV-5052-L01,BULK-INV-5052,5052,2026-04-08,130A,3249B,Paint,method_i_b,2.5,6719N-D,5.0,0.961,strict,22,True
BULK-INV-5052-L01,BULK-INV-5052,5052,2026-04-08,130A,3249B,Paint,method_i_b,2.5,6789B,10.0,1.026,relaxed,23,True
BULK-INV-5052-L01,BULK-INV-5052,5052,2026-04-08,130A,3249B,Paint,method_i_b,2.5,6770B,10.0,1.095,relaxed,24,True
BULK-INV-5052-L01,BULK-INV-5052,5052,2026-04-08,130A,3249B,Paint,method_i_b,2.5,6528A,10.0,1.236,relaxed,25,True
BULK-INV-5052-L01,BULK-INV-5052,5052,2026-04-08,130A,3249B,Paint,method_i_b,2.5,6823N-B,5.0,1.393,relaxed,26,True
BULK-INV-5053-L01,BULK-INV-5053,5053,2026-04-09,130A,3249B,Water Based,method_ii,0.75,6802A,10.0,0.119,excellent,1,True
BULK-INV-5053-L01,BULK-INV-5053,5053,2026-04-09,130A,3249B,Water Based,method_ii,0.75,6796A,10.0,0.161,excellent,2,True
BULK-INV-5053-L01,BULK-INV-5053,5053,2026-04-09,130A,3249B,Water Based,method_ii,0.75,6801A,10.0,0.212,excellent,3,True
BULK-INV-5053-L01,BULK-INV-5053,5053,2026-04-09,130A,3249B,Water Based,method_ii,0.75,6789A,10.0,0.214,excellent,4,True
BULK-INV-5053-L01,BULK-INV-5053,5053,2026-04-09,130A,3249B,Water Based,method_ii,0.75,6822N-A,5.0,0.331,excellent,5,True
BULK-INV-5053-L01,BULK-INV-5053,5053,2026-04-09,130A,3249B,Water Based,method_ii,0.75,6797A,10.0,0.335,excellent,6,True
BULK-INV-5053-L01,BULK-INV-5053,5053,2026-04-09,130A,3249B,Water Based,method_ii,0.75,6787A,10.0,0.35,excellent,7,True
BULK-INV-5053-L01,BULK-INV-5053,5053,2026-04-09,130A,3249B,Water Based,method_ii,0.75,6802B,10.0,0.351,excellent,8,True
BULK-INV-5053-L01,BULK-INV-5053,5053,2026-04-09,130A,3249B,Water Based,method_ii,0.75,6788B,10.0,0.373,excellent,9,True
BULK-INV-5053-L01,BULK-INV-5053,5053,2026-04-09,130A,3249B,Water Based,method_ii,0.75,6796B,8.0,0.375,excellent,10,True
BULK-INV-5053-L01,BULK-INV-5053,5053,2026-04-09,130A,3249B,Water Based,method_ii,0.75,6801B,4.0,0.404,excellent,11,True
BULK-INV-5053-L01,BULK-INV-5053,5053,2026-04-09,130A,3249B,Water Based,method_ii,0.75,6788A,10.0,0.508,excellent,12,True
BULK-INV-5053-L01,BULK-INV-5053,5053,2026-04-09,130A,3249B,Water Based,method_ii,0.75,6797B,7.0,0.685,strict,13,True
BULK-INV-5053-L01,BULK-INV-5053,5053,2026-04-09,130A,3249B,Water Based,method_ii,0.75,6789B,10.0,0.76,strict,14,True
BULK-INV-5053-L01,BULK-INV-5053,5053,2026-04-09,130A,3249B,Water Based,method_ii,0.75,6787B,7.0,0.797,strict,15,True
BULK-INV-5053-L01,BULK-INV-5053,5053,2026-04-09,130A,3249B,Water Based,method_ii,0.75,6548A,4.0,0.904,strict,16,True
BULK-INV-5053-L01,BULK-INV-5053,5053,2026-04-09,130A,3249B,Water Based,method_ii,0.75,6823N-B,5.0,1.056,relaxed,17,True
BULK-INV-5053-L01,BULK-INV-5053,5053,2026-04-09,130A,3249B,Water Based,method_ii,0.75,6833A,10.0,1.074,relaxed,18,True
BULK-INV-5053-L01,BULK-INV-5053,5053,2026-04-09,130A,3249B,Water Based,method_ii,0.75,6719N-D,5.0,1.165,relaxed,19,True
BULK-INV-5053-L01,BULK-INV-5053,5053,2026-04-09,130A,3249B,Water Based,method_ii,0.75,6803B,5.0,1.196,relaxed,20,True
BULK-INV-5053-L01,BULK-INV-5053,5053,2026-04-09,130A,3249B,Water Based,method_ii,0.75,6803A,10.0,1.227,relaxed,21,True
BULK-INV-5053-L01,BULK-INV-5053,5053,2026-04-09,130A,3249B,Water Based,method_ii,0.75,6832A,10.0,1.584,review,22,True
BULK-INV-5053-L01,BULK-INV-5053,5053,2026-04-09,130A,3249B,Water Based,method_ii,0.75,6832B,6.0,1.699,review,23,True
BULK-INV-5053-L01,BULK-INV-5053,5053,2026-04-09,130A,3249B,Water Based,method_ii,0.75,6833B,10.0,2.032,review,24,True
BULK-INV-5053-L01,BULK-INV-5053,5053,2026-04-09,130A,3249B,Water Based,method_ii,0.75,6528A,10.0,2.171,review,25,True
BULK-INV-5053-L01,BULK-INV-5053,5053,2026-04-09,130A,3249B,Water Based,method_ii,0.75,6770B,10.0,2.281,review,26,True
BULK-INV-5054-L01,BULK-INV-5054,5054,2026-04-10,130,325,Water Based,method_ii,2.5,6778N-B,5.0,0.292,excellent,1,True
BULK-INV-5054-L01,BULK-INV-5054,5054,2026-04-10,130,325,Water Based,method_ii,2.5,6823N-D,5.0,0.493,excellent,2,True
BULK-INV-5054-L01,BULK-INV-5054,5054,2026-04-10,130,325,Water Based,method_ii,2.5,6824N-A,5.0,0.52,excellent,3,True
BULK-INV-5054-L01,BULK-INV-5054,5054,2026-04-10,130,325,Water Based,method_ii,2.5,6823N-C,5.0,0.623,strict,4,True
BULK-INV-5054-L01,BULK-INV-5054,5054,2026-04-10,130,325,Water Based,method_ii,2.5,6823N-A,5.0,0.732,strict,5,True
BULK-INV-5054-L01,BULK-INV-5054,5054,2026-04-10,130,325,Water Based,method_ii,2.5,6822N-D,5.0,0.747,strict,6,True
BULK-INV-5054-L01,BULK-INV-5054,5054,2026-04-10,130,325,Water Based,method_ii,2.5,6828N-D,5.0,0.799,strict,7,True
BULK-INV-5054-L01,BULK-INV-5054,5054,2026-04-10,130,325,Water Based,method_ii,2.5,6563A,6.0,0.929,strict,8,True
BULK-INV-5054-L01,BULK-INV-5054,5054,2026-04-10,130,325,Water Based,method_ii,2.5,6764-B,5.0,0.941,strict,9,True
BULK-INV-5054-L01,BULK-INV-5054,5054,2026-04-10,130,325,Water Based,method_ii,2.5,6768A,5.0,0.957,strict,10,True
BULK-INV-5054-L01,BULK-INV-5054,5054,2026-04-10,130,325,Water Based,method_ii,2.5,6828N-A,5.0,0.974,strict,11,True
BULK-INV-5054-L01,BULK-INV-5054,5054,2026-04-10,130,325,Water Based,method_ii,2.5,6828N-C,5.0,1.052,relaxed,12,True
BULK-INV-5054-L01,BULK-INV-5054,5054,2026-04-10,130,325,Water Based,method_ii,2.5,6822N-C,5.0,1.066,relaxed,13,True
BULK-INV-5054-L01,BULK-INV-5054,5054,2026-04-10,130,325,Water Based,method_ii,2.5,6764-A,10.0,1.175,relaxed,14,True
BULK-INV-5054-L01,BULK-INV-5054,5054,2026-04-10,130,325,Water Based,method_ii,2.5,6127A,5.0,1.205,relaxed,15,True
BULK-INV-5054-L01,BULK-INV-5054,5054,2026-04-10,130,325,Water Based,method_ii,2.5,6767A,10.0,1.397,relaxed,16,True
BULK-INV-5054-L01,BULK-INV-5054,5054,2026-04-10,130,325,Water Based,method_ii,2.5,6566A,6.0,1.422,relaxed,17,True
BULK-INV-5054-L01,BULK-INV-5054,5054,2026-04-10,130,325,Water Based,method_ii,2.5,6566A,5.0,1.422,relaxed,18,True
BULK-INV-5054-L01,BULK-INV-5054,5054,2026-04-10,130,325,Water Based,method_ii,2.5,6785B,10.0,1.449,relaxed,19,True
BULK-INV-5054-L01,BULK-INV-5054,5054,2026-04-10,130,325,Water Based,method_ii,2.5,6767B,10.0,1.465,relaxed,20,True
BULK-INV-5054-L01,BULK-INV-5054,5054,2026-04-10,130,325,Water Based,method_ii,2.5,6812B,10.0,1.476,relaxed,21,True
BULK-INV-5054-L01,BULK-INV-5054,5054,2026-04-10,130,325,Water Based,method_ii,2.5,6784B,7.0,1.546,review,22,True
BULK-INV-5054-L01,BULK-INV-5054,5054,2026-04-10,130,325,Water Based,method_ii,2.5,6782A,10.0,1.575,review,23,True
BULK-INV-5054-L01,BULK-INV-5054,5054,2026-04-10,130,325,Water Based,method_ii,2.5,6784A,10.0,1.581,review,24,True
BULK-INV-5054-L01,BULK-INV-5054,5054,2026-04-10,130,325,Water Based,method_ii,2.5,6781B,2.0,1.623,review,25,False
BULK-INV-5054-L01,BULK-INV-5054,5054,2026-04-10,130,325,Water Based,method_ii,2.5,6785A,10.0,1.688,review,26,True
BULK-INV-5054-L01,BULK-INV-5054,5054,2026-04-10,130,325,Water Based,method_ii,2.5,6826N-D,5.0,1.84,review,27,True
BULK-INV-5054-L01,BULK-INV-5054,5054,2026-04-10,130,325,Water Based,method_ii,2.5,6781A,10.0,1.929,review,28,True
BULK-INV-5054-L01,BULK-INV-5054,5054,2026-04-10,130,325,Water Based,method_ii,2.5,6812A,10.0,1.955,review,29,True
BULK-INV-5054-L01,BULK-INV-5054,5054,2026-04-10,130,325,Water Based,method_ii,2.5,6827N-A,5.0,1.965,review,30,True
BULK-INV-5054-L01,BULK-INV-5054,5054,2026-04-10,130,325,Water Based,method_ii,2.5,6770A,10.0,2.183,review,31,True
BULK-INV-5055-L01,BULK-INV-5055,5055,2026-04-11,130,325,Paint,method_i_b,10.0,6764-B,5.0,0.13,excellent,1,False
BULK-INV-5055-L01,BULK-INV-5055,5055,2026-04-11,130,325,Paint,method_i_b,10.0,6767A,10.0,0.269,excellent,2,True
BULK-INV-5055-L01,BULK-INV-5055,5055,2026-04-11,130,325,Paint,method_i_b,10.0,6823N-C,5.0,0.269,excellent,3,False
BULK-INV-5055-L01,BULK-INV-5055,5055,2026-04-11,130,325,Paint,method_i_b,10.0,6768A,5.0,0.284,excellent,4,False
BULK-INV-5055-L01,BULK-INV-5055,5055,2026-04-11,130,325,Paint,method_i_b,10.0,6764-A,10.0,0.297,excellent,5,True
BULK-INV-5055-L01,BULK-INV-5055,5055,2026-04-11,130,325,Paint,method_i_b,10.0,6782A,10.0,0.297,excellent,6,True
BULK-INV-5055-L01,BULK-INV-5055,5055,2026-04-11,130,325,Paint,method_i_b,10.0,6781A,10.0,0.309,excellent,7,True
BULK-INV-5055-L01,BULK-INV-5055,5055,2026-04-11,130,325,Paint,method_i_b,10.0,6781B,2.0,0.311,excellent,8,False
BULK-INV-5055-L01,BULK-INV-5055,5055,2026-04-11,130,325,Paint,method_i_b,10.0,6785A,10.0,0.323,excellent,9,True
BULK-INV-5055-L01,BULK-INV-5055,5055,2026-04-11,130,325,Paint,method_i_b,10.0,6823N-D,5.0,0.342,excellent,10,False
BULK-INV-5055-L01,BULK-INV-5055,5055,2026-04-11,130,325,Paint,method_i_b,10.0,6824N-A,5.0,0.363,excellent,11,False
BULK-INV-5055-L01,BULK-INV-5055,5055,2026-04-11,130,325,Paint,method_i_b,10.0,6822N-C,5.0,0.369,excellent,12,False
BULK-INV-5055-L01,BULK-INV-5055,5055,2026-04-11,130,325,Paint,method_i_b,10.0,6767B,10.0,0.371,excellent,13,True
BULK-INV-5055-L01,BULK-INV-5055,5055,2026-04-11,130,325,Paint,method_i_b,10.0,6828N-A,5.0,0.371,excellent,14,False
BULK-INV-5055-L01,BULK-INV-5055,5055,2026-04-11,130,325,Paint,method_i_b,10.0,6770A,10.0,0.387,excellent,15,True
BULK-INV-5055-L01,BULK-INV-5055,5055,2026-04-11,130,325,Paint,method_i_b,10.0,6784B,7.0,0.396,excellent,16,False
BULK-INV-5055-L01,BULK-INV-5055,5055,2026-04-11,130,325,Paint,method_i_b,10.0,6784A,10.0,0.415,excellent,17,True
BULK-INV-5055-L01,BULK-INV-5055,5055,2026-04-11,130,325,Paint,method_i_b,10.0,6828N-D,5.0,0.446,excellent,18,False
BULK-INV-5055-L01,BULK-INV-5055,5055,2026-04-11,130,325,Paint,method_i_b,10.0,6785B,10.0,0.453,excellent,19,True
BULK-INV-5055-L01,BULK-INV-5055,5055,2026-04-11,130,325,Paint,method_i_b,10.0,6563A,6.0,0.54,excellent,20,False
BULK-INV-5055-L01,BULK-INV-5055,5055,2026-04-11,130,325,Paint,method_i_b,10.0,6822N-D,5.0,0.559,excellent,21,False
BULK-INV-5055-L01,BULK-INV-5055,5055,2026-04-11,130,325,Paint,method_i_b,10.0,6823N-A,5.0,0.602,strict,22,False
BULK-INV-5055-L01,BULK-INV-5055,5055,2026-04-11,130,325,Paint,method_i_b,10.0,6127A,5.0,0.633,strict,23,False
BULK-INV-5055-L01,BULK-INV-5055,5055,2026-04-11,130,325,Paint,method_i_b,10.0,6828N-C,5.0,0.661,strict,24,False
BULK-INV-5055-L01,BULK-INV-5055,5055,2026-04-11,130,325,Paint,method_i_b,10.0,6812B,10.0,0.72,strict,25,True
BULK-INV-5055-L01,BULK-INV-5055,5055,2026-04-11,130,325,Paint,method_i_b,10.0,6812A,10.0,0.836,strict,26,True
BULK-INV-5055-L01,BULK-INV-5055,5055,2026-04-11,130,325,Paint,method_i_b,10.0,6566A,6.0,0.872,strict,27,False
BULK-INV-5055-L01,BULK-INV-5055,5055,2026-04-11,130,325,Paint,method_i_b,10.0,6566A,5.0,0.872,strict,28,False
BULK-INV-5055-L01,BULK-INV-5055,5055,2026-04-11,130,325,Paint,method_i_b,10.0,6778N-B,5.0,1.01,relaxed,29,False
BULK-INV-5055-L01,BULK-INV-5055,5055,2026-04-11,130,325,Paint,method_i_b,10.0,6826N-D,5.0,1.094,relaxed,30,False
BULK-INV-5055-L01,BULK-INV-5055,5055,2026-04-11,130,325,Paint,method_i_b,10.0,6827N-A,5.0,1.231,relaxed,31,False
BULK-INV-5056-L02,BULK-INV-5056,5056,2026-04-12,130A,3249B,Water Based,method_ii,0.5,6802A,10.0,0.119,excellent,1,True
BULK-INV-5056-L02,BULK-INV-5056,5056,2026-04-12,130A,3249B,Water Based,method_ii,0.5,6796A,10.0,0.161,excellent,2,True
BULK-INV-5056-L02,BULK-INV-5056,5056,2026-04-12,130A,3249B,Water Based,method_ii,0.5,6801A,10.0,0.212,excellent,3,True
BULK-INV-5056-L02,BULK-INV-5056,5056,2026-04-12,130A,3249B,Water Based,method_ii,0.5,6789A,10.0,0.214,excellent,4,True
BULK-INV-5056-L02,BULK-INV-5056,5056,2026-04-12,130A,3249B,Water Based,method_ii,0.5,6822N-A,5.0,0.331,excellent,5,True
BULK-INV-5056-L02,BULK-INV-5056,5056,2026-04-12,130A,3249B,Water Based,method_ii,0.5,6797A,10.0,0.335,excellent,6,True
BULK-INV-5056-L02,BULK-INV-5056,5056,2026-04-12,130A,3249B,Water Based,method_ii,0.5,6787A,10.0,0.35,excellent,7,True
BULK-INV-5056-L02,BULK-INV-5056,5056,2026-04-12,130A,3249B,Water Based,method_ii,0.5,6802B,10.0,0.351,excellent,8,True
BULK-INV-5056-L02,BULK-INV-5056,5056,2026-04-12,130A,3249B,Water Based,method_ii,0.5,6788B,10.0,0.373,excellent,9,True
BULK-INV-5056-L02,BULK-INV-5056,5056,2026-04-12,130A,3249B,Water Based,method_ii,0.5,6796B,8.0,0.375,excellent,10,True
BULK-INV-5056-L02,BULK-INV-5056,5056,2026-04-12,130A,3249B,Water Based,method_ii,0.5,6801B,4.0,0.404,excellent,11,True
BULK-INV-5056-L02,BULK-INV-5056,5056,2026-04-12,130A,3249B,Water Based,method_ii,0.5,6788A,10.0,0.508,excellent,12,True
BULK-INV-5056-L02,BULK-INV-5056,5056,2026-04-12,130A,3249B,Water Based,method_ii,0.5,6797B,7.0,0.685,strict,13,True
BULK-INV-5056-L02,BULK-INV-5056,5056,2026-04-12,130A,3249B,Water Based,method_ii,0.5,6789B,10.0,0.76,strict,14,True
BULK-INV-5056-L02,BULK-INV-5056,5056,2026-04-12,130A,3249B,Water Based,method_ii,0.5,6787B,7.0,0.797,strict,15,True
BULK-INV-5056-L02,BULK-INV-5056,5056,2026-04-12,130A,3249B,Water Based,method_ii,0.5,6548A,4.0,0.904,strict,16,True
BULK-INV-5056-L02,BULK-INV-5056,5056,2026-04-12,130A,3249B,Water Based,method_ii,0.5,6823N-B,5.0,1.056,relaxed,17,True
BULK-INV-5056-L02,BULK-INV-5056,5056,2026-04-12,130A,3249B,Water Based,method_ii,0.5,6833A,10.0,1.074,relaxed,18,True
BULK-INV-5056-L02,BULK-INV-5056,5056,2026-04-12,130A,3249B,Water Based,method_ii,0.5,6719N-D,5.0,1.165,relaxed,19,True
BULK-INV-5056-L02,BULK-INV-5056,5056,2026-04-12,130A,3249B,Water Based,method_ii,0.5,6803B,5.0,1.196,relaxed,20,True
BULK-INV-5056-L02,BULK-INV-5056,5056,2026-04-12,130A,3249B,Water Based,method_ii,0.5,6803A,10.0,1.227,relaxed,21,True
BULK-INV-5056-L02,BULK-INV-5056,5056,2026-04-12,130A,3249B,Water Based,method_ii,0.5,6832A,10.0,1.584,review,22,True
BULK-INV-5056-L02,BULK-INV-5056,5056,2026-04-12,130A,3249B,Water Based,method_ii,0.5,6832B,6.0,1.699,review,23,True
BULK-INV-5056-L02,BULK-INV-5056,5056,2026-04-12,130A,3249B,Water Based,method_ii,0.5,6833B,10.0,2.032,review,24,True
BULK-INV-5056-L02,BULK-INV-5056,5056,2026-04-12,130A,3249B,Water Based,method_ii,0.5,6528A,10.0,2.171,review,25,True
BULK-INV-5056-L02,BULK-INV-5056,5056,2026-04-12,130A,3249B,Water Based,method_ii,0.5,6770B,10.0,2.281,review,26,True
BULK-INV-5057-L01,BULK-INV-5057,5057,2026-04-13,130,325,Paint,method_i_b,5.0,6764-B,5.0,0.13,excellent,1,True
BULK-INV-5057-L01,BULK-INV-5057,5057,2026-04-13,130,325,Paint,method_i_b,5.0,6767A,10.0,0.269,excellent,2,True
BULK-INV-5057-L01,BULK-INV-5057,5057,2026-04-13,130,325,Paint,method_i_b,5.0,6823N-C,5.0,0.269,excellent,3,True
BULK-INV-5057-L01,BULK-INV-5057,5057,2026-04-13,130,325,Paint,method_i_b,5.0,6768A,5.0,0.284,excellent,4,True
BULK-INV-5057-L01,BULK-INV-5057,5057,2026-04-13,130,325,Paint,method_i_b,5.0,6764-A,10.0,0.297,excellent,5,True
BULK-INV-5057-L01,BULK-INV-5057,5057,2026-04-13,130,325,Paint,method_i_b,5.0,6782A,10.0,0.297,excellent,6,True
BULK-INV-5057-L01,BULK-INV-5057,5057,2026-04-13,130,325,Paint,method_i_b,5.0,6781A,10.0,0.309,excellent,7,True
BULK-INV-5057-L01,BULK-INV-5057,5057,2026-04-13,130,325,Paint,method_i_b,5.0,6781B,2.0,0.311,excellent,8,False
BULK-INV-5057-L01,BULK-INV-5057,5057,2026-04-13,130,325,Paint,method_i_b,5.0,6785A,10.0,0.323,excellent,9,True
BULK-INV-5057-L01,BULK-INV-5057,5057,2026-04-13,130,325,Paint,method_i_b,5.0,6823N-D,5.0,0.342,excellent,10,True
BULK-INV-5057-L01,BULK-INV-5057,5057,2026-04-13,130,325,Paint,method_i_b,5.0,6824N-A,5.0,0.363,excellent,11,True
BULK-INV-5057-L01,BULK-INV-5057,5057,2026-04-13,130,325,Paint,method_i_b,5.0,6822N-C,5.0,0.369,excellent,12,True
BULK-INV-5057-L01,BULK-INV-5057,5057,2026-04-13,130,325,Paint,method_i_b,5.0,6767B,10.0,0.371,excellent,13,True
BULK-INV-5057-L01,BULK-INV-5057,5057,2026-04-13,130,325,Paint,method_i_b,5.0,6828N-A,5.0,0.371,excellent,14,True
BULK-INV-5057-L01,BULK-INV-5057,5057,2026-04-13,130,325,Paint,method_i_b,5.0,6770A,10.0,0.387,excellent,15,True
BULK-INV-5057-L01,BULK-INV-5057,5057,2026-04-13,130,325,Paint,method_i_b,5.0,6784B,7.0,0.396,excellent,16,True
BULK-INV-5057-L01,BULK-INV-5057,5057,2026-04-13,130,325,Paint,method_i_b,5.0,6784A,10.0,0.415,excellent,17,True
BULK-INV-5057-L01,BULK-INV-5057,5057,2026-04-13,130,325,Paint,method_i_b,5.0,6828N-D,5.0,0.446,excellent,18,True
BULK-INV-5057-L01,BULK-INV-5057,5057,2026-04-13,130,325,Paint,method_i_b,5.0,6785B,10.0,0.453,excellent,19,True
BULK-INV-5057-L01,BULK-INV-5057,5057,2026-04-13,130,325,Paint,method_i_b,5.0,6563A,6.0,0.54,excellent,20,True
BULK-INV-5057-L01,BULK-INV-5057,5057,2026-04-13,130,325,Paint,method_i_b,5.0,6822N-D,5.0,0.559,excellent,21,True
BULK-INV-5057-L01,BULK-INV-5057,5057,2026-04-13,130,325,Paint,method_i_b,5.0,6823N-A,5.0,0.602,strict,22,True
BULK-INV-5057-L01,BULK-INV-5057,5057,2026-04-13,130,325,Paint,method_i_b,5.0,6127A,5.0,0.633,strict,23,True
BULK-INV-5057-L01,BULK-INV-5057,5057,2026-04-13,130,325,Paint,method_i_b,5.0,6828N-C,5.0,0.661,strict,24,True
BULK-INV-5057-L01,BULK-INV-5057,5057,2026-04-13,130,325,Paint,method_i_b,5.0,6812B,10.0,0.72,strict,25,True
BULK-INV-5057-L01,BULK-INV-5057,5057,2026-04-13,130,325,Paint,method_i_b,5.0,6812A,10.0,0.836,strict,26,True
BULK-INV-5057-L01,BULK-INV-5057,5057,2026-04-13,130,325,Paint,method_i_b,5.0,6566A,6.0,0.872,strict,27,True
BULK-INV-5057-L01,BULK-INV-5057,5057,2026-04-13,130,325,Paint,method_i_b,5.0,6566A,5.0,0.872,strict,28,True
BULK-INV-5057-L01,BULK-INV-5057,5057,2026-04-13,130,325,Paint,method_i_b,5.0,6778N-B,5.0,1.01,relaxed,29,True
BULK-INV-5057-L01,BULK-INV-5057,5057,2026-04-13,130,325,Paint,method_i_b,5.0,6826N-D,5.0,1.094,relaxed,30,True
BULK-INV-5057-L01,BULK-INV-5057,5057,2026-04-13,130,325,Paint,method_i_b,5.0,6827N-A,5.0,1.231,relaxed,31,True
BULK-INV-5059-L01,BULK-INV-5059,5059,2026-04-15,130,325,Paint,method_i_b,1.25,6764-B,5.0,0.13,excellent,1,True
BULK-INV-5059-L01,BULK-INV-5059,5059,2026-04-15,130,325,Paint,method_i_b,1.25,6767A,10.0,0.269,excellent,2,True
BULK-INV-5059-L01,BULK-INV-5059,5059,2026-04-15,130,325,Paint,method_i_b,1.25,6823N-C,5.0,0.269,excellent,3,True
BULK-INV-5059-L01,BULK-INV-5059,5059,2026-04-15,130,325,Paint,method_i_b,1.25,6768A,5.0,0.284,excellent,4,True
BULK-INV-5059-L01,BULK-INV-5059,5059,2026-04-15,130,325,Paint,method_i_b,1.25,6764-A,10.0,0.297,excellent,5,True
BULK-INV-5059-L01,BULK-INV-5059,5059,2026-04-15,130,325,Paint,method_i_b,1.25,6782A,10.0,0.297,excellent,6,True
BULK-INV-5059-L01,BULK-INV-5059,5059,2026-04-15,130,325,Paint,method_i_b,1.25,6781A,10.0,0.309,excellent,7,True
BULK-INV-5059-L01,BULK-INV-5059,5059,2026-04-15,130,325,Paint,method_i_b,1.25,6781B,2.0,0.311,excellent,8,True
BULK-INV-5059-L01,BULK-INV-5059,5059,2026-04-15,130,325,Paint,method_i_b,1.25,6785A,10.0,0.323,excellent,9,True
BULK-INV-5059-L01,BULK-INV-5059,5059,2026-04-15,130,325,Paint,method_i_b,1.25,6823N-D,5.0,0.342,excellent,10,True
BULK-INV-5059-L01,BULK-INV-5059,5059,2026-04-15,130,325,Paint,method_i_b,1.25,6824N-A,5.0,0.363,excellent,11,True
BULK-INV-5059-L01,BULK-INV-5059,5059,2026-04-15,130,325,Paint,method_i_b,1.25,6822N-C,5.0,0.369,excellent,12,True
BULK-INV-5059-L01,BULK-INV-5059,5059,2026-04-15,130,325,Paint,method_i_b,1.25,6767B,10.0,0.371,excellent,13,True
BULK-INV-5059-L01,BULK-INV-5059,5059,2026-04-15,130,325,Paint,method_i_b,1.25,6828N-A,5.0,0.371,excellent,14,True
BULK-INV-5059-L01,BULK-INV-5059,5059,2026-04-15,130,325,Paint,method_i_b,1.25,6770A,10.0,0.387,excellent,15,True
BULK-INV-5059-L01,BULK-INV-5059,5059,2026-04-15,130,325,Paint,method_i_b,1.25,6784B,7.0,0.396,excellent,16,True
BULK-INV-5059-L01,BULK-INV-5059,5059,2026-04-15,130,325,Paint,method_i_b,1.25,6784A,10.0,0.415,excellent,17,True
BULK-INV-5059-L01,BULK-INV-5059,5059,2026-04-15,130,325,Paint,method_i_b,1.25,6828N-D,5.0,0.446,excellent,18,True
BULK-INV-5059-L01,BULK-INV-5059,5059,2026-04-15,130,325,Paint,method_i_b,1.25,6785B,10.0,0.453,excellent,19,True
BULK-INV-5059-L01,BULK-INV-5059,5059,2026-04-15,130,325,Paint,method_i_b,1.25,6563A,6.0,0.54,excellent,20,True
BULK-INV-5059-L01,BULK-INV-5059,5059,2026-04-15,130,325,Paint,method_i_b,1.25,6822N-D,5.0,0.559,excellent,21,True
BULK-INV-5059-L01,BULK-INV-5059,5059,2026-04-15,130,325,Paint,method_i_b,1.25,6823N-A,5.0,0.602,strict,22,True
BULK-INV-5059-L01,BULK-INV-5059,5059,2026-04-15,130,325,Paint,method_i_b,1.25,6127A,5.0,0.633,strict,23,True
BULK-INV-5059-L01,BULK-INV-5059,5059,2026-04-15,130,325,Paint,method_i_b,1.25,6828N-C,5.0,0.661,strict,24,True
BULK-INV-5059-L01,BULK-INV-5059,5059,2026-04-15,130,325,Paint,method_i_b,1.25,6812B,10.0,0.72,strict,25,True
BULK-INV-5059-L01,BULK-INV-5059,5059,2026-04-15,130,325,Paint,method_i_b,1.25,6812A,10.0,0.836,strict,26,True
BULK-INV-5059-L01,BULK-INV-5059,5059,2026-04-15,130,325,Paint,method_i_b,1.25,6566A,6.0,0.872,strict,27,True
BULK-INV-5059-L01,BULK-INV-5059,5059,2026-04-15,130,325,Paint,method_i_b,1.25,6566A,5.0,0.872,strict,28,True
BULK-INV-5059-L01,BULK-INV-5059,5059,2026-04-15,130,325,Paint,method_i_b,1.25,6778N-B,5.0,1.01,relaxed,29,True
BULK-INV-5059-L01,BULK-INV-5059,5059,2026-04-15,130,325,Paint,method_i_b,1.25,6826N-D,5.0,1.094,relaxed,30,True
BULK-INV-5059-L01,BULK-INV-5059,5059,2026-04-15,130,325,Paint,method_i_b,1.25,6827N-A,5.0,1.231,relaxed,31,True
BULK-INV-5059-L02,BULK-INV-5059,5059,2026-04-15,130,325,Paint,method_i_b,0.75,6764-B,5.0,0.13,excellent,1,True
BULK-INV-5059-L02,BULK-INV-5059,5059,2026-04-15,130,325,Paint,method_i_b,0.75,6767A,10.0,0.269,excellent,2,True
BULK-INV-5059-L02,BULK-INV-5059,5059,2026-04-15,130,325,Paint,method_i_b,0.75,6823N-C,5.0,0.269,excellent,3,True
BULK-INV-5059-L02,BULK-INV-5059,5059,2026-04-15,130,325,Paint,method_i_b,0.75,6768A,5.0,0.284,excellent,4,True
BULK-INV-5059-L02,BULK-INV-5059,5059,2026-04-15,130,325,Paint,method_i_b,0.75,6764-A,10.0,0.297,excellent,5,True
BULK-INV-5059-L02,BULK-INV-5059,5059,2026-04-15,130,325,Paint,method_i_b,0.75,6782A,10.0,0.297,excellent,6,True
BULK-INV-5059-L02,BULK-INV-5059,5059,2026-04-15,130,325,Paint,method_i_b,0.75,6781A,10.0,0.309,excellent,7,True
BULK-INV-5059-L02,BULK-INV-5059,5059,2026-04-15,130,325,Paint,method_i_b,0.75,6781B,2.0,0.311,excellent,8,True
BULK-INV-5059-L02,BULK-INV-5059,5059,2026-04-15,130,325,Paint,method_i_b,0.75,6785A,10.0,0.323,excellent,9,True
BULK-INV-5059-L02,BULK-INV-5059,5059,2026-04-15,130,325,Paint,method_i_b,0.75,6823N-D,5.0,0.342,excellent,10,True
BULK-INV-5059-L02,BULK-INV-5059,5059,2026-04-15,130,325,Paint,method_i_b,0.75,6824N-A,5.0,0.363,excellent,11,True
BULK-INV-5059-L02,BULK-INV-5059,5059,2026-04-15,130,325,Paint,method_i_b,0.75,6822N-C,5.0,0.369,excellent,12,True
BULK-INV-5059-L02,BULK-INV-5059,5059,2026-04-15,130,325,Paint,method_i_b,0.75,6767B,10.0,0.371,excellent,13,True
BULK-INV-5059-L02,BULK-INV-5059,5059,2026-04-15,130,325,Paint,method_i_b,0.75,6828N-A,5.0,0.371,excellent,14,True
BULK-INV-5059-L02,BULK-INV-5059,5059,2026-04-15,130,325,Paint,method_i_b,0.75,6770A,10.0,0.387,excellent,15,True
BULK-INV-5059-L02,BULK-INV-5059,5059,2026-04-15,130,325,Paint,method_i_b,0.75,6784B,7.0,0.396,excellent,16,True
BULK-INV-5059-L02,BULK-INV-5059,5059,2026-04-15,130,325,Paint,method_i_b,0.75,6784A,10.0,0.415,excellent,17,True
BULK-INV-5059-L02,BULK-INV-5059,5059,2026-04-15,130,325,Paint,method_i_b,0.75,6828N-D,5.0,0.446,excellent,18,True
BULK-INV-5059-L02,BULK-INV-5059,5059,2026-04-15,130,325,Paint,method_i_b,0.75,6785B,10.0,0.453,excellent,19,True
BULK-INV-5059-L02,BULK-INV-5059,5059,2026-04-15,130,325,Paint,method_i_b,0.75,6563A,6.0,0.54,excellent,20,True
BULK-INV-5059-L02,BULK-INV-5059,5059,2026-04-15,130,325,Paint,method_i_b,0.75,6822N-D,5.0,0.559,excellent,21,True
BULK-INV-5059-L02,BULK-INV-5059,5059,2026-04-15,130,325,Paint,method_i_b,0.75,6823N-A,5.0,0.602,strict,22,True
BULK-INV-5059-L02,BULK-INV-5059,5059,2026-04-15,130,325,Paint,method_i_b,0.75,6127A,5.0,0.633,strict,23,True
BULK-INV-5059-L02,BULK-INV-5059,5059,2026-04-15,130,325,Paint,method_i_b,0.75,6828N-C,5.0,0.661,strict,24,True
BULK-INV-5059-L02,BULK-INV-5059,5059,2026-04-15,130,325,Paint,method_i_b,0.75,6812B,10.0,0.72,strict,25,True
BULK-INV-5059-L02,BULK-INV-5059,5059,2026-04-15,130,325,Paint,method_i_b,0.75,6812A,10.0,0.836,strict,26,True
BULK-INV-5059-L02,BULK-INV-5059,5059,2026-04-15,130,325,Paint,method_i_b,0.75,6566A,6.0,0.872,strict,27,True
BULK-INV-5059-L02,BULK-INV-5059,5059,2026-04-15,130,325,Paint,method_i_b,0.75,6566A,5.0,0.872,strict,28,True
BULK-INV-5059-L02,BULK-INV-5059,5059,2026-04-15,130,325,Paint,method_i_b,0.75,6778N-B,5.0,1.01,relaxed,29,True
BULK-INV-5059-L02,BULK-INV-5059,5059,2026-04-15,130,325,Paint,method_i_b,0.75,6826N-D,5.0,1.094,relaxed,30,True
BULK-INV-5059-L02,BULK-INV-5059,5059,2026-04-15,130,325,Paint,method_i_b,0.75,6827N-A,5.0,1.231,relaxed,31,True
BULK-INV-5060-L01,BULK-INV-5060,5060,2026-04-16,130A,3249B,Water Based,method_ii,2.5,6802A,10.0,0.119,excellent,1,True
BULK-INV-5060-L01,BULK-INV-5060,5060,2026-04-16,130A,3249B,Water Based,method_ii,2.5,6796A,10.0,0.161,excellent,2,True
BULK-INV-5060-L01,BULK-INV-5060,5060,2026-04-16,130A,3249B,Water Based,method_ii,2.5,6801A,10.0,0.212,excellent,3,True
BULK-INV-5060-L01,BULK-INV-5060,5060,2026-04-16,130A,3249B,Water Based,method_ii,2.5,6789A,10.0,0.214,excellent,4,True
BULK-INV-5060-L01,BULK-INV-5060,5060,2026-04-16,130A,3249B,Water Based,method_ii,2.5,6822N-A,5.0,0.331,excellent,5,True
BULK-INV-5060-L01,BULK-INV-5060,5060,2026-04-16,130A,3249B,Water Based,method_ii,2.5,6797A,10.0,0.335,excellent,6,True
BULK-INV-5060-L01,BULK-INV-5060,5060,2026-04-16,130A,3249B,Water Based,method_ii,2.5,6787A,10.0,0.35,excellent,7,True
BULK-INV-5060-L01,BULK-INV-5060,5060,2026-04-16,130A,3249B,Water Based,method_ii,2.5,6802B,10.0,0.351,excellent,8,True
BULK-INV-5060-L01,BULK-INV-5060,5060,2026-04-16,130A,3249B,Water Based,method_ii,2.5,6788B,10.0,0.373,excellent,9,True
BULK-INV-5060-L01,BULK-INV-5060,5060,2026-04-16,130A,3249B,Water Based,method_ii,2.5,6796B,8.0,0.375,excellent,10,True
BULK-INV-5060-L01,BULK-INV-5060,5060,2026-04-16,130A,3249B,Water Based,method_ii,2.5,6801B,4.0,0.404,excellent,11,True
BULK-INV-5060-L01,BULK-INV-5060,5060,2026-04-16,130A,3249B,Water Based,method_ii,2.5,6788A,10.0,0.508,excellent,12,True
BULK-INV-5060-L01,BULK-INV-5060,5060,2026-04-16,130A,3249B,Water Based,method_ii,2.5,6797B,7.0,0.685,strict,13,True
BULK-INV-5060-L01,BULK-INV-5060,5060,2026-04-16,130A,3249B,Water Based,method_ii,2.5,6789B,10.0,0.76,strict,14,True
BULK-INV-5060-L01,BULK-INV-5060,5060,2026-04-16,130A,3249B,Water Based,method_ii,2.5,6787B,7.0,0.797,strict,15,True
BULK-INV-5060-L01,BULK-INV-5060,5060,2026-04-16,130A,3249B,Water Based,method_ii,2.5,6548A,4.0,0.904,strict,16,True
BULK-INV-5060-L01,BULK-INV-5060,5060,2026-04-16,130A,3249B,Water Based,method_ii,2.5,6823N-B,5.0,1.056,relaxed,17,True
BULK-INV-5060-L01,BULK-INV-5060,5060,2026-04-16,130A,3249B,Water Based,method_ii,2.5,6833A,10.0,1.074,relaxed,18,True
BULK-INV-5060-L01,BULK-INV-5060,5060,2026-04-16,130A,3249B,Water Based,method_ii,2.5,6719N-D,5.0,1.165,relaxed,19,True
BULK-INV-5060-L01,BULK-INV-5060,5060,2026-04-16,130A,3249B,Water Based,method_ii,2.5,6803B,5.0,1.196,relaxed,20,True
BULK-INV-5060-L01,BULK-INV-5060,5060,2026-04-16,130A,3249B,Water Based,method_ii,2.5,6803A,10.0,1.227,relaxed,21,True
BULK-INV-5060-L01,BULK-INV-5060,5060,2026-04-16,130A,3249B,Water Based,method_ii,2.5,6832A,10.0,1.584,review,22,True
BULK-INV-5060-L01,BULK-INV-5060,5060,2026-04-16,130A,3249B,Water Based,method_ii,2.5,6832B,6.0,1.699,review,23,True
BULK-INV-5060-L01,BULK-INV-5060,5060,2026-04-16,130A,3249B,Water Based,method_ii,2.5,6833B,10.0,2.032,review,24,True
BULK-INV-5060-L01,BULK-INV-5060,5060,2026-04-16,130A,3249B,Water Based,method_ii,2.5,6528A,10.0,2.171,review,25,True
BULK-INV-5060-L01,BULK-INV-5060,5060,2026-04-16,130A,3249B,Water Based,method_ii,2.5,6770B,10.0,2.281,review,26,True
BULK-INV-5061-L01,BULK-INV-5061,5061,2026-04-17,130,325,Paint,method_i_b,1.0,6764-B,5.0,0.13,excellent,1,True
BULK-INV-5061-L01,BULK-INV-5061,5061,2026-04-17,130,325,Paint,method_i_b,1.0,6767A,10.0,0.269,excellent,2,True
BULK-INV-5061-L01,BULK-INV-5061,5061,2026-04-17,130,325,Paint,method_i_b,1.0,6823N-C,5.0,0.269,excellent,3,True
BULK-INV-5061-L01,BULK-INV-5061,5061,2026-04-17,130,325,Paint,method_i_b,1.0,6768A,5.0,0.284,excellent,4,True
BULK-INV-5061-L01,BULK-INV-5061,5061,2026-04-17,130,325,Paint,method_i_b,1.0,6764-A,10.0,0.297,excellent,5,True
BULK-INV-5061-L01,BULK-INV-5061,5061,2026-04-17,130,325,Paint,method_i_b,1.0,6782A,10.0,0.297,excellent,6,True
BULK-INV-5061-L01,BULK-INV-5061,5061,2026-04-17,130,325,Paint,method_i_b,1.0,6781A,10.0,0.309,excellent,7,True
BULK-INV-5061-L01,BULK-INV-5061,5061,2026-04-17,130,325,Paint,method_i_b,1.0,6781B,2.0,0.311,excellent,8,True
BULK-INV-5061-L01,BULK-INV-5061,5061,2026-04-17,130,325,Paint,method_i_b,1.0,6785A,10.0,0.323,excellent,9,True
BULK-INV-5061-L01,BULK-INV-5061,5061,2026-04-17,130,325,Paint,method_i_b,1.0,6823N-D,5.0,0.342,excellent,10,True
BULK-INV-5061-L01,BULK-INV-5061,5061,2026-04-17,130,325,Paint,method_i_b,1.0,6824N-A,5.0,0.363,excellent,11,True
BULK-INV-5061-L01,BULK-INV-5061,5061,2026-04-17,130,325,Paint,method_i_b,1.0,6822N-C,5.0,0.369,excellent,12,True
BULK-INV-5061-L01,BULK-INV-5061,5061,2026-04-17,130,325,Paint,method_i_b,1.0,6767B,10.0,0.371,excellent,13,True
BULK-INV-5061-L01,BULK-INV-5061,5061,2026-04-17,130,325,Paint,method_i_b,1.0,6828N-A,5.0,0.371,excellent,14,True
BULK-INV-5061-L01,BULK-INV-5061,5061,2026-04-17,130,325,Paint,method_i_b,1.0,6770A,10.0,0.387,excellent,15,True
BULK-INV-5061-L01,BULK-INV-5061,5061,2026-04-17,130,325,Paint,method_i_b,1.0,6784B,7.0,0.396,excellent,16,True
BULK-INV-5061-L01,BULK-INV-5061,5061,2026-04-17,130,325,Paint,method_i_b,1.0,6784A,10.0,0.415,excellent,17,True
BULK-INV-5061-L01,BULK-INV-5061,5061,2026-04-17,130,325,Paint,method_i_b,1.0,6828N-D,5.0,0.446,excellent,18,True
BULK-INV-5061-L01,BULK-INV-5061,5061,2026-04-17,130,325,Paint,method_i_b,1.0,6785B,10.0,0.453,excellent,19,True
BULK-INV-5061-L01,BULK-INV-5061,5061,2026-04-17,130,325,Paint,method_i_b,1.0,6563A,6.0,0.54,excellent,20,True
BULK-INV-5061-L01,BULK-INV-5061,5061,2026-04-17,130,325,Paint,method_i_b,1.0,6822N-D,5.0,0.559,excellent,21,True
BULK-INV-5061-L01,BULK-INV-5061,5061,2026-04-17,130,325,Paint,method_i_b,1.0,6823N-A,5.0,0.602,strict,22,True
BULK-INV-5061-L01,BULK-INV-5061,5061,2026-04-17,130,325,Paint,method_i_b,1.0,6127A,5.0,0.633,strict,23,True
BULK-INV-5061-L01,BULK-INV-5061,5061,2026-04-17,130,325,Paint,method_i_b,1.0,6828N-C,5.0,0.661,strict,24,True
BULK-INV-5061-L01,BULK-INV-5061,5061,2026-04-17,130,325,Paint,method_i_b,1.0,6812B,10.0,0.72,strict,25,True
BULK-INV-5061-L01,BULK-INV-5061,5061,2026-04-17,130,325,Paint,method_i_b,1.0,6812A,10.0,0.836,strict,26,True
BULK-INV-5061-L01,BULK-INV-5061,5061,2026-04-17,130,325,Paint,method_i_b,1.0,6566A,6.0,0.872,strict,27,True
BULK-INV-5061-L01,BULK-INV-5061,5061,2026-04-17,130,325,Paint,method_i_b,1.0,6566A,5.0,0.872,strict,28,True
BULK-INV-5061-L01,BULK-INV-5061,5061,2026-04-17,130,325,Paint,method_i_b,1.0,6778N-B,5.0,1.01,relaxed,29,True
BULK-INV-5061-L01,BULK-INV-5061,5061,2026-04-17,130,325,Paint,method_i_b,1.0,6826N-D,5.0,1.094,relaxed,30,True
BULK-INV-5061-L01,BULK-INV-5061,5061,2026-04-17,130,325,Paint,method_i_b,1.0,6827N-A,5.0,1.231,relaxed,31,True
BULK-INV-5062-L01,BULK-INV-5062,5062,2026-04-18,130A,3249B,Paint,method_i_b,3.0,6788A,10.0,0.017,excellent,1,True
BULK-INV-5062-L01,BULK-INV-5062,5062,2026-04-18,130A,3249B,Paint,method_i_b,3.0,6787B,7.0,0.07,excellent,2,True
BULK-INV-5062-L01,BULK-INV-5062,5062,2026-04-18,130A,3249B,Paint,method_i_b,3.0,6797B,7.0,0.082,excellent,3,True
BULK-INV-5062-L01,BULK-INV-5062,5062,2026-04-18,130A,3249B,Paint,method_i_b,3.0,6797A,10.0,0.09,excellent,4,True
BULK-INV-5062-L01,BULK-INV-5062,5062,2026-04-18,130A,3249B,Paint,method_i_b,3.0,6787A,10.0,0.101,excellent,5,True
BULK-INV-5062-L01,BULK-INV-5062,5062,2026-04-18,130A,3249B,Paint,method_i_b,3.0,6796B,8.0,0.197,excellent,6,True
BULK-INV-5062-L01,BULK-INV-5062,5062,2026-04-18,130A,3249B,Paint,method_i_b,3.0,6788B,10.0,0.271,excellent,7,True
BULK-INV-5062-L01,BULK-INV-5062,5062,2026-04-18,130A,3249B,Paint,method_i_b,3.0,6796A,10.0,0.331,excellent,8,True
BULK-INV-5062-L01,BULK-INV-5062,5062,2026-04-18,130A,3249B,Paint,method_i_b,3.0,6803B,5.0,0.429,excellent,9,True
BULK-INV-5062-L01,BULK-INV-5062,5062,2026-04-18,130A,3249B,Paint,method_i_b,3.0,6802A,10.0,0.526,excellent,10,True
BULK-INV-5062-L01,BULK-INV-5062,5062,2026-04-18,130A,3249B,Paint,method_i_b,3.0,6801B,4.0,0.59,excellent,11,True
BULK-INV-5062-L01,BULK-INV-5062,5062,2026-04-18,130A,3249B,Paint,method_i_b,3.0,6803A,10.0,0.611,strict,12,True
BULK-INV-5062-L01,BULK-INV-5062,5062,2026-04-18,130A,3249B,Paint,method_i_b,3.0,6822N-A,5.0,0.661,strict,13,True
BULK-INV-5062-L01,BULK-INV-5062,5062,2026-04-18,130A,3249B,Paint,method_i_b,3.0,6833B,10.0,0.708,strict,14,True
BULK-INV-5062-L01,BULK-INV-5062,5062,2026-04-18,130A,3249B,Paint,method_i_b,3.0,6833A,10.0,0.77,strict,15,True
BULK-INV-5062-L01,BULK-INV-5062,5062,2026-04-18,130A,3249B,Paint,method_i_b,3.0,6802B,10.0,0.827,strict,16,True
BULK-INV-5062-L01,BULK-INV-5062,5062,2026-04-18,130A,3249B,Paint,method_i_b,3.0,6548A,4.0,0.833,strict,17,True
BULK-INV-5062-L01,BULK-INV-5062,5062,2026-04-18,130A,3249B,Paint,method_i_b,3.0,6832B,6.0,0.897,strict,18,True
BULK-INV-5062-L01,BULK-INV-5062,5062,2026-04-18,130A,3249B,Paint,method_i_b,3.0,6789A,10.0,0.899,strict,19,True
BULK-INV-5062-L01,BULK-INV-5062,5062,2026-04-18,130A,3249B,Paint,method_i_b,3.0,6801A,10.0,0.915,strict,20,True
BULK-INV-5062-L01,BULK-INV-5062,5062,2026-04-18,130A,3249B,Paint,method_i_b,3.0,6832A,10.0,0.923,strict,21,True
BULK-INV-5062-L01,BULK-INV-5062,5062,2026-04-18,130A,3249B,Paint,method_i_b,3.0,6719N-D,5.0,0.961,strict,22,True
BULK-INV-5062-L01,BULK-INV-5062,5062,2026-04-18,130A,3249B,Paint,method_i_b,3.0,6789B,10.0,1.026,relaxed,23,True
BULK-INV-5062-L01,BULK-INV-5062,5062,2026-04-18,130A,3249B,Paint,method_i_b,3.0,6770B,10.0,1.095,relaxed,24,True
BULK-INV-5062-L01,BULK-INV-5062,5062,2026-04-18,130A,3249B,Paint,method_i_b,3.0,6528A,10.0,1.236,relaxed,25,True
BULK-INV-5062-L01,BULK-INV-5062,5062,2026-04-18,130A,3249B,Paint,method_i_b,3.0,6823N-B,5.0,1.393,relaxed,26,True
BULK-INV-5063-L01,BULK-INV-5063,5063,2026-04-19,130,325,Paint,method_i_b,0.5,6764-B,5.0,0.13,excellent,1,True
BULK-INV-5063-L01,BULK-INV-5063,5063,2026-04-19,130,325,Paint,method_i_b,0.5,6767A,10.0,0.269,excellent,2,True
BULK-INV-5063-L01,BULK-INV-5063,5063,2026-04-19,130,325,Paint,method_i_b,0.5,6823N-C,5.0,0.269,excellent,3,True
BULK-INV-5063-L01,BULK-INV-5063,5063,2026-04-19,130,325,Paint,method_i_b,0.5,6768A,5.0,0.284,excellent,4,True
BULK-INV-5063-L01,BULK-INV-5063,5063,2026-04-19,130,325,Paint,method_i_b,0.5,6764-A,10.0,0.297,excellent,5,True
BULK-INV-5063-L01,BULK-INV-5063,5063,2026-04-19,130,325,Paint,method_i_b,0.5,6782A,10.0,0.297,excellent,6,True
BULK-INV-5063-L01,BULK-INV-5063,5063,2026-04-19,130,325,Paint,method_i_b,0.5,6781A,10.0,0.309,excellent,7,True
BULK-INV-5063-L01,BULK-INV-5063,5063,2026-04-19,130,325,Paint,method_i_b,0.5,6781B,2.0,0.311,excellent,8,True
BULK-INV-5063-L01,BULK-INV-5063,5063,2026-04-19,130,325,Paint,method_i_b,0.5,6785A,10.0,0.323,excellent,9,True
BULK-INV-5063-L01,BULK-INV-5063,5063,2026-04-19,130,325,Paint,method_i_b,0.5,6823N-D,5.0,0.342,excellent,10,True
BULK-INV-5063-L01,BULK-INV-5063,5063,2026-04-19,130,325,Paint,method_i_b,0.5,6824N-A,5.0,0.363,excellent,11,True
BULK-INV-5063-L01,BULK-INV-5063,5063,2026-04-19,130,325,Paint,method_i_b,0.5,6822N-C,5.0,0.369,excellent,12,True
BULK-INV-5063-L01,BULK-INV-5063,5063,2026-04-19,130,325,Paint,method_i_b,0.5,6767B,10.0,0.371,excellent,13,True
BULK-INV-5063-L01,BULK-INV-5063,5063,2026-04-19,130,325,Paint,method_i_b,0.5,6828N-A,5.0,0.371,excellent,14,True
BULK-INV-5063-L01,BULK-INV-5063,5063,2026-04-19,130,325,Paint,method_i_b,0.5,6770A,10.0,0.387,excellent,15,True
BULK-INV-5063-L01,BULK-INV-5063,5063,2026-04-19,130,325,Paint,method_i_b,0.5,6784B,7.0,0.396,excellent,16,True
BULK-INV-5063-L01,BULK-INV-5063,5063,2026-04-19,130,325,Paint,method_i_b,0.5,6784A,10.0,0.415,excellent,17,True
BULK-INV-5063-L01,BULK-INV-5063,5063,2026-04-19,130,325,Paint,method_i_b,0.5,6828N-D,5.0,0.446,excellent,18,True
BULK-INV-5063-L01,BULK-INV-5063,5063,2026-04-19,130,325,Paint,method_i_b,0.5,6785B,10.0,0.453,excellent,19,True
BULK-INV-5063-L01,BULK-INV-5063,5063,2026-04-19,130,325,Paint,method_i_b,0.5,6563A,6.0,0.54,excellent,20,True
BULK-INV-5063-L01,BULK-INV-5063,5063,2026-04-19,130,325,Paint,method_i_b,0.5,6822N-D,5.0,0.559,excellent,21,True
BULK-INV-5063-L01,BULK-INV-5063,5063,2026-04-19,130,325,Paint,method_i_b,0.5,6823N-A,5.0,0.602,strict,22,True
BULK-INV-5063-L01,BULK-INV-5063,5063,2026-04-19,130,325,Paint,method_i_b,0.5,6127A,5.0,0.633,strict,23,True
BULK-INV-5063-L01,BULK-INV-5063,5063,2026-04-19,130,325,Paint,method_i_b,0.5,6828N-C,5.0,0.661,strict,24,True
BULK-INV-5063-L01,BULK-INV-5063,5063,2026-04-19,130,325,Paint,method_i_b,0.5,6812B,10.0,0.72,strict,25,True
BULK-INV-5063-L01,BULK-INV-5063,5063,2026-04-19,130,325,Paint,method_i_b,0.5,6812A,10.0,0.836,strict,26,True
BULK-INV-5063-L01,BULK-INV-5063,5063,2026-04-19,130,325,Paint,method_i_b,0.5,6566A,6.0,0.872,strict,27,True
BULK-INV-5063-L01,BULK-INV-5063,5063,2026-04-19,130,325,Paint,method_i_b,0.5,6566A,5.0,0.872,strict,28,True
BULK-INV-5063-L01,BULK-INV-5063,5063,2026-04-19,130,325,Paint,method_i_b,0.5,6778N-B,5.0,1.01,relaxed,29,True
BULK-INV-5063-L01,BULK-INV-5063,5063,2026-04-19,130,325,Paint,method_i_b,0.5,6826N-D,5.0,1.094,relaxed,30,True
BULK-INV-5063-L01,BULK-INV-5063,5063,2026-04-19,130,325,Paint,method_i_b,0.5,6827N-A,5.0,1.231,relaxed,31,True
BULK-INV-5064-L01,BULK-INV-5064,5064,2026-04-20,130,325,Paint,method_i_b,0.5,6764-B,5.0,0.13,excellent,1,True
BULK-INV-5064-L01,BULK-INV-5064,5064,2026-04-20,130,325,Paint,method_i_b,0.5,6767A,10.0,0.269,excellent,2,True
BULK-INV-5064-L01,BULK-INV-5064,5064,2026-04-20,130,325,Paint,method_i_b,0.5,6823N-C,5.0,0.269,excellent,3,True
BULK-INV-5064-L01,BULK-INV-5064,5064,2026-04-20,130,325,Paint,method_i_b,0.5,6768A,5.0,0.284,excellent,4,True
BULK-INV-5064-L01,BULK-INV-5064,5064,2026-04-20,130,325,Paint,method_i_b,0.5,6764-A,10.0,0.297,excellent,5,True
BULK-INV-5064-L01,BULK-INV-5064,5064,2026-04-20,130,325,Paint,method_i_b,0.5,6782A,10.0,0.297,excellent,6,True
BULK-INV-5064-L01,BULK-INV-5064,5064,2026-04-20,130,325,Paint,method_i_b,0.5,6781A,10.0,0.309,excellent,7,True
BULK-INV-5064-L01,BULK-INV-5064,5064,2026-04-20,130,325,Paint,method_i_b,0.5,6781B,2.0,0.311,excellent,8,True
BULK-INV-5064-L01,BULK-INV-5064,5064,2026-04-20,130,325,Paint,method_i_b,0.5,6785A,10.0,0.323,excellent,9,True
BULK-INV-5064-L01,BULK-INV-5064,5064,2026-04-20,130,325,Paint,method_i_b,0.5,6823N-D,5.0,0.342,excellent,10,True
BULK-INV-5064-L01,BULK-INV-5064,5064,2026-04-20,130,325,Paint,method_i_b,0.5,6824N-A,5.0,0.363,excellent,11,True
BULK-INV-5064-L01,BULK-INV-5064,5064,2026-04-20,130,325,Paint,method_i_b,0.5,6822N-C,5.0,0.369,excellent,12,True
BULK-INV-5064-L01,BULK-INV-5064,5064,2026-04-20,130,325,Paint,method_i_b,0.5,6767B,10.0,0.371,excellent,13,True
BULK-INV-5064-L01,BULK-INV-5064,5064,2026-04-20,130,325,Paint,method_i_b,0.5,6828N-A,5.0,0.371,excellent,14,True
BULK-INV-5064-L01,BULK-INV-5064,5064,2026-04-20,130,325,Paint,method_i_b,0.5,6770A,10.0,0.387,excellent,15,True
BULK-INV-5064-L01,BULK-INV-5064,5064,2026-04-20,130,325,Paint,method_i_b,0.5,6784B,7.0,0.396,excellent,16,True
BULK-INV-5064-L01,BULK-INV-5064,5064,2026-04-20,130,325,Paint,method_i_b,0.5,6784A,10.0,0.415,excellent,17,True
BULK-INV-5064-L01,BULK-INV-5064,5064,2026-04-20,130,325,Paint,method_i_b,0.5,6828N-D,5.0,0.446,excellent,18,True
BULK-INV-5064-L01,BULK-INV-5064,5064,2026-04-20,130,325,Paint,method_i_b,0.5,6785B,10.0,0.453,excellent,19,True
BULK-INV-5064-L01,BULK-INV-5064,5064,2026-04-20,130,325,Paint,method_i_b,0.5,6563A,6.0,0.54,excellent,20,True
BULK-INV-5064-L01,BULK-INV-5064,5064,2026-04-20,130,325,Paint,method_i_b,0.5,6822N-D,5.0,0.559,excellent,21,True
BULK-INV-5064-L01,BULK-INV-5064,5064,2026-04-20,130,325,Paint,method_i_b,0.5,6823N-A,5.0,0.602,strict,22,True
BULK-INV-5064-L01,BULK-INV-5064,5064,2026-04-20,130,325,Paint,method_i_b,0.5,6127A,5.0,0.633,strict,23,True
BULK-INV-5064-L01,BULK-INV-5064,5064,2026-04-20,130,325,Paint,method_i_b,0.5,6828N-C,5.0,0.661,strict,24,True
BULK-INV-5064-L01,BULK-INV-5064,5064,2026-04-20,130,325,Paint,method_i_b,0.5,6812B,10.0,0.72,strict,25,True
BULK-INV-5064-L01,BULK-INV-5064,5064,2026-04-20,130,325,Paint,method_i_b,0.5,6812A,10.0,0.836,strict,26,True
BULK-INV-5064-L01,BULK-INV-5064,5064,2026-04-20,130,325,Paint,method_i_b,0.5,6566A,6.0,0.872,strict,27,True
BULK-INV-5064-L01,BULK-INV-5064,5064,2026-04-20,130,325,Paint,method_i_b,0.5,6566A,5.0,0.872,strict,28,True
BULK-INV-5064-L01,BULK-INV-5064,5064,2026-04-20,130,325,Paint,method_i_b,0.5,6778N-B,5.0,1.01,relaxed,29,True
BULK-INV-5064-L01,BULK-INV-5064,5064,2026-04-20,130,325,Paint,method_i_b,0.5,6826N-D,5.0,1.094,relaxed,30,True
BULK-INV-5064-L01,BULK-INV-5064,5064,2026-04-20,130,325,Paint,method_i_b,0.5,6827N-A,5.0,1.231,relaxed,31,True
BULK-INV-5065-L01,BULK-INV-5065,5065,2026-04-21,130,325,Paint,method_i_b,1.0,6764-B,5.0,0.13,excellent,1,True
BULK-INV-5065-L01,BULK-INV-5065,5065,2026-04-21,130,325,Paint,method_i_b,1.0,6767A,10.0,0.269,excellent,2,True
BULK-INV-5065-L01,BULK-INV-5065,5065,2026-04-21,130,325,Paint,method_i_b,1.0,6823N-C,5.0,0.269,excellent,3,True
BULK-INV-5065-L01,BULK-INV-5065,5065,2026-04-21,130,325,Paint,method_i_b,1.0,6768A,5.0,0.284,excellent,4,True
BULK-INV-5065-L01,BULK-INV-5065,5065,2026-04-21,130,325,Paint,method_i_b,1.0,6764-A,10.0,0.297,excellent,5,True
BULK-INV-5065-L01,BULK-INV-5065,5065,2026-04-21,130,325,Paint,method_i_b,1.0,6782A,10.0,0.297,excellent,6,True
BULK-INV-5065-L01,BULK-INV-5065,5065,2026-04-21,130,325,Paint,method_i_b,1.0,6781A,10.0,0.309,excellent,7,True
BULK-INV-5065-L01,BULK-INV-5065,5065,2026-04-21,130,325,Paint,method_i_b,1.0,6781B,2.0,0.311,excellent,8,True
BULK-INV-5065-L01,BULK-INV-5065,5065,2026-04-21,130,325,Paint,method_i_b,1.0,6785A,10.0,0.323,excellent,9,True
BULK-INV-5065-L01,BULK-INV-5065,5065,2026-04-21,130,325,Paint,method_i_b,1.0,6823N-D,5.0,0.342,excellent,10,True
BULK-INV-5065-L01,BULK-INV-5065,5065,2026-04-21,130,325,Paint,method_i_b,1.0,6824N-A,5.0,0.363,excellent,11,True
BULK-INV-5065-L01,BULK-INV-5065,5065,2026-04-21,130,325,Paint,method_i_b,1.0,6822N-C,5.0,0.369,excellent,12,True
BULK-INV-5065-L01,BULK-INV-5065,5065,2026-04-21,130,325,Paint,method_i_b,1.0,6767B,10.0,0.371,excellent,13,True
BULK-INV-5065-L01,BULK-INV-5065,5065,2026-04-21,130,325,Paint,method_i_b,1.0,6828N-A,5.0,0.371,excellent,14,True
BULK-INV-5065-L01,BULK-INV-5065,5065,2026-04-21,130,325,Paint,method_i_b,1.0,6770A,10.0,0.387,excellent,15,True
BULK-INV-5065-L01,BULK-INV-5065,5065,2026-04-21,130,325,Paint,method_i_b,1.0,6784B,7.0,0.396,excellent,16,True
BULK-INV-5065-L01,BULK-INV-5065,5065,2026-04-21,130,325,Paint,method_i_b,1.0,6784A,10.0,0.415,excellent,17,True
BULK-INV-5065-L01,BULK-INV-5065,5065,2026-04-21,130,325,Paint,method_i_b,1.0,6828N-D,5.0,0.446,excellent,18,True
BULK-INV-5065-L01,BULK-INV-5065,5065,2026-04-21,130,325,Paint,method_i_b,1.0,6785B,10.0,0.453,excellent,19,True
BULK-INV-5065-L01,BULK-INV-5065,5065,2026-04-21,130,325,Paint,method_i_b,1.0,6563A,6.0,0.54,excellent,20,True
BULK-INV-5065-L01,BULK-INV-5065,5065,2026-04-21,130,325,Paint,method_i_b,1.0,6822N-D,5.0,0.559,excellent,21,True
BULK-INV-5065-L01,BULK-INV-5065,5065,2026-04-21,130,325,Paint,method_i_b,1.0,6823N-A,5.0,0.602,strict,22,True
BULK-INV-5065-L01,BULK-INV-5065,5065,2026-04-21,130,325,Paint,method_i_b,1.0,6127A,5.0,0.633,strict,23,True
BULK-INV-5065-L01,BULK-INV-5065,5065,2026-04-21,130,325,Paint,method_i_b,1.0,6828N-C,5.0,0.661,strict,24,True
BULK-INV-5065-L01,BULK-INV-5065,5065,2026-04-21,130,325,Paint,method_i_b,1.0,6812B,10.0,0.72,strict,25,True
BULK-INV-5065-L01,BULK-INV-5065,5065,2026-04-21,130,325,Paint,method_i_b,1.0,6812A,10.0,0.836,strict,26,True
BULK-INV-5065-L01,BULK-INV-5065,5065,2026-04-21,130,325,Paint,method_i_b,1.0,6566A,6.0,0.872,strict,27,True
BULK-INV-5065-L01,BULK-INV-5065,5065,2026-04-21,130,325,Paint,method_i_b,1.0,6566A,5.0,0.872,strict,28,True
BULK-INV-5065-L01,BULK-INV-5065,5065,2026-04-21,130,325,Paint,method_i_b,1.0,6778N-B,5.0,1.01,relaxed,29,True
BULK-INV-5065-L01,BULK-INV-5065,5065,2026-04-21,130,325,Paint,method_i_b,1.0,6826N-D,5.0,1.094,relaxed,30,True
BULK-INV-5065-L01,BULK-INV-5065,5065,2026-04-21,130,325,Paint,method_i_b,1.0,6827N-A,5.0,1.231,relaxed,31,True
BULK-INV-5067-L01,BULK-INV-5067,5067,2026-04-23,130,325,Water Based,method_ii,10.0,6778N-B,5.0,0.292,excellent,1,False
BULK-INV-5067-L01,BULK-INV-5067,5067,2026-04-23,130,325,Water Based,method_ii,10.0,6823N-D,5.0,0.493,excellent,2,False
BULK-INV-5067-L01,BULK-INV-5067,5067,2026-04-23,130,325,Water Based,method_ii,10.0,6824N-A,5.0,0.52,excellent,3,False
BULK-INV-5067-L01,BULK-INV-5067,5067,2026-04-23,130,325,Water Based,method_ii,10.0,6823N-C,5.0,0.623,strict,4,False
BULK-INV-5067-L01,BULK-INV-5067,5067,2026-04-23,130,325,Water Based,method_ii,10.0,6823N-A,5.0,0.732,strict,5,False
BULK-INV-5067-L01,BULK-INV-5067,5067,2026-04-23,130,325,Water Based,method_ii,10.0,6822N-D,5.0,0.747,strict,6,False
BULK-INV-5067-L01,BULK-INV-5067,5067,2026-04-23,130,325,Water Based,method_ii,10.0,6828N-D,5.0,0.799,strict,7,False
BULK-INV-5067-L01,BULK-INV-5067,5067,2026-04-23,130,325,Water Based,method_ii,10.0,6563A,6.0,0.929,strict,8,False
BULK-INV-5067-L01,BULK-INV-5067,5067,2026-04-23,130,325,Water Based,method_ii,10.0,6764-B,5.0,0.941,strict,9,False
BULK-INV-5067-L01,BULK-INV-5067,5067,2026-04-23,130,325,Water Based,method_ii,10.0,6768A,5.0,0.957,strict,10,False
BULK-INV-5067-L01,BULK-INV-5067,5067,2026-04-23,130,325,Water Based,method_ii,10.0,6828N-A,5.0,0.974,strict,11,False
BULK-INV-5067-L01,BULK-INV-5067,5067,2026-04-23,130,325,Water Based,method_ii,10.0,6828N-C,5.0,1.052,relaxed,12,False
BULK-INV-5067-L01,BULK-INV-5067,5067,2026-04-23,130,325,Water Based,method_ii,10.0,6822N-C,5.0,1.066,relaxed,13,False
BULK-INV-5067-L01,BULK-INV-5067,5067,2026-04-23,130,325,Water Based,method_ii,10.0,6764-A,10.0,1.175,relaxed,14,True
BULK-INV-5067-L01,BULK-INV-5067,5067,2026-04-23,130,325,Water Based,method_ii,10.0,6127A,5.0,1.205,relaxed,15,False
BULK-INV-5067-L01,BULK-INV-5067,5067,2026-04-23,130,325,Water Based,method_ii,10.0,6767A,10.0,1.397,relaxed,16,True
BULK-INV-5067-L01,BULK-INV-5067,5067,2026-04-23,130,325,Water Based,method_ii,10.0,6566A,6.0,1.422,relaxed,17,False
BULK-INV-5067-L01,BULK-INV-5067,5067,2026-04-23,130,325,Water Based,method_ii,10.0,6566A,5.0,1.422,relaxed,18,False
BULK-INV-5067-L01,BULK-INV-5067,5067,2026-04-23,130,325,Water Based,method_ii,10.0,6785B,10.0,1.449,relaxed,19,True
BULK-INV-5067-L01,BULK-INV-5067,5067,2026-04-23,130,325,Water Based,method_ii,10.0,6767B,10.0,1.465,relaxed,20,True
BULK-INV-5067-L01,BULK-INV-5067,5067,2026-04-23,130,325,Water Based,method_ii,10.0,6812B,10.0,1.476,relaxed,21,True
BULK-INV-5067-L01,BULK-INV-5067,5067,2026-04-23,130,325,Water Based,method_ii,10.0,6784B,7.0,1.546,review,22,False
BULK-INV-5067-L01,BULK-INV-5067,5067,2026-04-23,130,325,Water Based,method_ii,10.0,6782A,10.0,1.575,review,23,True
BULK-INV-5067-L01,BULK-INV-5067,5067,2026-04-23,130,325,Water Based,method_ii,10.0,6784A,10.0,1.581,review,24,True
BULK-INV-5067-L01,BULK-INV-5067,5067,2026-04-23,130,325,Water Based,method_ii,10.0,6781B,2.0,1.623,review,25,False
BULK-INV-5067-L01,BULK-INV-5067,5067,2026-04-23,130,325,Water Based,method_ii,10.0,6785A,10.0,1.688,review,26,True
BULK-INV-5067-L01,BULK-INV-5067,5067,2026-04-23,130,325,Water Based,method_ii,10.0,6826N-D,5.0,1.84,review,27,False
BULK-INV-5067-L01,BULK-INV-5067,5067,2026-04-23,130,325,Water Based,method_ii,10.0,6781A,10.0,1.929,review,28,True
BULK-INV-5067-L01,BULK-INV-5067,5067,2026-04-23,130,325,Water Based,method_ii,10.0,6812A,10.0,1.955,review,29,True
BULK-INV-5067-L01,BULK-INV-5067,5067,2026-04-23,130,325,Water Based,method_ii,10.0,6827N-A,5.0,1.965,review,30,False
BULK-INV-5067-L01,BULK-INV-5067,5067,2026-04-23,130,325,Water Based,method_ii,10.0,6770A,10.0,2.183,review,31,True
BULK-INV-5068-L02,BULK-INV-5068,5068,2026-04-24,130A,3249B,Paint,method_i_b,0.5,6788A,10.0,0.017,excellent,1,True
BULK-INV-5068-L02,BULK-INV-5068,5068,2026-04-24,130A,3249B,Paint,method_i_b,0.5,6787B,7.0,0.07,excellent,2,True
BULK-INV-5068-L02,BULK-INV-5068,5068,2026-04-24,130A,3249B,Paint,method_i_b,0.5,6797B,7.0,0.082,excellent,3,True
BULK-INV-5068-L02,BULK-INV-5068,5068,2026-04-24,130A,3249B,Paint,method_i_b,0.5,6797A,10.0,0.09,excellent,4,True
BULK-INV-5068-L02,BULK-INV-5068,5068,2026-04-24,130A,3249B,Paint,method_i_b,0.5,6787A,10.0,0.101,excellent,5,True
BULK-INV-5068-L02,BULK-INV-5068,5068,2026-04-24,130A,3249B,Paint,method_i_b,0.5,6796B,8.0,0.197,excellent,6,True
BULK-INV-5068-L02,BULK-INV-5068,5068,2026-04-24,130A,3249B,Paint,method_i_b,0.5,6788B,10.0,0.271,excellent,7,True
BULK-INV-5068-L02,BULK-INV-5068,5068,2026-04-24,130A,3249B,Paint,method_i_b,0.5,6796A,10.0,0.331,excellent,8,True
BULK-INV-5068-L02,BULK-INV-5068,5068,2026-04-24,130A,3249B,Paint,method_i_b,0.5,6803B,5.0,0.429,excellent,9,True
BULK-INV-5068-L02,BULK-INV-5068,5068,2026-04-24,130A,3249B,Paint,method_i_b,0.5,6802A,10.0,0.526,excellent,10,True
BULK-INV-5068-L02,BULK-INV-5068,5068,2026-04-24,130A,3249B,Paint,method_i_b,0.5,6801B,4.0,0.59,excellent,11,True
BULK-INV-5068-L02,BULK-INV-5068,5068,2026-04-24,130A,3249B,Paint,method_i_b,0.5,6803A,10.0,0.611,strict,12,True
BULK-INV-5068-L02,BULK-INV-5068,5068,2026-04-24,130A,3249B,Paint,method_i_b,0.5,6822N-A,5.0,0.661,strict,13,True
BULK-INV-5068-L02,BULK-INV-5068,5068,2026-04-24,130A,3249B,Paint,method_i_b,0.5,6833B,10.0,0.708,strict,14,True
BULK-INV-5068-L02,BULK-INV-5068,5068,2026-04-24,130A,3249B,Paint,method_i_b,0.5,6833A,10.0,0.77,strict,15,True
BULK-INV-5068-L02,BULK-INV-5068,5068,2026-04-24,130A,3249B,Paint,method_i_b,0.5,6802B,10.0,0.827,strict,16,True
BULK-INV-5068-L02,BULK-INV-5068,5068,2026-04-24,130A,3249B,Paint,method_i_b,0.5,6548A,4.0,0.833,strict,17,True
BULK-INV-5068-L02,BULK-INV-5068,5068,2026-04-24,130A,3249B,Paint,method_i_b,0.5,6832B,6.0,0.897,strict,18,True
BULK-INV-5068-L02,BULK-INV-5068,5068,2026-04-24,130A,3249B,Paint,method_i_b,0.5,6789A,10.0,0.899,strict,19,True
BULK-INV-5068-L02,BULK-INV-5068,5068,2026-04-24,130A,3249B,Paint,method_i_b,0.5,6801A,10.0,0.915,strict,20,True
BULK-INV-5068-L02,BULK-INV-5068,5068,2026-04-24,130A,3249B,Paint,method_i_b,0.5,6832A,10.0,0.923,strict,21,True
BULK-INV-5068-L02,BULK-INV-5068,5068,2026-04-24,130A,3249B,Paint,method_i_b,0.5,6719N-D,5.0,0.961,strict,22,True
BULK-INV-5068-L02,BULK-INV-5068,5068,2026-04-24,130A,3249B,Paint,method_i_b,0.5,6789B,10.0,1.026,relaxed,23,True
BULK-INV-5068-L02,BULK-INV-5068,5068,2026-04-24,130A,3249B,Paint,method_i_b,0.5,6770B,10.0,1.095,relaxed,24,True
BULK-INV-5068-L02,BULK-INV-5068,5068,2026-04-24,130A,3249B,Paint,method_i_b,0.5,6528A,10.0,1.236,relaxed,25,True
BULK-INV-5068-L02,BULK-INV-5068,5068,2026-04-24,130A,3249B,Paint,method_i_b,0.5,6823N-B,5.0,1.393,relaxed,26,True
BULK-INV-5069-L01,BULK-INV-5069,5069,2026-04-25,130,325,Water Based,method_ii,6.0,6778N-B,5.0,0.292,excellent,1,False
BULK-INV-5069-L01,BULK-INV-5069,5069,2026-04-25,130,325,Water Based,method_ii,6.0,6823N-D,5.0,0.493,excellent,2,False
BULK-INV-5069-L01,BULK-INV-5069,5069,2026-04-25,130,325,Water Based,method_ii,6.0,6824N-A,5.0,0.52,excellent,3,False
BULK-INV-5069-L01,BULK-INV-5069,5069,2026-04-25,130,325,Water Based,method_ii,6.0,6823N-C,5.0,0.623,strict,4,False
BULK-INV-5069-L01,BULK-INV-5069,5069,2026-04-25,130,325,Water Based,method_ii,6.0,6823N-A,5.0,0.732,strict,5,False
BULK-INV-5069-L01,BULK-INV-5069,5069,2026-04-25,130,325,Water Based,method_ii,6.0,6822N-D,5.0,0.747,strict,6,False
BULK-INV-5069-L01,BULK-INV-5069,5069,2026-04-25,130,325,Water Based,method_ii,6.0,6828N-D,5.0,0.799,strict,7,False
BULK-INV-5069-L01,BULK-INV-5069,5069,2026-04-25,130,325,Water Based,method_ii,6.0,6563A,6.0,0.929,strict,8,True
BULK-INV-5069-L01,BULK-INV-5069,5069,2026-04-25,130,325,Water Based,method_ii,6.0,6764-B,5.0,0.941,strict,9,False
BULK-INV-5069-L01,BULK-INV-5069,5069,2026-04-25,130,325,Water Based,method_ii,6.0,6768A,5.0,0.957,strict,10,False
BULK-INV-5069-L01,BULK-INV-5069,5069,2026-04-25,130,325,Water Based,method_ii,6.0,6828N-A,5.0,0.974,strict,11,False
BULK-INV-5069-L01,BULK-INV-5069,5069,2026-04-25,130,325,Water Based,method_ii,6.0,6828N-C,5.0,1.052,relaxed,12,False
BULK-INV-5069-L01,BULK-INV-5069,5069,2026-04-25,130,325,Water Based,method_ii,6.0,6822N-C,5.0,1.066,relaxed,13,False
BULK-INV-5069-L01,BULK-INV-5069,5069,2026-04-25,130,325,Water Based,method_ii,6.0,6764-A,10.0,1.175,relaxed,14,True
BULK-INV-5069-L01,BULK-INV-5069,5069,2026-04-25,130,325,Water Based,method_ii,6.0,6127A,5.0,1.205,relaxed,15,False
BULK-INV-5069-L01,BULK-INV-5069,5069,2026-04-25,130,325,Water Based,method_ii,6.0,6767A,10.0,1.397,relaxed,16,True
BULK-INV-5069-L01,BULK-INV-5069,5069,2026-04-25,130,325,Water Based,method_ii,6.0,6566A,6.0,1.422,relaxed,17,True
BULK-INV-5069-L01,BULK-INV-5069,5069,2026-04-25,130,325,Water Based,method_ii,6.0,6566A,5.0,1.422,relaxed,18,False
BULK-INV-5069-L01,BULK-INV-5069,5069,2026-04-25,130,325,Water Based,method_ii,6.0,6785B,10.0,1.449,relaxed,19,True
BULK-INV-5069-L01,BULK-INV-5069,5069,2026-04-25,130,325,Water Based,method_ii,6.0,6767B,10.0,1.465,relaxed,20,True
BULK-INV-5069-L01,BULK-INV-5069,5069,2026-04-25,130,325,Water Based,method_ii,6.0,6812B,10.0,1.476,relaxed,21,True
BULK-INV-5069-L01,BULK-INV-5069,5069,2026-04-25,130,325,Water Based,method_ii,6.0,6784B,7.0,1.546,review,22,True
BULK-INV-5069-L01,BULK-INV-5069,5069,2026-04-25,130,325,Water Based,method_ii,6.0,6782A,10.0,1.575,review,23,True
BULK-INV-5069-L01,BULK-INV-5069,5069,2026-04-25,130,325,Water Based,method_ii,6.0,6784A,10.0,1.581,review,24,True
BULK-INV-5069-L01,BULK-INV-5069,5069,2026-04-25,130,325,Water Based,method_ii,6.0,6781B,2.0,1.623,review,25,False
BULK-INV-5069-L01,BULK-INV-5069,5069,2026-04-25,130,325,Water Based,method_ii,6.0,6785A,10.0,1.688,review,26,True
BULK-INV-5069-L01,BULK-INV-5069,5069,2026-04-25,130,325,Water Based,method_ii,6.0,6826N-D,5.0,1.84,review,27,False
BULK-INV-5069-L01,BULK-INV-5069,5069,2026-04-25,130,325,Water Based,method_ii,6.0,6781A,10.0,1.929,review,28,True
BULK-INV-5069-L01,BULK-INV-5069,5069,2026-04-25,130,325,Water Based,method_ii,6.0,6812A,10.0,1.955,review,29,True
BULK-INV-5069-L01,BULK-INV-5069,5069,2026-04-25,130,325,Water Based,method_ii,6.0,6827N-A,5.0,1.965,review,30,False
BULK-INV-5069-L01,BULK-INV-5069,5069,2026-04-25,130,325,Water Based,method_ii,6.0,6770A,10.0,2.183,review,31,True
BULK-INV-5070-L01,BULK-INV-5070,5070,2026-04-26,130,325,Paint,method_i_b,1.25,6764-B,5.0,0.13,excellent,1,True
BULK-INV-5070-L01,BULK-INV-5070,5070,2026-04-26,130,325,Paint,method_i_b,1.25,6767A,10.0,0.269,excellent,2,True
BULK-INV-5070-L01,BULK-INV-5070,5070,2026-04-26,130,325,Paint,method_i_b,1.25,6823N-C,5.0,0.269,excellent,3,True
BULK-INV-5070-L01,BULK-INV-5070,5070,2026-04-26,130,325,Paint,method_i_b,1.25,6768A,5.0,0.284,excellent,4,True
BULK-INV-5070-L01,BULK-INV-5070,5070,2026-04-26,130,325,Paint,method_i_b,1.25,6764-A,10.0,0.297,excellent,5,True
BULK-INV-5070-L01,BULK-INV-5070,5070,2026-04-26,130,325,Paint,method_i_b,1.25,6782A,10.0,0.297,excellent,6,True
BULK-INV-5070-L01,BULK-INV-5070,5070,2026-04-26,130,325,Paint,method_i_b,1.25,6781A,10.0,0.309,excellent,7,True
BULK-INV-5070-L01,BULK-INV-5070,5070,2026-04-26,130,325,Paint,method_i_b,1.25,6781B,2.0,0.311,excellent,8,True
BULK-INV-5070-L01,BULK-INV-5070,5070,2026-04-26,130,325,Paint,method_i_b,1.25,6785A,10.0,0.323,excellent,9,True
BULK-INV-5070-L01,BULK-INV-5070,5070,2026-04-26,130,325,Paint,method_i_b,1.25,6823N-D,5.0,0.342,excellent,10,True
BULK-INV-5070-L01,BULK-INV-5070,5070,2026-04-26,130,325,Paint,method_i_b,1.25,6824N-A,5.0,0.363,excellent,11,True
BULK-INV-5070-L01,BULK-INV-5070,5070,2026-04-26,130,325,Paint,method_i_b,1.25,6822N-C,5.0,0.369,excellent,12,True
BULK-INV-5070-L01,BULK-INV-5070,5070,2026-04-26,130,325,Paint,method_i_b,1.25,6767B,10.0,0.371,excellent,13,True
BULK-INV-5070-L01,BULK-INV-5070,5070,2026-04-26,130,325,Paint,method_i_b,1.25,6828N-A,5.0,0.371,excellent,14,True
BULK-INV-5070-L01,BULK-INV-5070,5070,2026-04-26,130,325,Paint,method_i_b,1.25,6770A,10.0,0.387,excellent,15,True
BULK-INV-5070-L01,BULK-INV-5070,5070,2026-04-26,130,325,Paint,method_i_b,1.25,6784B,7.0,0.396,excellent,16,True
BULK-INV-5070-L01,BULK-INV-5070,5070,2026-04-26,130,325,Paint,method_i_b,1.25,6784A,10.0,0.415,excellent,17,True
BULK-INV-5070-L01,BULK-INV-5070,5070,2026-04-26,130,325,Paint,method_i_b,1.25,6828N-D,5.0,0.446,excellent,18,True
BULK-INV-5070-L01,BULK-INV-5070,5070,2026-04-26,130,325,Paint,method_i_b,1.25,6785B,10.0,0.453,excellent,19,True
BULK-INV-5070-L01,BULK-INV-5070,5070,2026-04-26,130,325,Paint,method_i_b,1.25,6563A,6.0,0.54,excellent,20,True
BULK-INV-5070-L01,BULK-INV-5070,5070,2026-04-26,130,325,Paint,method_i_b,1.25,6822N-D,5.0,0.559,excellent,21,True
BULK-INV-5070-L01,BULK-INV-5070,5070,2026-04-26,130,325,Paint,method_i_b,1.25,6823N-A,5.0,0.602,strict,22,True
BULK-INV-5070-L01,BULK-INV-5070,5070,2026-04-26,130,325,Paint,method_i_b,1.25,6127A,5.0,0.633,strict,23,True
BULK-INV-5070-L01,BULK-INV-5070,5070,2026-04-26,130,325,Paint,method_i_b,1.25,6828N-C,5.0,0.661,strict,24,True
BULK-INV-5070-L01,BULK-INV-5070,5070,2026-04-26,130,325,Paint,method_i_b,1.25,6812B,10.0,0.72,strict,25,True
BULK-INV-5070-L01,BULK-INV-5070,5070,2026-04-26,130,325,Paint,method_i_b,1.25,6812A,10.0,0.836,strict,26,True
BULK-INV-5070-L01,BULK-INV-5070,5070,2026-04-26,130,325,Paint,method_i_b,1.25,6566A,6.0,0.872,strict,27,True
BULK-INV-5070-L01,BULK-INV-5070,5070,2026-04-26,130,325,Paint,method_i_b,1.25,6566A,5.0,0.872,strict,28,True
BULK-INV-5070-L01,BULK-INV-5070,5070,2026-04-26,130,325,Paint,method_i_b,1.25,6778N-B,5.0,1.01,relaxed,29,True
BULK-INV-5070-L01,BULK-INV-5070,5070,2026-04-26,130,325,Paint,method_i_b,1.25,6826N-D,5.0,1.094,relaxed,30,True
BULK-INV-5070-L01,BULK-INV-5070,5070,2026-04-26,130,325,Paint,method_i_b,1.25,6827N-A,5.0,1.231,relaxed,31,True
BULK-INV-5070-L02,BULK-INV-5070,5070,2026-04-26,130A,3249B,Water Based,method_ii,2.0,6802A,10.0,0.119,excellent,1,True
BULK-INV-5070-L02,BULK-INV-5070,5070,2026-04-26,130A,3249B,Water Based,method_ii,2.0,6796A,10.0,0.161,excellent,2,True
BULK-INV-5070-L02,BULK-INV-5070,5070,2026-04-26,130A,3249B,Water Based,method_ii,2.0,6801A,10.0,0.212,excellent,3,True
BULK-INV-5070-L02,BULK-INV-5070,5070,2026-04-26,130A,3249B,Water Based,method_ii,2.0,6789A,10.0,0.214,excellent,4,True
BULK-INV-5070-L02,BULK-INV-5070,5070,2026-04-26,130A,3249B,Water Based,method_ii,2.0,6822N-A,5.0,0.331,excellent,5,True
BULK-INV-5070-L02,BULK-INV-5070,5070,2026-04-26,130A,3249B,Water Based,method_ii,2.0,6797A,10.0,0.335,excellent,6,True
BULK-INV-5070-L02,BULK-INV-5070,5070,2026-04-26,130A,3249B,Water Based,method_ii,2.0,6787A,10.0,0.35,excellent,7,True
BULK-INV-5070-L02,BULK-INV-5070,5070,2026-04-26,130A,3249B,Water Based,method_ii,2.0,6802B,10.0,0.351,excellent,8,True
BULK-INV-5070-L02,BULK-INV-5070,5070,2026-04-26,130A,3249B,Water Based,method_ii,2.0,6788B,10.0,0.373,excellent,9,True
BULK-INV-5070-L02,BULK-INV-5070,5070,2026-04-26,130A,3249B,Water Based,method_ii,2.0,6796B,8.0,0.375,excellent,10,True
BULK-INV-5070-L02,BULK-INV-5070,5070,2026-04-26,130A,3249B,Water Based,method_ii,2.0,6801B,4.0,0.404,excellent,11,True
BULK-INV-5070-L02,BULK-INV-5070,5070,2026-04-26,130A,3249B,Water Based,method_ii,2.0,6788A,10.0,0.508,excellent,12,True
BULK-INV-5070-L02,BULK-INV-5070,5070,2026-04-26,130A,3249B,Water Based,method_ii,2.0,6797B,7.0,0.685,strict,13,True
BULK-INV-5070-L02,BULK-INV-5070,5070,2026-04-26,130A,3249B,Water Based,method_ii,2.0,6789B,10.0,0.76,strict,14,True
BULK-INV-5070-L02,BULK-INV-5070,5070,2026-04-26,130A,3249B,Water Based,method_ii,2.0,6787B,7.0,0.797,strict,15,True
BULK-INV-5070-L02,BULK-INV-5070,5070,2026-04-26,130A,3249B,Water Based,method_ii,2.0,6548A,4.0,0.904,strict,16,True
BULK-INV-5070-L02,BULK-INV-5070,5070,2026-04-26,130A,3249B,Water Based,method_ii,2.0,6823N-B,5.0,1.056,relaxed,17,True
BULK-INV-5070-L02,BULK-INV-5070,5070,2026-04-26,130A,3249B,Water Based,method_ii,2.0,6833A,10.0,1.074,relaxed,18,True
BULK-INV-5070-L02,BULK-INV-5070,5070,2026-04-26,130A,3249B,Water Based,method_ii,2.0,6719N-D,5.0,1.165,relaxed,19,True
BULK-INV-5070-L02,BULK-INV-5070,5070,2026-04-26,130A,3249B,Water Based,method_ii,2.0,6803B,5.0,1.196,relaxed,20,True
BULK-INV-5070-L02,BULK-INV-5070,5070,2026-04-26,130A,3249B,Water Based,method_ii,2.0,6803A,10.0,1.227,relaxed,21,True
BULK-INV-5070-L02,BULK-INV-5070,5070,2026-04-26,130A,3249B,Water Based,method_ii,2.0,6832A,10.0,1.584,review,22,True
BULK-INV-5070-L02,BULK-INV-5070,5070,2026-04-26,130A,3249B,Water Based,method_ii,2.0,6832B,6.0,1.699,review,23,True
BULK-INV-5070-L02,BULK-INV-5070,5070,2026-04-26,130A,3249B,Water Based,method_ii,2.0,6833B,10.0,2.032,review,24,True
BULK-INV-5070-L02,BULK-INV-5070,5070,2026-04-26,130A,3249B,Water Based,method_ii,2.0,6528A,10.0,2.171,review,25,True
BULK-INV-5070-L02,BULK-INV-5070,5070,2026-04-26,130A,3249B,Water Based,method_ii,2.0,6770B,10.0,2.281,review,26,True
BULK-INV-5071-L01,BULK-INV-5071,5071,2026-04-27,130,325,Water Based,method_ii,2.0,6778N-B,5.0,0.292,excellent,1,True
BULK-INV-5071-L01,BULK-INV-5071,5071,2026-04-27,130,325,Water Based,method_ii,2.0,6823N-D,5.0,0.493,excellent,2,True
BULK-INV-5071-L01,BULK-INV-5071,5071,2026-04-27,130,325,Water Based,method_ii,2.0,6824N-A,5.0,0.52,excellent,3,True
BULK-INV-5071-L01,BULK-INV-5071,5071,2026-04-27,130,325,Water Based,method_ii,2.0,6823N-C,5.0,0.623,strict,4,True
BULK-INV-5071-L01,BULK-INV-5071,5071,2026-04-27,130,325,Water Based,method_ii,2.0,6823N-A,5.0,0.732,strict,5,True
BULK-INV-5071-L01,BULK-INV-5071,5071,2026-04-27,130,325,Water Based,method_ii,2.0,6822N-D,5.0,0.747,strict,6,True
BULK-INV-5071-L01,BULK-INV-5071,5071,2026-04-27,130,325,Water Based,method_ii,2.0,6828N-D,5.0,0.799,strict,7,True
BULK-INV-5071-L01,BULK-INV-5071,5071,2026-04-27,130,325,Water Based,method_ii,2.0,6563A,6.0,0.929,strict,8,True
BULK-INV-5071-L01,BULK-INV-5071,5071,2026-04-27,130,325,Water Based,method_ii,2.0,6764-B,5.0,0.941,strict,9,True
BULK-INV-5071-L01,BULK-INV-5071,5071,2026-04-27,130,325,Water Based,method_ii,2.0,6768A,5.0,0.957,strict,10,True
BULK-INV-5071-L01,BULK-INV-5071,5071,2026-04-27,130,325,Water Based,method_ii,2.0,6828N-A,5.0,0.974,strict,11,True
BULK-INV-5071-L01,BULK-INV-5071,5071,2026-04-27,130,325,Water Based,method_ii,2.0,6828N-C,5.0,1.052,relaxed,12,True
BULK-INV-5071-L01,BULK-INV-5071,5071,2026-04-27,130,325,Water Based,method_ii,2.0,6822N-C,5.0,1.066,relaxed,13,True
BULK-INV-5071-L01,BULK-INV-5071,5071,2026-04-27,130,325,Water Based,method_ii,2.0,6764-A,10.0,1.175,relaxed,14,True
BULK-INV-5071-L01,BULK-INV-5071,5071,2026-04-27,130,325,Water Based,method_ii,2.0,6127A,5.0,1.205,relaxed,15,True
BULK-INV-5071-L01,BULK-INV-5071,5071,2026-04-27,130,325,Water Based,method_ii,2.0,6767A,10.0,1.397,relaxed,16,True
BULK-INV-5071-L01,BULK-INV-5071,5071,2026-04-27,130,325,Water Based,method_ii,2.0,6566A,6.0,1.422,relaxed,17,True
BULK-INV-5071-L01,BULK-INV-5071,5071,2026-04-27,130,325,Water Based,method_ii,2.0,6566A,5.0,1.422,relaxed,18,True
BULK-INV-5071-L01,BULK-INV-5071,5071,2026-04-27,130,325,Water Based,method_ii,2.0,6785B,10.0,1.449,relaxed,19,True
BULK-INV-5071-L01,BULK-INV-5071,5071,2026-04-27,130,325,Water Based,method_ii,2.0,6767B,10.0,1.465,relaxed,20,True
BULK-INV-5071-L01,BULK-INV-5071,5071,2026-04-27,130,325,Water Based,method_ii,2.0,6812B,10.0,1.476,relaxed,21,True
BULK-INV-5071-L01,BULK-INV-5071,5071,2026-04-27,130,325,Water Based,method_ii,2.0,6784B,7.0,1.546,review,22,True
BULK-INV-5071-L01,BULK-INV-5071,5071,2026-04-27,130,325,Water Based,method_ii,2.0,6782A,10.0,1.575,review,23,True
BULK-INV-5071-L01,BULK-INV-5071,5071,2026-04-27,130,325,Water Based,method_ii,2.0,6784A,10.0,1.581,review,24,True
BULK-INV-5071-L01,BULK-INV-5071,5071,2026-04-27,130,325,Water Based,method_ii,2.0,6781B,2.0,1.623,review,25,True
BULK-INV-5071-L01,BULK-INV-5071,5071,2026-04-27,130,325,Water Based,method_ii,2.0,6785A,10.0,1.688,review,26,True
BULK-INV-5071-L01,BULK-INV-5071,5071,2026-04-27,130,325,Water Based,method_ii,2.0,6826N-D,5.0,1.84,review,27,True
BULK-INV-5071-L01,BULK-INV-5071,5071,2026-04-27,130,325,Water Based,method_ii,2.0,6781A,10.0,1.929,review,28,True
BULK-INV-5071-L01,BULK-INV-5071,5071,2026-04-27,130,325,Water Based,method_ii,2.0,6812A,10.0,1.955,review,29,True
BULK-INV-5071-L01,BULK-INV-5071,5071,2026-04-27,130,325,Water Based,method_ii,2.0,6827N-A,5.0,1.965,review,30,True
BULK-INV-5071-L01,BULK-INV-5071,5071,2026-04-27,130,325,Water Based,method_ii,2.0,6770A,10.0,2.183,review,31,True
BULK-INV-5072-L01,BULK-INV-5072,5072,2026-04-28,130A,3249B,Water Based,method_ii,4.0,6802A,10.0,0.119,excellent,1,True
BULK-INV-5072-L01,BULK-INV-5072,5072,2026-04-28,130A,3249B,Water Based,method_ii,4.0,6796A,10.0,0.161,excellent,2,True
BULK-INV-5072-L01,BULK-INV-5072,5072,2026-04-28,130A,3249B,Water Based,method_ii,4.0,6801A,10.0,0.212,excellent,3,True
BULK-INV-5072-L01,BULK-INV-5072,5072,2026-04-28,130A,3249B,Water Based,method_ii,4.0,6789A,10.0,0.214,excellent,4,True
BULK-INV-5072-L01,BULK-INV-5072,5072,2026-04-28,130A,3249B,Water Based,method_ii,4.0,6822N-A,5.0,0.331,excellent,5,True
BULK-INV-5072-L01,BULK-INV-5072,5072,2026-04-28,130A,3249B,Water Based,method_ii,4.0,6797A,10.0,0.335,excellent,6,True
BULK-INV-5072-L01,BULK-INV-5072,5072,2026-04-28,130A,3249B,Water Based,method_ii,4.0,6787A,10.0,0.35,excellent,7,True
BULK-INV-5072-L01,BULK-INV-5072,5072,2026-04-28,130A,3249B,Water Based,method_ii,4.0,6802B,10.0,0.351,excellent,8,True
BULK-INV-5072-L01,BULK-INV-5072,5072,2026-04-28,130A,3249B,Water Based,method_ii,4.0,6788B,10.0,0.373,excellent,9,True
BULK-INV-5072-L01,BULK-INV-5072,5072,2026-04-28,130A,3249B,Water Based,method_ii,4.0,6796B,8.0,0.375,excellent,10,True
BULK-INV-5072-L01,BULK-INV-5072,5072,2026-04-28,130A,3249B,Water Based,method_ii,4.0,6801B,4.0,0.404,excellent,11,True
BULK-INV-5072-L01,BULK-INV-5072,5072,2026-04-28,130A,3249B,Water Based,method_ii,4.0,6788A,10.0,0.508,excellent,12,True
BULK-INV-5072-L01,BULK-INV-5072,5072,2026-04-28,130A,3249B,Water Based,method_ii,4.0,6797B,7.0,0.685,strict,13,True
BULK-INV-5072-L01,BULK-INV-5072,5072,2026-04-28,130A,3249B,Water Based,method_ii,4.0,6789B,10.0,0.76,strict,14,True
BULK-INV-5072-L01,BULK-INV-5072,5072,2026-04-28,130A,3249B,Water Based,method_ii,4.0,6787B,7.0,0.797,strict,15,True
BULK-INV-5072-L01,BULK-INV-5072,5072,2026-04-28,130A,3249B,Water Based,method_ii,4.0,6548A,4.0,0.904,strict,16,True
BULK-INV-5072-L01,BULK-INV-5072,5072,2026-04-28,130A,3249B,Water Based,method_ii,4.0,6823N-B,5.0,1.056,relaxed,17,True
BULK-INV-5072-L01,BULK-INV-5072,5072,2026-04-28,130A,3249B,Water Based,method_ii,4.0,6833A,10.0,1.074,relaxed,18,True
BULK-INV-5072-L01,BULK-INV-5072,5072,2026-04-28,130A,3249B,Water Based,method_ii,4.0,6719N-D,5.0,1.165,relaxed,19,True
BULK-INV-5072-L01,BULK-INV-5072,5072,2026-04-28,130A,3249B,Water Based,method_ii,4.0,6803B,5.0,1.196,relaxed,20,True
BULK-INV-5072-L01,BULK-INV-5072,5072,2026-04-28,130A,3249B,Water Based,method_ii,4.0,6803A,10.0,1.227,relaxed,21,True
BULK-INV-5072-L01,BULK-INV-5072,5072,2026-04-28,130A,3249B,Water Based,method_ii,4.0,6832A,10.0,1.584,review,22,True
BULK-INV-5072-L01,BULK-INV-5072,5072,2026-04-28,130A,3249B,Water Based,method_ii,4.0,6832B,6.0,1.699,review,23,True
BULK-INV-5072-L01,BULK-INV-5072,5072,2026-04-28,130A,3249B,Water Based,method_ii,4.0,6833B,10.0,2.032,review,24,True
BULK-INV-5072-L01,BULK-INV-5072,5072,2026-04-28,130A,3249B,Water Based,method_ii,4.0,6528A,10.0,2.171,review,25,True
BULK-INV-5072-L01,BULK-INV-5072,5072,2026-04-28,130A,3249B,Water Based,method_ii,4.0,6770B,10.0,2.281,review,26,True
BULK-INV-5073-L01,BULK-INV-5073,5073,2026-04-29,130A,3249B,Paint,method_i_b,1.25,6788A,10.0,0.017,excellent,1,True
BULK-INV-5073-L01,BULK-INV-5073,5073,2026-04-29,130A,3249B,Paint,method_i_b,1.25,6787B,7.0,0.07,excellent,2,True
BULK-INV-5073-L01,BULK-INV-5073,5073,2026-04-29,130A,3249B,Paint,method_i_b,1.25,6797B,7.0,0.082,excellent,3,True
BULK-INV-5073-L01,BULK-INV-5073,5073,2026-04-29,130A,3249B,Paint,method_i_b,1.25,6797A,10.0,0.09,excellent,4,True
BULK-INV-5073-L01,BULK-INV-5073,5073,2026-04-29,130A,3249B,Paint,method_i_b,1.25,6787A,10.0,0.101,excellent,5,True
BULK-INV-5073-L01,BULK-INV-5073,5073,2026-04-29,130A,3249B,Paint,method_i_b,1.25,6796B,8.0,0.197,excellent,6,True
BULK-INV-5073-L01,BULK-INV-5073,5073,2026-04-29,130A,3249B,Paint,method_i_b,1.25,6788B,10.0,0.271,excellent,7,True
BULK-INV-5073-L01,BULK-INV-5073,5073,2026-04-29,130A,3249B,Paint,method_i_b,1.25,6796A,10.0,0.331,excellent,8,True
BULK-INV-5073-L01,BULK-INV-5073,5073,2026-04-29,130A,3249B,Paint,method_i_b,1.25,6803B,5.0,0.429,excellent,9,True
BULK-INV-5073-L01,BULK-INV-5073,5073,2026-04-29,130A,3249B,Paint,method_i_b,1.25,6802A,10.0,0.526,excellent,10,True
BULK-INV-5073-L01,BULK-INV-5073,5073,2026-04-29,130A,3249B,Paint,method_i_b,1.25,6801B,4.0,0.59,excellent,11,True
BULK-INV-5073-L01,BULK-INV-5073,5073,2026-04-29,130A,3249B,Paint,method_i_b,1.25,6803A,10.0,0.611,strict,12,True
BULK-INV-5073-L01,BULK-INV-5073,5073,2026-04-29,130A,3249B,Paint,method_i_b,1.25,6822N-A,5.0,0.661,strict,13,True
BULK-INV-5073-L01,BULK-INV-5073,5073,2026-04-29,130A,3249B,Paint,method_i_b,1.25,6833B,10.0,0.708,strict,14,True
BULK-INV-5073-L01,BULK-INV-5073,5073,2026-04-29,130A,3249B,Paint,method_i_b,1.25,6833A,10.0,0.77,strict,15,True
BULK-INV-5073-L01,BULK-INV-5073,5073,2026-04-29,130A,3249B,Paint,method_i_b,1.25,6802B,10.0,0.827,strict,16,True
BULK-INV-5073-L01,BULK-INV-5073,5073,2026-04-29,130A,3249B,Paint,method_i_b,1.25,6548A,4.0,0.833,strict,17,True
BULK-INV-5073-L01,BULK-INV-5073,5073,2026-04-29,130A,3249B,Paint,method_i_b,1.25,6832B,6.0,0.897,strict,18,True
BULK-INV-5073-L01,BULK-INV-5073,5073,2026-04-29,130A,3249B,Paint,method_i_b,1.25,6789A,10.0,0.899,strict,19,True
BULK-INV-5073-L01,BULK-INV-5073,5073,2026-04-29,130A,3249B,Paint,method_i_b,1.25,6801A,10.0,0.915,strict,20,True
BULK-INV-5073-L01,BULK-INV-5073,5073,2026-04-29,130A,3249B,Paint,method_i_b,1.25,6832A,10.0,0.923,strict,21,True
BULK-INV-5073-L01,BULK-INV-5073,5073,2026-04-29,130A,3249B,Paint,method_i_b,1.25,6719N-D,5.0,0.961,strict,22,True
BULK-INV-5073-L01,BULK-INV-5073,5073,2026-04-29,130A,3249B,Paint,method_i_b,1.25,6789B,10.0,1.026,relaxed,23,True
BULK-INV-5073-L01,BULK-INV-5073,5073,2026-04-29,130A,3249B,Paint,method_i_b,1.25,6770B,10.0,1.095,relaxed,24,True
BULK-INV-5073-L01,BULK-INV-5073,5073,2026-04-29,130A,3249B,Paint,method_i_b,1.25,6528A,10.0,1.236,relaxed,25,True
BULK-INV-5073-L01,BULK-INV-5073,5073,2026-04-29,130A,3249B,Paint,method_i_b,1.25,6823N-B,5.0,1.393,relaxed,26,True
BULK-INV-5074-L01,BULK-INV-5074,5074,2026-04-30,130,325,Paint,method_i_b,7.5,6764-B,5.0,0.13,excellent,1,False
BULK-INV-5074-L01,BULK-INV-5074,5074,2026-04-30,130,325,Paint,method_i_b,7.5,6767A,10.0,0.269,excellent,2,True
BULK-INV-5074-L01,BULK-INV-5074,5074,2026-04-30,130,325,Paint,method_i_b,7.5,6823N-C,5.0,0.269,excellent,3,False
BULK-INV-5074-L01,BULK-INV-5074,5074,2026-04-30,130,325,Paint,method_i_b,7.5,6768A,5.0,0.284,excellent,4,False
BULK-INV-5074-L01,BULK-INV-5074,5074,2026-04-30,130,325,Paint,method_i_b,7.5,6764-A,10.0,0.297,excellent,5,True
BULK-INV-5074-L01,BULK-INV-5074,5074,2026-04-30,130,325,Paint,method_i_b,7.5,6782A,10.0,0.297,excellent,6,True
BULK-INV-5074-L01,BULK-INV-5074,5074,2026-04-30,130,325,Paint,method_i_b,7.5,6781A,10.0,0.309,excellent,7,True
BULK-INV-5074-L01,BULK-INV-5074,5074,2026-04-30,130,325,Paint,method_i_b,7.5,6781B,2.0,0.311,excellent,8,False
BULK-INV-5074-L01,BULK-INV-5074,5074,2026-04-30,130,325,Paint,method_i_b,7.5,6785A,10.0,0.323,excellent,9,True
BULK-INV-5074-L01,BULK-INV-5074,5074,2026-04-30,130,325,Paint,method_i_b,7.5,6823N-D,5.0,0.342,excellent,10,False
BULK-INV-5074-L01,BULK-INV-5074,5074,2026-04-30,130,325,Paint,method_i_b,7.5,6824N-A,5.0,0.363,excellent,11,False
BULK-INV-5074-L01,BULK-INV-5074,5074,2026-04-30,130,325,Paint,method_i_b,7.5,6822N-C,5.0,0.369,excellent,12,False
BULK-INV-5074-L01,BULK-INV-5074,5074,2026-04-30,130,325,Paint,method_i_b,7.5,6767B,10.0,0.371,excellent,13,True
BULK-INV-5074-L01,BULK-INV-5074,5074,2026-04-30,130,325,Paint,method_i_b,7.5,6828N-A,5.0,0.371,excellent,14,False
BULK-INV-5074-L01,BULK-INV-5074,5074,2026-04-30,130,325,Paint,method_i_b,7.5,6770A,10.0,0.387,excellent,15,True
BULK-INV-5074-L01,BULK-INV-5074,5074,2026-04-30,130,325,Paint,method_i_b,7.5,6784B,7.0,0.396,excellent,16,False
BULK-INV-5074-L01,BULK-INV-5074,5074,2026-04-30,130,325,Paint,method_i_b,7.5,6784A,10.0,0.415,excellent,17,True
BULK-INV-5074-L01,BULK-INV-5074,5074,2026-04-30,130,325,Paint,method_i_b,7.5,6828N-D,5.0,0.446,excellent,18,False
BULK-INV-5074-L01,BULK-INV-5074,5074,2026-04-30,130,325,Paint,method_i_b,7.5,6785B,10.0,0.453,excellent,19,True
BULK-INV-5074-L01,BULK-INV-5074,5074,2026-04-30,130,325,Paint,method_i_b,7.5,6563A,6.0,0.54,excellent,20,False
BULK-INV-5074-L01,BULK-INV-5074,5074,2026-04-30,130,325,Paint,method_i_b,7.5,6822N-D,5.0,0.559,excellent,21,False
BULK-INV-5074-L01,BULK-INV-5074,5074,2026-04-30,130,325,Paint,method_i_b,7.5,6823N-A,5.0,0.602,strict,22,False
BULK-INV-5074-L01,BULK-INV-5074,5074,2026-04-30,130,325,Paint,method_i_b,7.5,6127A,5.0,0.633,strict,23,False
BULK-INV-5074-L01,BULK-INV-5074,5074,2026-04-30,130,325,Paint,method_i_b,7.5,6828N-C,5.0,0.661,strict,24,False
BULK-INV-5074-L01,BULK-INV-5074,5074,2026-04-30,130,325,Paint,method_i_b,7.5,6812B,10.0,0.72,strict,25,True
BULK-INV-5074-L01,BULK-INV-5074,5074,2026-04-30,130,325,Paint,method_i_b,7.5,6812A,10.0,0.836,strict,26,True
BULK-INV-5074-L01,BULK-INV-5074,5074,2026-04-30,130,325,Paint,method_i_b,7.5,6566A,6.0,0.872,strict,27,False
BULK-INV-5074-L01,BULK-INV-5074,5074,2026-04-30,130,325,Paint,method_i_b,7.5,6566A,5.0,0.872,strict,28,False
BULK-INV-5074-L01,BULK-INV-5074,5074,2026-04-30,130,325,Paint,method_i_b,7.5,6778N-B,5.0,1.01,relaxed,29,False
BULK-INV-5074-L01,BULK-INV-5074,5074,2026-04-30,130,325,Paint,method_i_b,7.5,6826N-D,5.0,1.094,relaxed,30,False
BULK-INV-5074-L01,BULK-INV-5074,5074,2026-04-30,130,325,Paint,method_i_b,7.5,6827N-A,5.0,1.231,relaxed,31,False
BULK-INV-5076-L01,BULK-INV-5076,5076,2026-05-02,130,325,Paint,method_i_b,3.5,6764-B,5.0,0.13,excellent,1,True
BULK-INV-5076-L01,BULK-INV-5076,5076,2026-05-02,130,325,Paint,method_i_b,3.5,6767A,10.0,0.269,excellent,2,True
BULK-INV-5076-L01,BULK-INV-5076,5076,2026-05-02,130,325,Paint,method_i_b,3.5,6823N-C,5.0,0.269,excellent,3,True
BULK-INV-5076-L01,BULK-INV-5076,5076,2026-05-02,130,325,Paint,method_i_b,3.5,6768A,5.0,0.284,excellent,4,True
BULK-INV-5076-L01,BULK-INV-5076,5076,2026-05-02,130,325,Paint,method_i_b,3.5,6764-A,10.0,0.297,excellent,5,True
BULK-INV-5076-L01,BULK-INV-5076,5076,2026-05-02,130,325,Paint,method_i_b,3.5,6782A,10.0,0.297,excellent,6,True
BULK-INV-5076-L01,BULK-INV-5076,5076,2026-05-02,130,325,Paint,method_i_b,3.5,6781A,10.0,0.309,excellent,7,True
BULK-INV-5076-L01,BULK-INV-5076,5076,2026-05-02,130,325,Paint,method_i_b,3.5,6781B,2.0,0.311,excellent,8,False
BULK-INV-5076-L01,BULK-INV-5076,5076,2026-05-02,130,325,Paint,method_i_b,3.5,6785A,10.0,0.323,excellent,9,True
BULK-INV-5076-L01,BULK-INV-5076,5076,2026-05-02,130,325,Paint,method_i_b,3.5,6823N-D,5.0,0.342,excellent,10,True
BULK-INV-5076-L01,BULK-INV-5076,5076,2026-05-02,130,325,Paint,method_i_b,3.5,6824N-A,5.0,0.363,excellent,11,True
BULK-INV-5076-L01,BULK-INV-5076,5076,2026-05-02,130,325,Paint,method_i_b,3.5,6822N-C,5.0,0.369,excellent,12,True
BULK-INV-5076-L01,BULK-INV-5076,5076,2026-05-02,130,325,Paint,method_i_b,3.5,6767B,10.0,0.371,excellent,13,True
BULK-INV-5076-L01,BULK-INV-5076,5076,2026-05-02,130,325,Paint,method_i_b,3.5,6828N-A,5.0,0.371,excellent,14,True
BULK-INV-5076-L01,BULK-INV-5076,5076,2026-05-02,130,325,Paint,method_i_b,3.5,6770A,10.0,0.387,excellent,15,True
BULK-INV-5076-L01,BULK-INV-5076,5076,2026-05-02,130,325,Paint,method_i_b,3.5,6784B,7.0,0.396,excellent,16,True
BULK-INV-5076-L01,BULK-INV-5076,5076,2026-05-02,130,325,Paint,method_i_b,3.5,6784A,10.0,0.415,excellent,17,True
BULK-INV-5076-L01,BULK-INV-5076,5076,2026-05-02,130,325,Paint,method_i_b,3.5,6828N-D,5.0,0.446,excellent,18,True
BULK-INV-5076-L01,BULK-INV-5076,5076,2026-05-02,130,325,Paint,method_i_b,3.5,6785B,10.0,0.453,excellent,19,True
BULK-INV-5076-L01,BULK-INV-5076,5076,2026-05-02,130,325,Paint,method_i_b,3.5,6563A,6.0,0.54,excellent,20,True
BULK-INV-5076-L01,BULK-INV-5076,5076,2026-05-02,130,325,Paint,method_i_b,3.5,6822N-D,5.0,0.559,excellent,21,True
BULK-INV-5076-L01,BULK-INV-5076,5076,2026-05-02,130,325,Paint,method_i_b,3.5,6823N-A,5.0,0.602,strict,22,True
BULK-INV-5076-L01,BULK-INV-5076,5076,2026-05-02,130,325,Paint,method_i_b,3.5,6127A,5.0,0.633,strict,23,True
BULK-INV-5076-L01,BULK-INV-5076,5076,2026-05-02,130,325,Paint,method_i_b,3.5,6828N-C,5.0,0.661,strict,24,True
BULK-INV-5076-L01,BULK-INV-5076,5076,2026-05-02,130,325,Paint,method_i_b,3.5,6812B,10.0,0.72,strict,25,True
BULK-INV-5076-L01,BULK-INV-5076,5076,2026-05-02,130,325,Paint,method_i_b,3.5,6812A,10.0,0.836,strict,26,True
BULK-INV-5076-L01,BULK-INV-5076,5076,2026-05-02,130,325,Paint,method_i_b,3.5,6566A,6.0,0.872,strict,27,True
BULK-INV-5076-L01,BULK-INV-5076,5076,2026-05-02,130,325,Paint,method_i_b,3.5,6566A,5.0,0.872,strict,28,True
BULK-INV-5076-L01,BULK-INV-5076,5076,2026-05-02,130,325,Paint,method_i_b,3.5,6778N-B,5.0,1.01,relaxed,29,True
BULK-INV-5076-L01,BULK-INV-5076,5076,2026-05-02,130,325,Paint,method_i_b,3.5,6826N-D,5.0,1.094,relaxed,30,True
BULK-INV-5076-L01,BULK-INV-5076,5076,2026-05-02,130,325,Paint,method_i_b,3.5,6827N-A,5.0,1.231,relaxed,31,True
BULK-INV-5076-L02,BULK-INV-5076,5076,2026-05-02,130,325,Water Based,method_ii,0.75,6778N-B,5.0,0.292,excellent,1,True
BULK-INV-5076-L02,BULK-INV-5076,5076,2026-05-02,130,325,Water Based,method_ii,0.75,6823N-D,5.0,0.493,excellent,2,True
BULK-INV-5076-L02,BULK-INV-5076,5076,2026-05-02,130,325,Water Based,method_ii,0.75,6824N-A,5.0,0.52,excellent,3,True
BULK-INV-5076-L02,BULK-INV-5076,5076,2026-05-02,130,325,Water Based,method_ii,0.75,6823N-C,5.0,0.623,strict,4,True
BULK-INV-5076-L02,BULK-INV-5076,5076,2026-05-02,130,325,Water Based,method_ii,0.75,6823N-A,5.0,0.732,strict,5,True
BULK-INV-5076-L02,BULK-INV-5076,5076,2026-05-02,130,325,Water Based,method_ii,0.75,6822N-D,5.0,0.747,strict,6,True
BULK-INV-5076-L02,BULK-INV-5076,5076,2026-05-02,130,325,Water Based,method_ii,0.75,6828N-D,5.0,0.799,strict,7,True
BULK-INV-5076-L02,BULK-INV-5076,5076,2026-05-02,130,325,Water Based,method_ii,0.75,6563A,6.0,0.929,strict,8,True
BULK-INV-5076-L02,BULK-INV-5076,5076,2026-05-02,130,325,Water Based,method_ii,0.75,6764-B,5.0,0.941,strict,9,True
BULK-INV-5076-L02,BULK-INV-5076,5076,2026-05-02,130,325,Water Based,method_ii,0.75,6768A,5.0,0.957,strict,10,True
BULK-INV-5076-L02,BULK-INV-5076,5076,2026-05-02,130,325,Water Based,method_ii,0.75,6828N-A,5.0,0.974,strict,11,True
BULK-INV-5076-L02,BULK-INV-5076,5076,2026-05-02,130,325,Water Based,method_ii,0.75,6828N-C,5.0,1.052,relaxed,12,True
BULK-INV-5076-L02,BULK-INV-5076,5076,2026-05-02,130,325,Water Based,method_ii,0.75,6822N-C,5.0,1.066,relaxed,13,True
BULK-INV-5076-L02,BULK-INV-5076,5076,2026-05-02,130,325,Water Based,method_ii,0.75,6764-A,10.0,1.175,relaxed,14,True
BULK-INV-5076-L02,BULK-INV-5076,5076,2026-05-02,130,325,Water Based,method_ii,0.75,6127A,5.0,1.205,relaxed,15,True
BULK-INV-5076-L02,BULK-INV-5076,5076,2026-05-02,130,325,Water Based,method_ii,0.75,6767A,10.0,1.397,relaxed,16,True
BULK-INV-5076-L02,BULK-INV-5076,5076,2026-05-02,130,325,Water Based,method_ii,0.75,6566A,6.0,1.422,relaxed,17,True
BULK-INV-5076-L02,BULK-INV-5076,5076,2026-05-02,130,325,Water Based,method_ii,0.75,6566A,5.0,1.422,relaxed,18,True
BULK-INV-5076-L02,BULK-INV-5076,5076,2026-05-02,130,325,Water Based,method_ii,0.75,6785B,10.0,1.449,relaxed,19,True
BULK-INV-5076-L02,BULK-INV-5076,5076,2026-05-02,130,325,Water Based,method_ii,0.75,6767B,10.0,1.465,relaxed,20,True
BULK-INV-5076-L02,BULK-INV-5076,5076,2026-05-02,130,325,Water Based,method_ii,0.75,6812B,10.0,1.476,relaxed,21,True
BULK-INV-5076-L02,BULK-INV-5076,5076,2026-05-02,130,325,Water Based,method_ii,0.75,6784B,7.0,1.546,review,22,True
BULK-INV-5076-L02,BULK-INV-5076,5076,2026-05-02,130,325,Water Based,method_ii,0.75,6782A,10.0,1.575,review,23,True
BULK-INV-5076-L02,BULK-INV-5076,5076,2026-05-02,130,325,Water Based,method_ii,0.75,6784A,10.0,1.581,review,24,True
BULK-INV-5076-L02,BULK-INV-5076,5076,2026-05-02,130,325,Water Based,method_ii,0.75,6781B,2.0,1.623,review,25,True
BULK-INV-5076-L02,BULK-INV-5076,5076,2026-05-02,130,325,Water Based,method_ii,0.75,6785A,10.0,1.688,review,26,True
BULK-INV-5076-L02,BULK-INV-5076,5076,2026-05-02,130,325,Water Based,method_ii,0.75,6826N-D,5.0,1.84,review,27,True
BULK-INV-5076-L02,BULK-INV-5076,5076,2026-05-02,130,325,Water Based,method_ii,0.75,6781A,10.0,1.929,review,28,True
BULK-INV-5076-L02,BULK-INV-5076,5076,2026-05-02,130,325,Water Based,method_ii,0.75,6812A,10.0,1.955,review,29,True
BULK-INV-5076-L02,BULK-INV-5076,5076,2026-05-02,130,325,Water Based,method_ii,0.75,6827N-A,5.0,1.965,review,30,True
BULK-INV-5076-L02,BULK-INV-5076,5076,2026-05-02,130,325,Water Based,method_ii,0.75,6770A,10.0,2.183,review,31,True
BULK-INV-5077-L01,BULK-INV-5077,5077,2026-05-03,130,325,Water Based,method_ii,0.5,6778N-B,5.0,0.292,excellent,1,True
BULK-INV-5077-L01,BULK-INV-5077,5077,2026-05-03,130,325,Water Based,method_ii,0.5,6823N-D,5.0,0.493,excellent,2,True
BULK-INV-5077-L01,BULK-INV-5077,5077,2026-05-03,130,325,Water Based,method_ii,0.5,6824N-A,5.0,0.52,excellent,3,True
BULK-INV-5077-L01,BULK-INV-5077,5077,2026-05-03,130,325,Water Based,method_ii,0.5,6823N-C,5.0,0.623,strict,4,True
BULK-INV-5077-L01,BULK-INV-5077,5077,2026-05-03,130,325,Water Based,method_ii,0.5,6823N-A,5.0,0.732,strict,5,True
BULK-INV-5077-L01,BULK-INV-5077,5077,2026-05-03,130,325,Water Based,method_ii,0.5,6822N-D,5.0,0.747,strict,6,True
BULK-INV-5077-L01,BULK-INV-5077,5077,2026-05-03,130,325,Water Based,method_ii,0.5,6828N-D,5.0,0.799,strict,7,True
BULK-INV-5077-L01,BULK-INV-5077,5077,2026-05-03,130,325,Water Based,method_ii,0.5,6563A,6.0,0.929,strict,8,True
BULK-INV-5077-L01,BULK-INV-5077,5077,2026-05-03,130,325,Water Based,method_ii,0.5,6764-B,5.0,0.941,strict,9,True
BULK-INV-5077-L01,BULK-INV-5077,5077,2026-05-03,130,325,Water Based,method_ii,0.5,6768A,5.0,0.957,strict,10,True
BULK-INV-5077-L01,BULK-INV-5077,5077,2026-05-03,130,325,Water Based,method_ii,0.5,6828N-A,5.0,0.974,strict,11,True
BULK-INV-5077-L01,BULK-INV-5077,5077,2026-05-03,130,325,Water Based,method_ii,0.5,6828N-C,5.0,1.052,relaxed,12,True
BULK-INV-5077-L01,BULK-INV-5077,5077,2026-05-03,130,325,Water Based,method_ii,0.5,6822N-C,5.0,1.066,relaxed,13,True
BULK-INV-5077-L01,BULK-INV-5077,5077,2026-05-03,130,325,Water Based,method_ii,0.5,6764-A,10.0,1.175,relaxed,14,True
BULK-INV-5077-L01,BULK-INV-5077,5077,2026-05-03,130,325,Water Based,method_ii,0.5,6127A,5.0,1.205,relaxed,15,True
BULK-INV-5077-L01,BULK-INV-5077,5077,2026-05-03,130,325,Water Based,method_ii,0.5,6767A,10.0,1.397,relaxed,16,True
BULK-INV-5077-L01,BULK-INV-5077,5077,2026-05-03,130,325,Water Based,method_ii,0.5,6566A,6.0,1.422,relaxed,17,True
BULK-INV-5077-L01,BULK-INV-5077,5077,2026-05-03,130,325,Water Based,method_ii,0.5,6566A,5.0,1.422,relaxed,18,True
BULK-INV-5077-L01,BULK-INV-5077,5077,2026-05-03,130,325,Water Based,method_ii,0.5,6785B,10.0,1.449,relaxed,19,True
BULK-INV-5077-L01,BULK-INV-5077,5077,2026-05-03,130,325,Water Based,method_ii,0.5,6767B,10.0,1.465,relaxed,20,True
BULK-INV-5077-L01,BULK-INV-5077,5077,2026-05-03,130,325,Water Based,method_ii,0.5,6812B,10.0,1.476,relaxed,21,True
BULK-INV-5077-L01,BULK-INV-5077,5077,2026-05-03,130,325,Water Based,method_ii,0.5,6784B,7.0,1.546,review,22,True
BULK-INV-5077-L01,BULK-INV-5077,5077,2026-05-03,130,325,Water Based,method_ii,0.5,6782A,10.0,1.575,review,23,True
BULK-INV-5077-L01,BULK-INV-5077,5077,2026-05-03,130,325,Water Based,method_ii,0.5,6784A,10.0,1.581,review,24,True
BULK-INV-5077-L01,BULK-INV-5077,5077,2026-05-03,130,325,Water Based,method_ii,0.5,6781B,2.0,1.623,review,25,True
BULK-INV-5077-L01,BULK-INV-5077,5077,2026-05-03,130,325,Water Based,method_ii,0.5,6785A,10.0,1.688,review,26,True
BULK-INV-5077-L01,BULK-INV-5077,5077,2026-05-03,130,325,Water Based,method_ii,0.5,6826N-D,5.0,1.84,review,27,True
BULK-INV-5077-L01,BULK-INV-5077,5077,2026-05-03,130,325,Water Based,method_ii,0.5,6781A,10.0,1.929,review,28,True
BULK-INV-5077-L01,BULK-INV-5077,5077,2026-05-03,130,325,Water Based,method_ii,0.5,6812A,10.0,1.955,review,29,True
BULK-INV-5077-L01,BULK-INV-5077,5077,2026-05-03,130,325,Water Based,method_ii,0.5,6827N-A,5.0,1.965,review,30,True
BULK-INV-5077-L01,BULK-INV-5077,5077,2026-05-03,130,325,Water Based,method_ii,0.5,6770A,10.0,2.183,review,31,True
BULK-INV-5078-L01,BULK-INV-5078,5078,2026-05-04,130A,3249B,Paint,method_i_b,2.0,6788A,10.0,0.017,excellent,1,True
BULK-INV-5078-L01,BULK-INV-5078,5078,2026-05-04,130A,3249B,Paint,method_i_b,2.0,6787B,7.0,0.07,excellent,2,True
BULK-INV-5078-L01,BULK-INV-5078,5078,2026-05-04,130A,3249B,Paint,method_i_b,2.0,6797B,7.0,0.082,excellent,3,True
BULK-INV-5078-L01,BULK-INV-5078,5078,2026-05-04,130A,3249B,Paint,method_i_b,2.0,6797A,10.0,0.09,excellent,4,True
BULK-INV-5078-L01,BULK-INV-5078,5078,2026-05-04,130A,3249B,Paint,method_i_b,2.0,6787A,10.0,0.101,excellent,5,True
BULK-INV-5078-L01,BULK-INV-5078,5078,2026-05-04,130A,3249B,Paint,method_i_b,2.0,6796B,8.0,0.197,excellent,6,True
BULK-INV-5078-L01,BULK-INV-5078,5078,2026-05-04,130A,3249B,Paint,method_i_b,2.0,6788B,10.0,0.271,excellent,7,True
BULK-INV-5078-L01,BULK-INV-5078,5078,2026-05-04,130A,3249B,Paint,method_i_b,2.0,6796A,10.0,0.331,excellent,8,True
BULK-INV-5078-L01,BULK-INV-5078,5078,2026-05-04,130A,3249B,Paint,method_i_b,2.0,6803B,5.0,0.429,excellent,9,True
BULK-INV-5078-L01,BULK-INV-5078,5078,2026-05-04,130A,3249B,Paint,method_i_b,2.0,6802A,10.0,0.526,excellent,10,True
BULK-INV-5078-L01,BULK-INV-5078,5078,2026-05-04,130A,3249B,Paint,method_i_b,2.0,6801B,4.0,0.59,excellent,11,True
BULK-INV-5078-L01,BULK-INV-5078,5078,2026-05-04,130A,3249B,Paint,method_i_b,2.0,6803A,10.0,0.611,strict,12,True
BULK-INV-5078-L01,BULK-INV-5078,5078,2026-05-04,130A,3249B,Paint,method_i_b,2.0,6822N-A,5.0,0.661,strict,13,True
BULK-INV-5078-L01,BULK-INV-5078,5078,2026-05-04,130A,3249B,Paint,method_i_b,2.0,6833B,10.0,0.708,strict,14,True
BULK-INV-5078-L01,BULK-INV-5078,5078,2026-05-04,130A,3249B,Paint,method_i_b,2.0,6833A,10.0,0.77,strict,15,True
BULK-INV-5078-L01,BULK-INV-5078,5078,2026-05-04,130A,3249B,Paint,method_i_b,2.0,6802B,10.0,0.827,strict,16,True
BULK-INV-5078-L01,BULK-INV-5078,5078,2026-05-04,130A,3249B,Paint,method_i_b,2.0,6548A,4.0,0.833,strict,17,True
BULK-INV-5078-L01,BULK-INV-5078,5078,2026-05-04,130A,3249B,Paint,method_i_b,2.0,6832B,6.0,0.897,strict,18,True
BULK-INV-5078-L01,BULK-INV-5078,5078,2026-05-04,130A,3249B,Paint,method_i_b,2.0,6789A,10.0,0.899,strict,19,True
BULK-INV-5078-L01,BULK-INV-5078,5078,2026-05-04,130A,3249B,Paint,method_i_b,2.0,6801A,10.0,0.915,strict,20,True
BULK-INV-5078-L01,BULK-INV-5078,5078,2026-05-04,130A,3249B,Paint,method_i_b,2.0,6832A,10.0,0.923,strict,21,True
BULK-INV-5078-L01,BULK-INV-5078,5078,2026-05-04,130A,3249B,Paint,method_i_b,2.0,6719N-D,5.0,0.961,strict,22,True
BULK-INV-5078-L01,BULK-INV-5078,5078,2026-05-04,130A,3249B,Paint,method_i_b,2.0,6789B,10.0,1.026,relaxed,23,True
BULK-INV-5078-L01,BULK-INV-5078,5078,2026-05-04,130A,3249B,Paint,method_i_b,2.0,6770B,10.0,1.095,relaxed,24,True
BULK-INV-5078-L01,BULK-INV-5078,5078,2026-05-04,130A,3249B,Paint,method_i_b,2.0,6528A,10.0,1.236,relaxed,25,True
BULK-INV-5078-L01,BULK-INV-5078,5078,2026-05-04,130A,3249B,Paint,method_i_b,2.0,6823N-B,5.0,1.393,relaxed,26,True
BULK-INV-5079-L01,BULK-INV-5079,5079,2026-05-05,130,325,Paint,method_i_b,10.0,6764-B,5.0,0.13,excellent,1,False
BULK-INV-5079-L01,BULK-INV-5079,5079,2026-05-05,130,325,Paint,method_i_b,10.0,6767A,10.0,0.269,excellent,2,True
BULK-INV-5079-L01,BULK-INV-5079,5079,2026-05-05,130,325,Paint,method_i_b,10.0,6823N-C,5.0,0.269,excellent,3,False
BULK-INV-5079-L01,BULK-INV-5079,5079,2026-05-05,130,325,Paint,method_i_b,10.0,6768A,5.0,0.284,excellent,4,False
BULK-INV-5079-L01,BULK-INV-5079,5079,2026-05-05,130,325,Paint,method_i_b,10.0,6764-A,10.0,0.297,excellent,5,True
BULK-INV-5079-L01,BULK-INV-5079,5079,2026-05-05,130,325,Paint,method_i_b,10.0,6782A,10.0,0.297,excellent,6,True
BULK-INV-5079-L01,BULK-INV-5079,5079,2026-05-05,130,325,Paint,method_i_b,10.0,6781A,10.0,0.309,excellent,7,True
BULK-INV-5079-L01,BULK-INV-5079,5079,2026-05-05,130,325,Paint,method_i_b,10.0,6781B,2.0,0.311,excellent,8,False
BULK-INV-5079-L01,BULK-INV-5079,5079,2026-05-05,130,325,Paint,method_i_b,10.0,6785A,10.0,0.323,excellent,9,True
BULK-INV-5079-L01,BULK-INV-5079,5079,2026-05-05,130,325,Paint,method_i_b,10.0,6823N-D,5.0,0.342,excellent,10,False
BULK-INV-5079-L01,BULK-INV-5079,5079,2026-05-05,130,325,Paint,method_i_b,10.0,6824N-A,5.0,0.363,excellent,11,False
BULK-INV-5079-L01,BULK-INV-5079,5079,2026-05-05,130,325,Paint,method_i_b,10.0,6822N-C,5.0,0.369,excellent,12,False
BULK-INV-5079-L01,BULK-INV-5079,5079,2026-05-05,130,325,Paint,method_i_b,10.0,6767B,10.0,0.371,excellent,13,True
BULK-INV-5079-L01,BULK-INV-5079,5079,2026-05-05,130,325,Paint,method_i_b,10.0,6828N-A,5.0,0.371,excellent,14,False
BULK-INV-5079-L01,BULK-INV-5079,5079,2026-05-05,130,325,Paint,method_i_b,10.0,6770A,10.0,0.387,excellent,15,True
BULK-INV-5079-L01,BULK-INV-5079,5079,2026-05-05,130,325,Paint,method_i_b,10.0,6784B,7.0,0.396,excellent,16,False
BULK-INV-5079-L01,BULK-INV-5079,5079,2026-05-05,130,325,Paint,method_i_b,10.0,6784A,10.0,0.415,excellent,17,True
BULK-INV-5079-L01,BULK-INV-5079,5079,2026-05-05,130,325,Paint,method_i_b,10.0,6828N-D,5.0,0.446,excellent,18,False
BULK-INV-5079-L01,BULK-INV-5079,5079,2026-05-05,130,325,Paint,method_i_b,10.0,6785B,10.0,0.453,excellent,19,True
BULK-INV-5079-L01,BULK-INV-5079,5079,2026-05-05,130,325,Paint,method_i_b,10.0,6563A,6.0,0.54,excellent,20,False
BULK-INV-5079-L01,BULK-INV-5079,5079,2026-05-05,130,325,Paint,method_i_b,10.0,6822N-D,5.0,0.559,excellent,21,False
BULK-INV-5079-L01,BULK-INV-5079,5079,2026-05-05,130,325,Paint,method_i_b,10.0,6823N-A,5.0,0.602,strict,22,False
BULK-INV-5079-L01,BULK-INV-5079,5079,2026-05-05,130,325,Paint,method_i_b,10.0,6127A,5.0,0.633,strict,23,False
BULK-INV-5079-L01,BULK-INV-5079,5079,2026-05-05,130,325,Paint,method_i_b,10.0,6828N-C,5.0,0.661,strict,24,False
BULK-INV-5079-L01,BULK-INV-5079,5079,2026-05-05,130,325,Paint,method_i_b,10.0,6812B,10.0,0.72,strict,25,True
BULK-INV-5079-L01,BULK-INV-5079,5079,2026-05-05,130,325,Paint,method_i_b,10.0,6812A,10.0,0.836,strict,26,True
BULK-INV-5079-L01,BULK-INV-5079,5079,2026-05-05,130,325,Paint,method_i_b,10.0,6566A,6.0,0.872,strict,27,False
BULK-INV-5079-L01,BULK-INV-5079,5079,2026-05-05,130,325,Paint,method_i_b,10.0,6566A,5.0,0.872,strict,28,False
BULK-INV-5079-L01,BULK-INV-5079,5079,2026-05-05,130,325,Paint,method_i_b,10.0,6778N-B,5.0,1.01,relaxed,29,False
BULK-INV-5079-L01,BULK-INV-5079,5079,2026-05-05,130,325,Paint,method_i_b,10.0,6826N-D,5.0,1.094,relaxed,30,False
BULK-INV-5079-L01,BULK-INV-5079,5079,2026-05-05,130,325,Paint,method_i_b,10.0,6827N-A,5.0,1.231,relaxed,31,False
BULK-INV-5080-L01,BULK-INV-5080,5080,2026-05-06,130A,3249B,Water Based,method_ii,2.0,6802A,10.0,0.119,excellent,1,True
BULK-INV-5080-L01,BULK-INV-5080,5080,2026-05-06,130A,3249B,Water Based,method_ii,2.0,6796A,10.0,0.161,excellent,2,True
BULK-INV-5080-L01,BULK-INV-5080,5080,2026-05-06,130A,3249B,Water Based,method_ii,2.0,6801A,10.0,0.212,excellent,3,True
BULK-INV-5080-L01,BULK-INV-5080,5080,2026-05-06,130A,3249B,Water Based,method_ii,2.0,6789A,10.0,0.214,excellent,4,True
BULK-INV-5080-L01,BULK-INV-5080,5080,2026-05-06,130A,3249B,Water Based,method_ii,2.0,6822N-A,5.0,0.331,excellent,5,True
BULK-INV-5080-L01,BULK-INV-5080,5080,2026-05-06,130A,3249B,Water Based,method_ii,2.0,6797A,10.0,0.335,excellent,6,True
BULK-INV-5080-L01,BULK-INV-5080,5080,2026-05-06,130A,3249B,Water Based,method_ii,2.0,6787A,10.0,0.35,excellent,7,True
BULK-INV-5080-L01,BULK-INV-5080,5080,2026-05-06,130A,3249B,Water Based,method_ii,2.0,6802B,10.0,0.351,excellent,8,True
BULK-INV-5080-L01,BULK-INV-5080,5080,2026-05-06,130A,3249B,Water Based,method_ii,2.0,6788B,10.0,0.373,excellent,9,True
BULK-INV-5080-L01,BULK-INV-5080,5080,2026-05-06,130A,3249B,Water Based,method_ii,2.0,6796B,8.0,0.375,excellent,10,True
BULK-INV-5080-L01,BULK-INV-5080,5080,2026-05-06,130A,3249B,Water Based,method_ii,2.0,6801B,4.0,0.404,excellent,11,True
BULK-INV-5080-L01,BULK-INV-5080,5080,2026-05-06,130A,3249B,Water Based,method_ii,2.0,6788A,10.0,0.508,excellent,12,True
BULK-INV-5080-L01,BULK-INV-5080,5080,2026-05-06,130A,3249B,Water Based,method_ii,2.0,6797B,7.0,0.685,strict,13,True
BULK-INV-5080-L01,BULK-INV-5080,5080,2026-05-06,130A,3249B,Water Based,method_ii,2.0,6789B,10.0,0.76,strict,14,True
BULK-INV-5080-L01,BULK-INV-5080,5080,2026-05-06,130A,3249B,Water Based,method_ii,2.0,6787B,7.0,0.797,strict,15,True
BULK-INV-5080-L01,BULK-INV-5080,5080,2026-05-06,130A,3249B,Water Based,method_ii,2.0,6548A,4.0,0.904,strict,16,True
BULK-INV-5080-L01,BULK-INV-5080,5080,2026-05-06,130A,3249B,Water Based,method_ii,2.0,6823N-B,5.0,1.056,relaxed,17,True
BULK-INV-5080-L01,BULK-INV-5080,5080,2026-05-06,130A,3249B,Water Based,method_ii,2.0,6833A,10.0,1.074,relaxed,18,True
BULK-INV-5080-L01,BULK-INV-5080,5080,2026-05-06,130A,3249B,Water Based,method_ii,2.0,6719N-D,5.0,1.165,relaxed,19,True
BULK-INV-5080-L01,BULK-INV-5080,5080,2026-05-06,130A,3249B,Water Based,method_ii,2.0,6803B,5.0,1.196,relaxed,20,True
BULK-INV-5080-L01,BULK-INV-5080,5080,2026-05-06,130A,3249B,Water Based,method_ii,2.0,6803A,10.0,1.227,relaxed,21,True
BULK-INV-5080-L01,BULK-INV-5080,5080,2026-05-06,130A,3249B,Water Based,method_ii,2.0,6832A,10.0,1.584,review,22,True
BULK-INV-5080-L01,BULK-INV-5080,5080,2026-05-06,130A,3249B,Water Based,method_ii,2.0,6832B,6.0,1.699,review,23,True
BULK-INV-5080-L01,BULK-INV-5080,5080,2026-05-06,130A,3249B,Water Based,method_ii,2.0,6833B,10.0,2.032,review,24,True
BULK-INV-5080-L01,BULK-INV-5080,5080,2026-05-06,130A,3249B,Water Based,method_ii,2.0,6528A,10.0,2.171,review,25,True
BULK-INV-5080-L01,BULK-INV-5080,5080,2026-05-06,130A,3249B,Water Based,method_ii,2.0,6770B,10.0,2.281,review,26,True
BULK-INV-5080-L02,BULK-INV-5080,5080,2026-05-06,130,325,Paint,method_i_b,0.5,6764-B,5.0,0.13,excellent,1,True
BULK-INV-5080-L02,BULK-INV-5080,5080,2026-05-06,130,325,Paint,method_i_b,0.5,6767A,10.0,0.269,excellent,2,True
BULK-INV-5080-L02,BULK-INV-5080,5080,2026-05-06,130,325,Paint,method_i_b,0.5,6823N-C,5.0,0.269,excellent,3,True
BULK-INV-5080-L02,BULK-INV-5080,5080,2026-05-06,130,325,Paint,method_i_b,0.5,6768A,5.0,0.284,excellent,4,True
BULK-INV-5080-L02,BULK-INV-5080,5080,2026-05-06,130,325,Paint,method_i_b,0.5,6764-A,10.0,0.297,excellent,5,True
BULK-INV-5080-L02,BULK-INV-5080,5080,2026-05-06,130,325,Paint,method_i_b,0.5,6782A,10.0,0.297,excellent,6,True
BULK-INV-5080-L02,BULK-INV-5080,5080,2026-05-06,130,325,Paint,method_i_b,0.5,6781A,10.0,0.309,excellent,7,True
BULK-INV-5080-L02,BULK-INV-5080,5080,2026-05-06,130,325,Paint,method_i_b,0.5,6781B,2.0,0.311,excellent,8,True
BULK-INV-5080-L02,BULK-INV-5080,5080,2026-05-06,130,325,Paint,method_i_b,0.5,6785A,10.0,0.323,excellent,9,True
BULK-INV-5080-L02,BULK-INV-5080,5080,2026-05-06,130,325,Paint,method_i_b,0.5,6823N-D,5.0,0.342,excellent,10,True
BULK-INV-5080-L02,BULK-INV-5080,5080,2026-05-06,130,325,Paint,method_i_b,0.5,6824N-A,5.0,0.363,excellent,11,True
BULK-INV-5080-L02,BULK-INV-5080,5080,2026-05-06,130,325,Paint,method_i_b,0.5,6822N-C,5.0,0.369,excellent,12,True
BULK-INV-5080-L02,BULK-INV-5080,5080,2026-05-06,130,325,Paint,method_i_b,0.5,6767B,10.0,0.371,excellent,13,True
BULK-INV-5080-L02,BULK-INV-5080,5080,2026-05-06,130,325,Paint,method_i_b,0.5,6828N-A,5.0,0.371,excellent,14,True
BULK-INV-5080-L02,BULK-INV-5080,5080,2026-05-06,130,325,Paint,method_i_b,0.5,6770A,10.0,0.387,excellent,15,True
BULK-INV-5080-L02,BULK-INV-5080,5080,2026-05-06,130,325,Paint,method_i_b,0.5,6784B,7.0,0.396,excellent,16,True
BULK-INV-5080-L02,BULK-INV-5080,5080,2026-05-06,130,325,Paint,method_i_b,0.5,6784A,10.0,0.415,excellent,17,True
BULK-INV-5080-L02,BULK-INV-5080,5080,2026-05-06,130,325,Paint,method_i_b,0.5,6828N-D,5.0,0.446,excellent,18,True
BULK-INV-5080-L02,BULK-INV-5080,5080,2026-05-06,130,325,Paint,method_i_b,0.5,6785B,10.0,0.453,excellent,19,True
BULK-INV-5080-L02,BULK-INV-5080,5080,2026-05-06,130,325,Paint,method_i_b,0.5,6563A,6.0,0.54,excellent,20,True
BULK-INV-5080-L02,BULK-INV-5080,5080,2026-05-06,130,325,Paint,method_i_b,0.5,6822N-D,5.0,0.559,excellent,21,True
BULK-INV-5080-L02,BULK-INV-5080,5080,2026-05-06,130,325,Paint,method_i_b,0.5,6823N-A,5.0,0.602,strict,22,True
BULK-INV-5080-L02,BULK-INV-5080,5080,2026-05-06,130,325,Paint,method_i_b,0.5,6127A,5.0,0.633,strict,23,True
BULK-INV-5080-L02,BULK-INV-5080,5080,2026-05-06,130,325,Paint,method_i_b,0.5,6828N-C,5.0,0.661,strict,24,True
BULK-INV-5080-L02,BULK-INV-5080,5080,2026-05-06,130,325,Paint,method_i_b,0.5,6812B,10.0,0.72,strict,25,True
BULK-INV-5080-L02,BULK-INV-5080,5080,2026-05-06,130,325,Paint,method_i_b,0.5,6812A,10.0,0.836,strict,26,True
BULK-INV-5080-L02,BULK-INV-5080,5080,2026-05-06,130,325,Paint,method_i_b,0.5,6566A,6.0,0.872,strict,27,True
BULK-INV-5080-L02,BULK-INV-5080,5080,2026-05-06,130,325,Paint,method_i_b,0.5,6566A,5.0,0.872,strict,28,True
BULK-INV-5080-L02,BULK-INV-5080,5080,2026-05-06,130,325,Paint,method_i_b,0.5,6778N-B,5.0,1.01,relaxed,29,True
BULK-INV-5080-L02,BULK-INV-5080,5080,2026-05-06,130,325,Paint,method_i_b,0.5,6826N-D,5.0,1.094,relaxed,30,True
BULK-INV-5080-L02,BULK-INV-5080,5080,2026-05-06,130,325,Paint,method_i_b,0.5,6827N-A,5.0,1.231,relaxed,31,True
BULK-INV-5081-L01,BULK-INV-5081,5081,2026-05-07,130,325,Paint,method_i_b,3.5,6764-B,5.0,0.13,excellent,1,True
BULK-INV-5081-L01,BULK-INV-5081,5081,2026-05-07,130,325,Paint,method_i_b,3.5,6767A,10.0,0.269,excellent,2,True
BULK-INV-5081-L01,BULK-INV-5081,5081,2026-05-07,130,325,Paint,method_i_b,3.5,6823N-C,5.0,0.269,excellent,3,True
BULK-INV-5081-L01,BULK-INV-5081,5081,2026-05-07,130,325,Paint,method_i_b,3.5,6768A,5.0,0.284,excellent,4,True
BULK-INV-5081-L01,BULK-INV-5081,5081,2026-05-07,130,325,Paint,method_i_b,3.5,6764-A,10.0,0.297,excellent,5,True
BULK-INV-5081-L01,BULK-INV-5081,5081,2026-05-07,130,325,Paint,method_i_b,3.5,6782A,10.0,0.297,excellent,6,True
BULK-INV-5081-L01,BULK-INV-5081,5081,2026-05-07,130,325,Paint,method_i_b,3.5,6781A,10.0,0.309,excellent,7,True
BULK-INV-5081-L01,BULK-INV-5081,5081,2026-05-07,130,325,Paint,method_i_b,3.5,6781B,2.0,0.311,excellent,8,False
BULK-INV-5081-L01,BULK-INV-5081,5081,2026-05-07,130,325,Paint,method_i_b,3.5,6785A,10.0,0.323,excellent,9,True
BULK-INV-5081-L01,BULK-INV-5081,5081,2026-05-07,130,325,Paint,method_i_b,3.5,6823N-D,5.0,0.342,excellent,10,True
BULK-INV-5081-L01,BULK-INV-5081,5081,2026-05-07,130,325,Paint,method_i_b,3.5,6824N-A,5.0,0.363,excellent,11,True
BULK-INV-5081-L01,BULK-INV-5081,5081,2026-05-07,130,325,Paint,method_i_b,3.5,6822N-C,5.0,0.369,excellent,12,True
BULK-INV-5081-L01,BULK-INV-5081,5081,2026-05-07,130,325,Paint,method_i_b,3.5,6767B,10.0,0.371,excellent,13,True
BULK-INV-5081-L01,BULK-INV-5081,5081,2026-05-07,130,325,Paint,method_i_b,3.5,6828N-A,5.0,0.371,excellent,14,True
BULK-INV-5081-L01,BULK-INV-5081,5081,2026-05-07,130,325,Paint,method_i_b,3.5,6770A,10.0,0.387,excellent,15,True
BULK-INV-5081-L01,BULK-INV-5081,5081,2026-05-07,130,325,Paint,method_i_b,3.5,6784B,7.0,0.396,excellent,16,True
BULK-INV-5081-L01,BULK-INV-5081,5081,2026-05-07,130,325,Paint,method_i_b,3.5,6784A,10.0,0.415,excellent,17,True
BULK-INV-5081-L01,BULK-INV-5081,5081,2026-05-07,130,325,Paint,method_i_b,3.5,6828N-D,5.0,0.446,excellent,18,True
BULK-INV-5081-L01,BULK-INV-5081,5081,2026-05-07,130,325,Paint,method_i_b,3.5,6785B,10.0,0.453,excellent,19,True
BULK-INV-5081-L01,BULK-INV-5081,5081,2026-05-07,130,325,Paint,method_i_b,3.5,6563A,6.0,0.54,excellent,20,True
BULK-INV-5081-L01,BULK-INV-5081,5081,2026-05-07,130,325,Paint,method_i_b,3.5,6822N-D,5.0,0.559,excellent,21,True
BULK-INV-5081-L01,BULK-INV-5081,5081,2026-05-07,130,325,Paint,method_i_b,3.5,6823N-A,5.0,0.602,strict,22,True
BULK-INV-5081-L01,BULK-INV-5081,5081,2026-05-07,130,325,Paint,method_i_b,3.5,6127A,5.0,0.633,strict,23,True
BULK-INV-5081-L01,BULK-INV-5081,5081,2026-05-07,130,325,Paint,method_i_b,3.5,6828N-C,5.0,0.661,strict,24,True
BULK-INV-5081-L01,BULK-INV-5081,5081,2026-05-07,130,325,Paint,method_i_b,3.5,6812B,10.0,0.72,strict,25,True
BULK-INV-5081-L01,BULK-INV-5081,5081,2026-05-07,130,325,Paint,method_i_b,3.5,6812A,10.0,0.836,strict,26,True
BULK-INV-5081-L01,BULK-INV-5081,5081,2026-05-07,130,325,Paint,method_i_b,3.5,6566A,6.0,0.872,strict,27,True
BULK-INV-5081-L01,BULK-INV-5081,5081,2026-05-07,130,325,Paint,method_i_b,3.5,6566A,5.0,0.872,strict,28,True
BULK-INV-5081-L01,BULK-INV-5081,5081,2026-05-07,130,325,Paint,method_i_b,3.5,6778N-B,5.0,1.01,relaxed,29,True
BULK-INV-5081-L01,BULK-INV-5081,5081,2026-05-07,130,325,Paint,method_i_b,3.5,6826N-D,5.0,1.094,relaxed,30,True
BULK-INV-5081-L01,BULK-INV-5081,5081,2026-05-07,130,325,Paint,method_i_b,3.5,6827N-A,5.0,1.231,relaxed,31,True
BULK-INV-5082-L01,BULK-INV-5082,5082,2026-05-08,130,325,Water Based,method_ii,0.5,6778N-B,5.0,0.292,excellent,1,True
BULK-INV-5082-L01,BULK-INV-5082,5082,2026-05-08,130,325,Water Based,method_ii,0.5,6823N-D,5.0,0.493,excellent,2,True
BULK-INV-5082-L01,BULK-INV-5082,5082,2026-05-08,130,325,Water Based,method_ii,0.5,6824N-A,5.0,0.52,excellent,3,True
BULK-INV-5082-L01,BULK-INV-5082,5082,2026-05-08,130,325,Water Based,method_ii,0.5,6823N-C,5.0,0.623,strict,4,True
BULK-INV-5082-L01,BULK-INV-5082,5082,2026-05-08,130,325,Water Based,method_ii,0.5,6823N-A,5.0,0.732,strict,5,True
BULK-INV-5082-L01,BULK-INV-5082,5082,2026-05-08,130,325,Water Based,method_ii,0.5,6822N-D,5.0,0.747,strict,6,True
BULK-INV-5082-L01,BULK-INV-5082,5082,2026-05-08,130,325,Water Based,method_ii,0.5,6828N-D,5.0,0.799,strict,7,True
BULK-INV-5082-L01,BULK-INV-5082,5082,2026-05-08,130,325,Water Based,method_ii,0.5,6563A,6.0,0.929,strict,8,True
BULK-INV-5082-L01,BULK-INV-5082,5082,2026-05-08,130,325,Water Based,method_ii,0.5,6764-B,5.0,0.941,strict,9,True
BULK-INV-5082-L01,BULK-INV-5082,5082,2026-05-08,130,325,Water Based,method_ii,0.5,6768A,5.0,0.957,strict,10,True
BULK-INV-5082-L01,BULK-INV-5082,5082,2026-05-08,130,325,Water Based,method_ii,0.5,6828N-A,5.0,0.974,strict,11,True
BULK-INV-5082-L01,BULK-INV-5082,5082,2026-05-08,130,325,Water Based,method_ii,0.5,6828N-C,5.0,1.052,relaxed,12,True
BULK-INV-5082-L01,BULK-INV-5082,5082,2026-05-08,130,325,Water Based,method_ii,0.5,6822N-C,5.0,1.066,relaxed,13,True
BULK-INV-5082-L01,BULK-INV-5082,5082,2026-05-08,130,325,Water Based,method_ii,0.5,6764-A,10.0,1.175,relaxed,14,True
BULK-INV-5082-L01,BULK-INV-5082,5082,2026-05-08,130,325,Water Based,method_ii,0.5,6127A,5.0,1.205,relaxed,15,True
BULK-INV-5082-L01,BULK-INV-5082,5082,2026-05-08,130,325,Water Based,method_ii,0.5,6767A,10.0,1.397,relaxed,16,True
BULK-INV-5082-L01,BULK-INV-5082,5082,2026-05-08,130,325,Water Based,method_ii,0.5,6566A,6.0,1.422,relaxed,17,True
BULK-INV-5082-L01,BULK-INV-5082,5082,2026-05-08,130,325,Water Based,method_ii,0.5,6566A,5.0,1.422,relaxed,18,True
BULK-INV-5082-L01,BULK-INV-5082,5082,2026-05-08,130,325,Water Based,method_ii,0.5,6785B,10.0,1.449,relaxed,19,True
BULK-INV-5082-L01,BULK-INV-5082,5082,2026-05-08,130,325,Water Based,method_ii,0.5,6767B,10.0,1.465,relaxed,20,True
BULK-INV-5082-L01,BULK-INV-5082,5082,2026-05-08,130,325,Water Based,method_ii,0.5,6812B,10.0,1.476,relaxed,21,True
BULK-INV-5082-L01,BULK-INV-5082,5082,2026-05-08,130,325,Water Based,method_ii,0.5,6784B,7.0,1.546,review,22,True
BULK-INV-5082-L01,BULK-INV-5082,5082,2026-05-08,130,325,Water Based,method_ii,0.5,6782A,10.0,1.575,review,23,True
BULK-INV-5082-L01,BULK-INV-5082,5082,2026-05-08,130,325,Water Based,method_ii,0.5,6784A,10.0,1.581,review,24,True
BULK-INV-5082-L01,BULK-INV-5082,5082,2026-05-08,130,325,Water Based,method_ii,0.5,6781B,2.0,1.623,review,25,True
BULK-INV-5082-L01,BULK-INV-5082,5082,2026-05-08,130,325,Water Based,method_ii,0.5,6785A,10.0,1.688,review,26,True
BULK-INV-5082-L01,BULK-INV-5082,5082,2026-05-08,130,325,Water Based,method_ii,0.5,6826N-D,5.0,1.84,review,27,True
BULK-INV-5082-L01,BULK-INV-5082,5082,2026-05-08,130,325,Water Based,method_ii,0.5,6781A,10.0,1.929,review,28,True
BULK-INV-5082-L01,BULK-INV-5082,5082,2026-05-08,130,325,Water Based,method_ii,0.5,6812A,10.0,1.955,review,29,True
BULK-INV-5082-L01,BULK-INV-5082,5082,2026-05-08,130,325,Water Based,method_ii,0.5,6827N-A,5.0,1.965,review,30,True
BULK-INV-5082-L01,BULK-INV-5082,5082,2026-05-08,130,325,Water Based,method_ii,0.5,6770A,10.0,2.183,review,31,True
BULK-INV-5082-L02,BULK-INV-5082,5082,2026-05-08,130,325,Water Based,method_ii,0.5,6778N-B,5.0,0.292,excellent,1,True
BULK-INV-5082-L02,BULK-INV-5082,5082,2026-05-08,130,325,Water Based,method_ii,0.5,6823N-D,5.0,0.493,excellent,2,True
BULK-INV-5082-L02,BULK-INV-5082,5082,2026-05-08,130,325,Water Based,method_ii,0.5,6824N-A,5.0,0.52,excellent,3,True
BULK-INV-5082-L02,BULK-INV-5082,5082,2026-05-08,130,325,Water Based,method_ii,0.5,6823N-C,5.0,0.623,strict,4,True
BULK-INV-5082-L02,BULK-INV-5082,5082,2026-05-08,130,325,Water Based,method_ii,0.5,6823N-A,5.0,0.732,strict,5,True
BULK-INV-5082-L02,BULK-INV-5082,5082,2026-05-08,130,325,Water Based,method_ii,0.5,6822N-D,5.0,0.747,strict,6,True
BULK-INV-5082-L02,BULK-INV-5082,5082,2026-05-08,130,325,Water Based,method_ii,0.5,6828N-D,5.0,0.799,strict,7,True
BULK-INV-5082-L02,BULK-INV-5082,5082,2026-05-08,130,325,Water Based,method_ii,0.5,6563A,6.0,0.929,strict,8,True
BULK-INV-5082-L02,BULK-INV-5082,5082,2026-05-08,130,325,Water Based,method_ii,0.5,6764-B,5.0,0.941,strict,9,True
BULK-INV-5082-L02,BULK-INV-5082,5082,2026-05-08,130,325,Water Based,method_ii,0.5,6768A,5.0,0.957,strict,10,True
BULK-INV-5082-L02,BULK-INV-5082,5082,2026-05-08,130,325,Water Based,method_ii,0.5,6828N-A,5.0,0.974,strict,11,True
BULK-INV-5082-L02,BULK-INV-5082,5082,2026-05-08,130,325,Water Based,method_ii,0.5,6828N-C,5.0,1.052,relaxed,12,True
BULK-INV-5082-L02,BULK-INV-5082,5082,2026-05-08,130,325,Water Based,method_ii,0.5,6822N-C,5.0,1.066,relaxed,13,True
BULK-INV-5082-L02,BULK-INV-5082,5082,2026-05-08,130,325,Water Based,method_ii,0.5,6764-A,10.0,1.175,relaxed,14,True
BULK-INV-5082-L02,BULK-INV-5082,5082,2026-05-08,130,325,Water Based,method_ii,0.5,6127A,5.0,1.205,relaxed,15,True
BULK-INV-5082-L02,BULK-INV-5082,5082,2026-05-08,130,325,Water Based,method_ii,0.5,6767A,10.0,1.397,relaxed,16,True
BULK-INV-5082-L02,BULK-INV-5082,5082,2026-05-08,130,325,Water Based,method_ii,0.5,6566A,6.0,1.422,relaxed,17,True
BULK-INV-5082-L02,BULK-INV-5082,5082,2026-05-08,130,325,Water Based,method_ii,0.5,6566A,5.0,1.422,relaxed,18,True
BULK-INV-5082-L02,BULK-INV-5082,5082,2026-05-08,130,325,Water Based,method_ii,0.5,6785B,10.0,1.449,relaxed,19,True
BULK-INV-5082-L02,BULK-INV-5082,5082,2026-05-08,130,325,Water Based,method_ii,0.5,6767B,10.0,1.465,relaxed,20,True
BULK-INV-5082-L02,BULK-INV-5082,5082,2026-05-08,130,325,Water Based,method_ii,0.5,6812B,10.0,1.476,relaxed,21,True
BULK-INV-5082-L02,BULK-INV-5082,5082,2026-05-08,130,325,Water Based,method_ii,0.5,6784B,7.0,1.546,review,22,True
BULK-INV-5082-L02,BULK-INV-5082,5082,2026-05-08,130,325,Water Based,method_ii,0.5,6782A,10.0,1.575,review,23,True
BULK-INV-5082-L02,BULK-INV-5082,5082,2026-05-08,130,325,Water Based,method_ii,0.5,6784A,10.0,1.581,review,24,True
BULK-INV-5082-L02,BULK-INV-5082,5082,2026-05-08,130,325,Water Based,method_ii,0.5,6781B,2.0,1.623,review,25,True
BULK-INV-5082-L02,BULK-INV-5082,5082,2026-05-08,130,325,Water Based,method_ii,0.5,6785A,10.0,1.688,review,26,True
BULK-INV-5082-L02,BULK-INV-5082,5082,2026-05-08,130,325,Water Based,method_ii,0.5,6826N-D,5.0,1.84,review,27,True
BULK-INV-5082-L02,BULK-INV-5082,5082,2026-05-08,130,325,Water Based,method_ii,0.5,6781A,10.0,1.929,review,28,True
BULK-INV-5082-L02,BULK-INV-5082,5082,2026-05-08,130,325,Water Based,method_ii,0.5,6812A,10.0,1.955,review,29,True
BULK-INV-5082-L02,BULK-INV-5082,5082,2026-05-08,130,325,Water Based,method_ii,0.5,6827N-A,5.0,1.965,review,30,True
BULK-INV-5082-L02,BULK-INV-5082,5082,2026-05-08,130,325,Water Based,method_ii,0.5,6770A,10.0,2.183,review,31,True
BULK-INV-5083-L01,BULK-INV-5083,5083,2026-05-09,130A,3249B,Water Based,method_ii,1.5,6802A,10.0,0.119,excellent,1,True
BULK-INV-5083-L01,BULK-INV-5083,5083,2026-05-09,130A,3249B,Water Based,method_ii,1.5,6796A,10.0,0.161,excellent,2,True
BULK-INV-5083-L01,BULK-INV-5083,5083,2026-05-09,130A,3249B,Water Based,method_ii,1.5,6801A,10.0,0.212,excellent,3,True
BULK-INV-5083-L01,BULK-INV-5083,5083,2026-05-09,130A,3249B,Water Based,method_ii,1.5,6789A,10.0,0.214,excellent,4,True
BULK-INV-5083-L01,BULK-INV-5083,5083,2026-05-09,130A,3249B,Water Based,method_ii,1.5,6822N-A,5.0,0.331,excellent,5,True
BULK-INV-5083-L01,BULK-INV-5083,5083,2026-05-09,130A,3249B,Water Based,method_ii,1.5,6797A,10.0,0.335,excellent,6,True
BULK-INV-5083-L01,BULK-INV-5083,5083,2026-05-09,130A,3249B,Water Based,method_ii,1.5,6787A,10.0,0.35,excellent,7,True
BULK-INV-5083-L01,BULK-INV-5083,5083,2026-05-09,130A,3249B,Water Based,method_ii,1.5,6802B,10.0,0.351,excellent,8,True
BULK-INV-5083-L01,BULK-INV-5083,5083,2026-05-09,130A,3249B,Water Based,method_ii,1.5,6788B,10.0,0.373,excellent,9,True
BULK-INV-5083-L01,BULK-INV-5083,5083,2026-05-09,130A,3249B,Water Based,method_ii,1.5,6796B,8.0,0.375,excellent,10,True
BULK-INV-5083-L01,BULK-INV-5083,5083,2026-05-09,130A,3249B,Water Based,method_ii,1.5,6801B,4.0,0.404,excellent,11,True
BULK-INV-5083-L01,BULK-INV-5083,5083,2026-05-09,130A,3249B,Water Based,method_ii,1.5,6788A,10.0,0.508,excellent,12,True
BULK-INV-5083-L01,BULK-INV-5083,5083,2026-05-09,130A,3249B,Water Based,method_ii,1.5,6797B,7.0,0.685,strict,13,True
BULK-INV-5083-L01,BULK-INV-5083,5083,2026-05-09,130A,3249B,Water Based,method_ii,1.5,6789B,10.0,0.76,strict,14,True
BULK-INV-5083-L01,BULK-INV-5083,5083,2026-05-09,130A,3249B,Water Based,method_ii,1.5,6787B,7.0,0.797,strict,15,True
BULK-INV-5083-L01,BULK-INV-5083,5083,2026-05-09,130A,3249B,Water Based,method_ii,1.5,6548A,4.0,0.904,strict,16,True
BULK-INV-5083-L01,BULK-INV-5083,5083,2026-05-09,130A,3249B,Water Based,method_ii,1.5,6823N-B,5.0,1.056,relaxed,17,True
BULK-INV-5083-L01,BULK-INV-5083,5083,2026-05-09,130A,3249B,Water Based,method_ii,1.5,6833A,10.0,1.074,relaxed,18,True
BULK-INV-5083-L01,BULK-INV-5083,5083,2026-05-09,130A,3249B,Water Based,method_ii,1.5,6719N-D,5.0,1.165,relaxed,19,True
BULK-INV-5083-L01,BULK-INV-5083,5083,2026-05-09,130A,3249B,Water Based,method_ii,1.5,6803B,5.0,1.196,relaxed,20,True
BULK-INV-5083-L01,BULK-INV-5083,5083,2026-05-09,130A,3249B,Water Based,method_ii,1.5,6803A,10.0,1.227,relaxed,21,True
BULK-INV-5083-L01,BULK-INV-5083,5083,2026-05-09,130A,3249B,Water Based,method_ii,1.5,6832A,10.0,1.584,review,22,True
BULK-INV-5083-L01,BULK-INV-5083,5083,2026-05-09,130A,3249B,Water Based,method_ii,1.5,6832B,6.0,1.699,review,23,True
BULK-INV-5083-L01,BULK-INV-5083,5083,2026-05-09,130A,3249B,Water Based,method_ii,1.5,6833B,10.0,2.032,review,24,True
BULK-INV-5083-L01,BULK-INV-5083,5083,2026-05-09,130A,3249B,Water Based,method_ii,1.5,6528A,10.0,2.171,review,25,True
BULK-INV-5083-L01,BULK-INV-5083,5083,2026-05-09,130A,3249B,Water Based,method_ii,1.5,6770B,10.0,2.281,review,26,True
BULK-INV-5084-L01,BULK-INV-5084,5084,2026-05-10,130A,3249B,Paint,method_i_b,0.75,6788A,10.0,0.017,excellent,1,True
BULK-INV-5084-L01,BULK-INV-5084,5084,2026-05-10,130A,3249B,Paint,method_i_b,0.75,6787B,7.0,0.07,excellent,2,True
BULK-INV-5084-L01,BULK-INV-5084,5084,2026-05-10,130A,3249B,Paint,method_i_b,0.75,6797B,7.0,0.082,excellent,3,True
BULK-INV-5084-L01,BULK-INV-5084,5084,2026-05-10,130A,3249B,Paint,method_i_b,0.75,6797A,10.0,0.09,excellent,4,True
BULK-INV-5084-L01,BULK-INV-5084,5084,2026-05-10,130A,3249B,Paint,method_i_b,0.75,6787A,10.0,0.101,excellent,5,True
BULK-INV-5084-L01,BULK-INV-5084,5084,2026-05-10,130A,3249B,Paint,method_i_b,0.75,6796B,8.0,0.197,excellent,6,True
BULK-INV-5084-L01,BULK-INV-5084,5084,2026-05-10,130A,3249B,Paint,method_i_b,0.75,6788B,10.0,0.271,excellent,7,True
BULK-INV-5084-L01,BULK-INV-5084,5084,2026-05-10,130A,3249B,Paint,method_i_b,0.75,6796A,10.0,0.331,excellent,8,True
BULK-INV-5084-L01,BULK-INV-5084,5084,2026-05-10,130A,3249B,Paint,method_i_b,0.75,6803B,5.0,0.429,excellent,9,True
BULK-INV-5084-L01,BULK-INV-5084,5084,2026-05-10,130A,3249B,Paint,method_i_b,0.75,6802A,10.0,0.526,excellent,10,True
BULK-INV-5084-L01,BULK-INV-5084,5084,2026-05-10,130A,3249B,Paint,method_i_b,0.75,6801B,4.0,0.59,excellent,11,True
BULK-INV-5084-L01,BULK-INV-5084,5084,2026-05-10,130A,3249B,Paint,method_i_b,0.75,6803A,10.0,0.611,strict,12,True
BULK-INV-5084-L01,BULK-INV-5084,5084,2026-05-10,130A,3249B,Paint,method_i_b,0.75,6822N-A,5.0,0.661,strict,13,True
BULK-INV-5084-L01,BULK-INV-5084,5084,2026-05-10,130A,3249B,Paint,method_i_b,0.75,6833B,10.0,0.708,strict,14,True
BULK-INV-5084-L01,BULK-INV-5084,5084,2026-05-10,130A,3249B,Paint,method_i_b,0.75,6833A,10.0,0.77,strict,15,True
BULK-INV-5084-L01,BULK-INV-5084,5084,2026-05-10,130A,3249B,Paint,method_i_b,0.75,6802B,10.0,0.827,strict,16,True
BULK-INV-5084-L01,BULK-INV-5084,5084,2026-05-10,130A,3249B,Paint,method_i_b,0.75,6548A,4.0,0.833,strict,17,True
BULK-INV-5084-L01,BULK-INV-5084,5084,2026-05-10,130A,3249B,Paint,method_i_b,0.75,6832B,6.0,0.897,strict,18,True
BULK-INV-5084-L01,BULK-INV-5084,5084,2026-05-10,130A,3249B,Paint,method_i_b,0.75,6789A,10.0,0.899,strict,19,True
BULK-INV-5084-L01,BULK-INV-5084,5084,2026-05-10,130A,3249B,Paint,method_i_b,0.75,6801A,10.0,0.915,strict,20,True
BULK-INV-5084-L01,BULK-INV-5084,5084,2026-05-10,130A,3249B,Paint,method_i_b,0.75,6832A,10.0,0.923,strict,21,True
BULK-INV-5084-L01,BULK-INV-5084,5084,2026-05-10,130A,3249B,Paint,method_i_b,0.75,6719N-D,5.0,0.961,strict,22,True
BULK-INV-5084-L01,BULK-INV-5084,5084,2026-05-10,130A,3249B,Paint,method_i_b,0.75,6789B,10.0,1.026,relaxed,23,True
BULK-INV-5084-L01,BULK-INV-5084,5084,2026-05-10,130A,3249B,Paint,method_i_b,0.75,6770B,10.0,1.095,relaxed,24,True
BULK-INV-5084-L01,BULK-INV-5084,5084,2026-05-10,130A,3249B,Paint,method_i_b,0.75,6528A,10.0,1.236,relaxed,25,True
BULK-INV-5084-L01,BULK-INV-5084,5084,2026-05-10,130A,3249B,Paint,method_i_b,0.75,6823N-B,5.0,1.393,relaxed,26,True
BULK-INV-5084-L02,BULK-INV-5084,5084,2026-05-10,130A,3249B,Paint,method_i_b,1.5,6788A,10.0,0.017,excellent,1,True
BULK-INV-5084-L02,BULK-INV-5084,5084,2026-05-10,130A,3249B,Paint,method_i_b,1.5,6787B,7.0,0.07,excellent,2,True
BULK-INV-5084-L02,BULK-INV-5084,5084,2026-05-10,130A,3249B,Paint,method_i_b,1.5,6797B,7.0,0.082,excellent,3,True
BULK-INV-5084-L02,BULK-INV-5084,5084,2026-05-10,130A,3249B,Paint,method_i_b,1.5,6797A,10.0,0.09,excellent,4,True
BULK-INV-5084-L02,BULK-INV-5084,5084,2026-05-10,130A,3249B,Paint,method_i_b,1.5,6787A,10.0,0.101,excellent,5,True
BULK-INV-5084-L02,BULK-INV-5084,5084,2026-05-10,130A,3249B,Paint,method_i_b,1.5,6796B,8.0,0.197,excellent,6,True
BULK-INV-5084-L02,BULK-INV-5084,5084,2026-05-10,130A,3249B,Paint,method_i_b,1.5,6788B,10.0,0.271,excellent,7,True
BULK-INV-5084-L02,BULK-INV-5084,5084,2026-05-10,130A,3249B,Paint,method_i_b,1.5,6796A,10.0,0.331,excellent,8,True
BULK-INV-5084-L02,BULK-INV-5084,5084,2026-05-10,130A,3249B,Paint,method_i_b,1.5,6803B,5.0,0.429,excellent,9,True
BULK-INV-5084-L02,BULK-INV-5084,5084,2026-05-10,130A,3249B,Paint,method_i_b,1.5,6802A,10.0,0.526,excellent,10,True
BULK-INV-5084-L02,BULK-INV-5084,5084,2026-05-10,130A,3249B,Paint,method_i_b,1.5,6801B,4.0,0.59,excellent,11,True
BULK-INV-5084-L02,BULK-INV-5084,5084,2026-05-10,130A,3249B,Paint,method_i_b,1.5,6803A,10.0,0.611,strict,12,True
BULK-INV-5084-L02,BULK-INV-5084,5084,2026-05-10,130A,3249B,Paint,method_i_b,1.5,6822N-A,5.0,0.661,strict,13,True
BULK-INV-5084-L02,BULK-INV-5084,5084,2026-05-10,130A,3249B,Paint,method_i_b,1.5,6833B,10.0,0.708,strict,14,True
BULK-INV-5084-L02,BULK-INV-5084,5084,2026-05-10,130A,3249B,Paint,method_i_b,1.5,6833A,10.0,0.77,strict,15,True
BULK-INV-5084-L02,BULK-INV-5084,5084,2026-05-10,130A,3249B,Paint,method_i_b,1.5,6802B,10.0,0.827,strict,16,True
BULK-INV-5084-L02,BULK-INV-5084,5084,2026-05-10,130A,3249B,Paint,method_i_b,1.5,6548A,4.0,0.833,strict,17,True
BULK-INV-5084-L02,BULK-INV-5084,5084,2026-05-10,130A,3249B,Paint,method_i_b,1.5,6832B,6.0,0.897,strict,18,True
BULK-INV-5084-L02,BULK-INV-5084,5084,2026-05-10,130A,3249B,Paint,method_i_b,1.5,6789A,10.0,0.899,strict,19,True
BULK-INV-5084-L02,BULK-INV-5084,5084,2026-05-10,130A,3249B,Paint,method_i_b,1.5,6801A,10.0,0.915,strict,20,True
BULK-INV-5084-L02,BULK-INV-5084,5084,2026-05-10,130A,3249B,Paint,method_i_b,1.5,6832A,10.0,0.923,strict,21,True
BULK-INV-5084-L02,BULK-INV-5084,5084,2026-05-10,130A,3249B,Paint,method_i_b,1.5,6719N-D,5.0,0.961,strict,22,True
BULK-INV-5084-L02,BULK-INV-5084,5084,2026-05-10,130A,3249B,Paint,method_i_b,1.5,6789B,10.0,1.026,relaxed,23,True
BULK-INV-5084-L02,BULK-INV-5084,5084,2026-05-10,130A,3249B,Paint,method_i_b,1.5,6770B,10.0,1.095,relaxed,24,True
BULK-INV-5084-L02,BULK-INV-5084,5084,2026-05-10,130A,3249B,Paint,method_i_b,1.5,6528A,10.0,1.236,relaxed,25,True
BULK-INV-5084-L02,BULK-INV-5084,5084,2026-05-10,130A,3249B,Paint,method_i_b,1.5,6823N-B,5.0,1.393,relaxed,26,True
BULK-INV-5085-L01,BULK-INV-5085,5085,2026-05-11,130A,3249B,Water Based,method_ii,2.0,6802A,10.0,0.119,excellent,1,True
BULK-INV-5085-L01,BULK-INV-5085,5085,2026-05-11,130A,3249B,Water Based,method_ii,2.0,6796A,10.0,0.161,excellent,2,True
BULK-INV-5085-L01,BULK-INV-5085,5085,2026-05-11,130A,3249B,Water Based,method_ii,2.0,6801A,10.0,0.212,excellent,3,True
BULK-INV-5085-L01,BULK-INV-5085,5085,2026-05-11,130A,3249B,Water Based,method_ii,2.0,6789A,10.0,0.214,excellent,4,True
BULK-INV-5085-L01,BULK-INV-5085,5085,2026-05-11,130A,3249B,Water Based,method_ii,2.0,6822N-A,5.0,0.331,excellent,5,True
BULK-INV-5085-L01,BULK-INV-5085,5085,2026-05-11,130A,3249B,Water Based,method_ii,2.0,6797A,10.0,0.335,excellent,6,True
BULK-INV-5085-L01,BULK-INV-5085,5085,2026-05-11,130A,3249B,Water Based,method_ii,2.0,6787A,10.0,0.35,excellent,7,True
BULK-INV-5085-L01,BULK-INV-5085,5085,2026-05-11,130A,3249B,Water Based,method_ii,2.0,6802B,10.0,0.351,excellent,8,True
BULK-INV-5085-L01,BULK-INV-5085,5085,2026-05-11,130A,3249B,Water Based,method_ii,2.0,6788B,10.0,0.373,excellent,9,True
BULK-INV-5085-L01,BULK-INV-5085,5085,2026-05-11,130A,3249B,Water Based,method_ii,2.0,6796B,8.0,0.375,excellent,10,True
BULK-INV-5085-L01,BULK-INV-5085,5085,2026-05-11,130A,3249B,Water Based,method_ii,2.0,6801B,4.0,0.404,excellent,11,True
BULK-INV-5085-L01,BULK-INV-5085,5085,2026-05-11,130A,3249B,Water Based,method_ii,2.0,6788A,10.0,0.508,excellent,12,True
BULK-INV-5085-L01,BULK-INV-5085,5085,2026-05-11,130A,3249B,Water Based,method_ii,2.0,6797B,7.0,0.685,strict,13,True
BULK-INV-5085-L01,BULK-INV-5085,5085,2026-05-11,130A,3249B,Water Based,method_ii,2.0,6789B,10.0,0.76,strict,14,True
BULK-INV-5085-L01,BULK-INV-5085,5085,2026-05-11,130A,3249B,Water Based,method_ii,2.0,6787B,7.0,0.797,strict,15,True
BULK-INV-5085-L01,BULK-INV-5085,5085,2026-05-11,130A,3249B,Water Based,method_ii,2.0,6548A,4.0,0.904,strict,16,True
BULK-INV-5085-L01,BULK-INV-5085,5085,2026-05-11,130A,3249B,Water Based,method_ii,2.0,6823N-B,5.0,1.056,relaxed,17,True
BULK-INV-5085-L01,BULK-INV-5085,5085,2026-05-11,130A,3249B,Water Based,method_ii,2.0,6833A,10.0,1.074,relaxed,18,True
BULK-INV-5085-L01,BULK-INV-5085,5085,2026-05-11,130A,3249B,Water Based,method_ii,2.0,6719N-D,5.0,1.165,relaxed,19,True
BULK-INV-5085-L01,BULK-INV-5085,5085,2026-05-11,130A,3249B,Water Based,method_ii,2.0,6803B,5.0,1.196,relaxed,20,True
BULK-INV-5085-L01,BULK-INV-5085,5085,2026-05-11,130A,3249B,Water Based,method_ii,2.0,6803A,10.0,1.227,relaxed,21,True
BULK-INV-5085-L01,BULK-INV-5085,5085,2026-05-11,130A,3249B,Water Based,method_ii,2.0,6832A,10.0,1.584,review,22,True
BULK-INV-5085-L01,BULK-INV-5085,5085,2026-05-11,130A,3249B,Water Based,method_ii,2.0,6832B,6.0,1.699,review,23,True
BULK-INV-5085-L01,BULK-INV-5085,5085,2026-05-11,130A,3249B,Water Based,method_ii,2.0,6833B,10.0,2.032,review,24,True
BULK-INV-5085-L01,BULK-INV-5085,5085,2026-05-11,130A,3249B,Water Based,method_ii,2.0,6528A,10.0,2.171,review,25,True
BULK-INV-5085-L01,BULK-INV-5085,5085,2026-05-11,130A,3249B,Water Based,method_ii,2.0,6770B,10.0,2.281,review,26,True
BULK-INV-5087-L01,BULK-INV-5087,5087,2026-05-13,130A,3249B,Water Based,method_ii,4.0,6802A,10.0,0.119,excellent,1,True
BULK-INV-5087-L01,BULK-INV-5087,5087,2026-05-13,130A,3249B,Water Based,method_ii,4.0,6796A,10.0,0.161,excellent,2,True
BULK-INV-5087-L01,BULK-INV-5087,5087,2026-05-13,130A,3249B,Water Based,method_ii,4.0,6801A,10.0,0.212,excellent,3,True
BULK-INV-5087-L01,BULK-INV-5087,5087,2026-05-13,130A,3249B,Water Based,method_ii,4.0,6789A,10.0,0.214,excellent,4,True
BULK-INV-5087-L01,BULK-INV-5087,5087,2026-05-13,130A,3249B,Water Based,method_ii,4.0,6822N-A,5.0,0.331,excellent,5,True
BULK-INV-5087-L01,BULK-INV-5087,5087,2026-05-13,130A,3249B,Water Based,method_ii,4.0,6797A,10.0,0.335,excellent,6,True
BULK-INV-5087-L01,BULK-INV-5087,5087,2026-05-13,130A,3249B,Water Based,method_ii,4.0,6787A,10.0,0.35,excellent,7,True
BULK-INV-5087-L01,BULK-INV-5087,5087,2026-05-13,130A,3249B,Water Based,method_ii,4.0,6802B,10.0,0.351,excellent,8,True
BULK-INV-5087-L01,BULK-INV-5087,5087,2026-05-13,130A,3249B,Water Based,method_ii,4.0,6788B,10.0,0.373,excellent,9,True
BULK-INV-5087-L01,BULK-INV-5087,5087,2026-05-13,130A,3249B,Water Based,method_ii,4.0,6796B,8.0,0.375,excellent,10,True
BULK-INV-5087-L01,BULK-INV-5087,5087,2026-05-13,130A,3249B,Water Based,method_ii,4.0,6801B,4.0,0.404,excellent,11,True
BULK-INV-5087-L01,BULK-INV-5087,5087,2026-05-13,130A,3249B,Water Based,method_ii,4.0,6788A,10.0,0.508,excellent,12,True
BULK-INV-5087-L01,BULK-INV-5087,5087,2026-05-13,130A,3249B,Water Based,method_ii,4.0,6797B,7.0,0.685,strict,13,True
BULK-INV-5087-L01,BULK-INV-5087,5087,2026-05-13,130A,3249B,Water Based,method_ii,4.0,6789B,10.0,0.76,strict,14,True
BULK-INV-5087-L01,BULK-INV-5087,5087,2026-05-13,130A,3249B,Water Based,method_ii,4.0,6787B,7.0,0.797,strict,15,True
BULK-INV-5087-L01,BULK-INV-5087,5087,2026-05-13,130A,3249B,Water Based,method_ii,4.0,6548A,4.0,0.904,strict,16,True
BULK-INV-5087-L01,BULK-INV-5087,5087,2026-05-13,130A,3249B,Water Based,method_ii,4.0,6823N-B,5.0,1.056,relaxed,17,True
BULK-INV-5087-L01,BULK-INV-5087,5087,2026-05-13,130A,3249B,Water Based,method_ii,4.0,6833A,10.0,1.074,relaxed,18,True
BULK-INV-5087-L01,BULK-INV-5087,5087,2026-05-13,130A,3249B,Water Based,method_ii,4.0,6719N-D,5.0,1.165,relaxed,19,True
BULK-INV-5087-L01,BULK-INV-5087,5087,2026-05-13,130A,3249B,Water Based,method_ii,4.0,6803B,5.0,1.196,relaxed,20,True
BULK-INV-5087-L01,BULK-INV-5087,5087,2026-05-13,130A,3249B,Water Based,method_ii,4.0,6803A,10.0,1.227,relaxed,21,True
BULK-INV-5087-L01,BULK-INV-5087,5087,2026-05-13,130A,3249B,Water Based,method_ii,4.0,6832A,10.0,1.584,review,22,True
BULK-INV-5087-L01,BULK-INV-5087,5087,2026-05-13,130A,3249B,Water Based,method_ii,4.0,6832B,6.0,1.699,review,23,True
BULK-INV-5087-L01,BULK-INV-5087,5087,2026-05-13,130A,3249B,Water Based,method_ii,4.0,6833B,10.0,2.032,review,24,True
BULK-INV-5087-L01,BULK-INV-5087,5087,2026-05-13,130A,3249B,Water Based,method_ii,4.0,6528A,10.0,2.171,review,25,True
BULK-INV-5087-L01,BULK-INV-5087,5087,2026-05-13,130A,3249B,Water Based,method_ii,4.0,6770B,10.0,2.281,review,26,True
BULK-INV-5087-L02,BULK-INV-5087,5087,2026-05-13,130,325,Paint,method_i_b,3.0,6764-B,5.0,0.13,excellent,1,True
BULK-INV-5087-L02,BULK-INV-5087,5087,2026-05-13,130,325,Paint,method_i_b,3.0,6767A,10.0,0.269,excellent,2,True
BULK-INV-5087-L02,BULK-INV-5087,5087,2026-05-13,130,325,Paint,method_i_b,3.0,6823N-C,5.0,0.269,excellent,3,True
BULK-INV-5087-L02,BULK-INV-5087,5087,2026-05-13,130,325,Paint,method_i_b,3.0,6768A,5.0,0.284,excellent,4,True
BULK-INV-5087-L02,BULK-INV-5087,5087,2026-05-13,130,325,Paint,method_i_b,3.0,6764-A,10.0,0.297,excellent,5,True
BULK-INV-5087-L02,BULK-INV-5087,5087,2026-05-13,130,325,Paint,method_i_b,3.0,6782A,10.0,0.297,excellent,6,True
BULK-INV-5087-L02,BULK-INV-5087,5087,2026-05-13,130,325,Paint,method_i_b,3.0,6781A,10.0,0.309,excellent,7,True
BULK-INV-5087-L02,BULK-INV-5087,5087,2026-05-13,130,325,Paint,method_i_b,3.0,6781B,2.0,0.311,excellent,8,False
BULK-INV-5087-L02,BULK-INV-5087,5087,2026-05-13,130,325,Paint,method_i_b,3.0,6785A,10.0,0.323,excellent,9,True
BULK-INV-5087-L02,BULK-INV-5087,5087,2026-05-13,130,325,Paint,method_i_b,3.0,6823N-D,5.0,0.342,excellent,10,True
BULK-INV-5087-L02,BULK-INV-5087,5087,2026-05-13,130,325,Paint,method_i_b,3.0,6824N-A,5.0,0.363,excellent,11,True
BULK-INV-5087-L02,BULK-INV-5087,5087,2026-05-13,130,325,Paint,method_i_b,3.0,6822N-C,5.0,0.369,excellent,12,True
BULK-INV-5087-L02,BULK-INV-5087,5087,2026-05-13,130,325,Paint,method_i_b,3.0,6767B,10.0,0.371,excellent,13,True
BULK-INV-5087-L02,BULK-INV-5087,5087,2026-05-13,130,325,Paint,method_i_b,3.0,6828N-A,5.0,0.371,excellent,14,True
BULK-INV-5087-L02,BULK-INV-5087,5087,2026-05-13,130,325,Paint,method_i_b,3.0,6770A,10.0,0.387,excellent,15,True
BULK-INV-5087-L02,BULK-INV-5087,5087,2026-05-13,130,325,Paint,method_i_b,3.0,6784B,7.0,0.396,excellent,16,True
BULK-INV-5087-L02,BULK-INV-5087,5087,2026-05-13,130,325,Paint,method_i_b,3.0,6784A,10.0,0.415,excellent,17,True
BULK-INV-5087-L02,BULK-INV-5087,5087,2026-05-13,130,325,Paint,method_i_b,3.0,6828N-D,5.0,0.446,excellent,18,True
BULK-INV-5087-L02,BULK-INV-5087,5087,2026-05-13,130,325,Paint,method_i_b,3.0,6785B,10.0,0.453,excellent,19,True
BULK-INV-5087-L02,BULK-INV-5087,5087,2026-05-13,130,325,Paint,method_i_b,3.0,6563A,6.0,0.54,excellent,20,True
BULK-INV-5087-L02,BULK-INV-5087,5087,2026-05-13,130,325,Paint,method_i_b,3.0,6822N-D,5.0,0.559,excellent,21,True
BULK-INV-5087-L02,BULK-INV-5087,5087,2026-05-13,130,325,Paint,method_i_b,3.0,6823N-A,5.0,0.602,strict,22,True
BULK-INV-5087-L02,BULK-INV-5087,5087,2026-05-13,130,325,Paint,method_i_b,3.0,6127A,5.0,0.633,strict,23,True
BULK-INV-5087-L02,BULK-INV-5087,5087,2026-05-13,130,325,Paint,method_i_b,3.0,6828N-C,5.0,0.661,strict,24,True
BULK-INV-5087-L02,BULK-INV-5087,5087,2026-05-13,130,325,Paint,method_i_b,3.0,6812B,10.0,0.72,strict,25,True
BULK-INV-5087-L02,BULK-INV-5087,5087,2026-05-13,130,325,Paint,method_i_b,3.0,6812A,10.0,0.836,strict,26,True
BULK-INV-5087-L02,BULK-INV-5087,5087,2026-05-13,130,325,Paint,method_i_b,3.0,6566A,6.0,0.872,strict,27,True
BULK-INV-5087-L02,BULK-INV-5087,5087,2026-05-13,130,325,Paint,method_i_b,3.0,6566A,5.0,0.872,strict,28,True
BULK-INV-5087-L02,BULK-INV-5087,5087,2026-05-13,130,325,Paint,method_i_b,3.0,6778N-B,5.0,1.01,relaxed,29,True
BULK-INV-5087-L02,BULK-INV-5087,5087,2026-05-13,130,325,Paint,method_i_b,3.0,6826N-D,5.0,1.094,relaxed,30,True
BULK-INV-5087-L02,BULK-INV-5087,5087,2026-05-13,130,325,Paint,method_i_b,3.0,6827N-A,5.0,1.231,relaxed,31,True
BULK-INV-5088-L01,BULK-INV-5088,5088,2026-05-14,130A,3249B,Water Based,method_ii,3.5,6802A,10.0,0.119,excellent,1,True
BULK-INV-5088-L01,BULK-INV-5088,5088,2026-05-14,130A,3249B,Water Based,method_ii,3.5,6796A,10.0,0.161,excellent,2,True
BULK-INV-5088-L01,BULK-INV-5088,5088,2026-05-14,130A,3249B,Water Based,method_ii,3.5,6801A,10.0,0.212,excellent,3,True
BULK-INV-5088-L01,BULK-INV-5088,5088,2026-05-14,130A,3249B,Water Based,method_ii,3.5,6789A,10.0,0.214,excellent,4,True
BULK-INV-5088-L01,BULK-INV-5088,5088,2026-05-14,130A,3249B,Water Based,method_ii,3.5,6822N-A,5.0,0.331,excellent,5,True
BULK-INV-5088-L01,BULK-INV-5088,5088,2026-05-14,130A,3249B,Water Based,method_ii,3.5,6797A,10.0,0.335,excellent,6,True
BULK-INV-5088-L01,BULK-INV-5088,5088,2026-05-14,130A,3249B,Water Based,method_ii,3.5,6787A,10.0,0.35,excellent,7,True
BULK-INV-5088-L01,BULK-INV-5088,5088,2026-05-14,130A,3249B,Water Based,method_ii,3.5,6802B,10.0,0.351,excellent,8,True
BULK-INV-5088-L01,BULK-INV-5088,5088,2026-05-14,130A,3249B,Water Based,method_ii,3.5,6788B,10.0,0.373,excellent,9,True
BULK-INV-5088-L01,BULK-INV-5088,5088,2026-05-14,130A,3249B,Water Based,method_ii,3.5,6796B,8.0,0.375,excellent,10,True
BULK-INV-5088-L01,BULK-INV-5088,5088,2026-05-14,130A,3249B,Water Based,method_ii,3.5,6801B,4.0,0.404,excellent,11,True
BULK-INV-5088-L01,BULK-INV-5088,5088,2026-05-14,130A,3249B,Water Based,method_ii,3.5,6788A,10.0,0.508,excellent,12,True
BULK-INV-5088-L01,BULK-INV-5088,5088,2026-05-14,130A,3249B,Water Based,method_ii,3.5,6797B,7.0,0.685,strict,13,True
BULK-INV-5088-L01,BULK-INV-5088,5088,2026-05-14,130A,3249B,Water Based,method_ii,3.5,6789B,10.0,0.76,strict,14,True
BULK-INV-5088-L01,BULK-INV-5088,5088,2026-05-14,130A,3249B,Water Based,method_ii,3.5,6787B,7.0,0.797,strict,15,True
BULK-INV-5088-L01,BULK-INV-5088,5088,2026-05-14,130A,3249B,Water Based,method_ii,3.5,6548A,4.0,0.904,strict,16,True
BULK-INV-5088-L01,BULK-INV-5088,5088,2026-05-14,130A,3249B,Water Based,method_ii,3.5,6823N-B,5.0,1.056,relaxed,17,True
BULK-INV-5088-L01,BULK-INV-5088,5088,2026-05-14,130A,3249B,Water Based,method_ii,3.5,6833A,10.0,1.074,relaxed,18,True
BULK-INV-5088-L01,BULK-INV-5088,5088,2026-05-14,130A,3249B,Water Based,method_ii,3.5,6719N-D,5.0,1.165,relaxed,19,True
BULK-INV-5088-L01,BULK-INV-5088,5088,2026-05-14,130A,3249B,Water Based,method_ii,3.5,6803B,5.0,1.196,relaxed,20,True
BULK-INV-5088-L01,BULK-INV-5088,5088,2026-05-14,130A,3249B,Water Based,method_ii,3.5,6803A,10.0,1.227,relaxed,21,True
BULK-INV-5088-L01,BULK-INV-5088,5088,2026-05-14,130A,3249B,Water Based,method_ii,3.5,6832A,10.0,1.584,review,22,True
BULK-INV-5088-L01,BULK-INV-5088,5088,2026-05-14,130A,3249B,Water Based,method_ii,3.5,6832B,6.0,1.699,review,23,True
BULK-INV-5088-L01,BULK-INV-5088,5088,2026-05-14,130A,3249B,Water Based,method_ii,3.5,6833B,10.0,2.032,review,24,True
BULK-INV-5088-L01,BULK-INV-5088,5088,2026-05-14,130A,3249B,Water Based,method_ii,3.5,6528A,10.0,2.171,review,25,True
BULK-INV-5088-L01,BULK-INV-5088,5088,2026-05-14,130A,3249B,Water Based,method_ii,3.5,6770B,10.0,2.281,review,26,True
BULK-INV-5088-L02,BULK-INV-5088,5088,2026-05-14,130,325,Paint,method_i_b,2.5,6764-B,5.0,0.13,excellent,1,True
BULK-INV-5088-L02,BULK-INV-5088,5088,2026-05-14,130,325,Paint,method_i_b,2.5,6767A,10.0,0.269,excellent,2,True
BULK-INV-5088-L02,BULK-INV-5088,5088,2026-05-14,130,325,Paint,method_i_b,2.5,6823N-C,5.0,0.269,excellent,3,True
BULK-INV-5088-L02,BULK-INV-5088,5088,2026-05-14,130,325,Paint,method_i_b,2.5,6768A,5.0,0.284,excellent,4,True
BULK-INV-5088-L02,BULK-INV-5088,5088,2026-05-14,130,325,Paint,method_i_b,2.5,6764-A,10.0,0.297,excellent,5,True
BULK-INV-5088-L02,BULK-INV-5088,5088,2026-05-14,130,325,Paint,method_i_b,2.5,6782A,10.0,0.297,excellent,6,True
BULK-INV-5088-L02,BULK-INV-5088,5088,2026-05-14,130,325,Paint,method_i_b,2.5,6781A,10.0,0.309,excellent,7,True
BULK-INV-5088-L02,BULK-INV-5088,5088,2026-05-14,130,325,Paint,method_i_b,2.5,6781B,2.0,0.311,excellent,8,False
BULK-INV-5088-L02,BULK-INV-5088,5088,2026-05-14,130,325,Paint,method_i_b,2.5,6785A,10.0,0.323,excellent,9,True
BULK-INV-5088-L02,BULK-INV-5088,5088,2026-05-14,130,325,Paint,method_i_b,2.5,6823N-D,5.0,0.342,excellent,10,True
BULK-INV-5088-L02,BULK-INV-5088,5088,2026-05-14,130,325,Paint,method_i_b,2.5,6824N-A,5.0,0.363,excellent,11,True
BULK-INV-5088-L02,BULK-INV-5088,5088,2026-05-14,130,325,Paint,method_i_b,2.5,6822N-C,5.0,0.369,excellent,12,True
BULK-INV-5088-L02,BULK-INV-5088,5088,2026-05-14,130,325,Paint,method_i_b,2.5,6767B,10.0,0.371,excellent,13,True
BULK-INV-5088-L02,BULK-INV-5088,5088,2026-05-14,130,325,Paint,method_i_b,2.5,6828N-A,5.0,0.371,excellent,14,True
BULK-INV-5088-L02,BULK-INV-5088,5088,2026-05-14,130,325,Paint,method_i_b,2.5,6770A,10.0,0.387,excellent,15,True
BULK-INV-5088-L02,BULK-INV-5088,5088,2026-05-14,130,325,Paint,method_i_b,2.5,6784B,7.0,0.396,excellent,16,True
BULK-INV-5088-L02,BULK-INV-5088,5088,2026-05-14,130,325,Paint,method_i_b,2.5,6784A,10.0,0.415,excellent,17,True
BULK-INV-5088-L02,BULK-INV-5088,5088,2026-05-14,130,325,Paint,method_i_b,2.5,6828N-D,5.0,0.446,excellent,18,True
BULK-INV-5088-L02,BULK-INV-5088,5088,2026-05-14,130,325,Paint,method_i_b,2.5,6785B,10.0,0.453,excellent,19,True
BULK-INV-5088-L02,BULK-INV-5088,5088,2026-05-14,130,325,Paint,method_i_b,2.5,6563A,6.0,0.54,excellent,20,True
BULK-INV-5088-L02,BULK-INV-5088,5088,2026-05-14,130,325,Paint,method_i_b,2.5,6822N-D,5.0,0.559,excellent,21,True
BULK-INV-5088-L02,BULK-INV-5088,5088,2026-05-14,130,325,Paint,method_i_b,2.5,6823N-A,5.0,0.602,strict,22,True
BULK-INV-5088-L02,BULK-INV-5088,5088,2026-05-14,130,325,Paint,method_i_b,2.5,6127A,5.0,0.633,strict,23,True
BULK-INV-5088-L02,BULK-INV-5088,5088,2026-05-14,130,325,Paint,method_i_b,2.5,6828N-C,5.0,0.661,strict,24,True
BULK-INV-5088-L02,BULK-INV-5088,5088,2026-05-14,130,325,Paint,method_i_b,2.5,6812B,10.0,0.72,strict,25,True
BULK-INV-5088-L02,BULK-INV-5088,5088,2026-05-14,130,325,Paint,method_i_b,2.5,6812A,10.0,0.836,strict,26,True
BULK-INV-5088-L02,BULK-INV-5088,5088,2026-05-14,130,325,Paint,method_i_b,2.5,6566A,6.0,0.872,strict,27,True
BULK-INV-5088-L02,BULK-INV-5088,5088,2026-05-14,130,325,Paint,method_i_b,2.5,6566A,5.0,0.872,strict,28,True
BULK-INV-5088-L02,BULK-INV-5088,5088,2026-05-14,130,325,Paint,method_i_b,2.5,6778N-B,5.0,1.01,relaxed,29,True
BULK-INV-5088-L02,BULK-INV-5088,5088,2026-05-14,130,325,Paint,method_i_b,2.5,6826N-D,5.0,1.094,relaxed,30,True
BULK-INV-5088-L02,BULK-INV-5088,5088,2026-05-14,130,325,Paint,method_i_b,2.5,6827N-A,5.0,1.231,relaxed,31,True
BULK-INV-5090-L01,BULK-INV-5090,5090,2026-04-01,130A,3249B,Water Based,method_ii,1.0,6802A,10.0,0.119,excellent,1,True
BULK-INV-5090-L01,BULK-INV-5090,5090,2026-04-01,130A,3249B,Water Based,method_ii,1.0,6796A,10.0,0.161,excellent,2,True
BULK-INV-5090-L01,BULK-INV-5090,5090,2026-04-01,130A,3249B,Water Based,method_ii,1.0,6801A,10.0,0.212,excellent,3,True
BULK-INV-5090-L01,BULK-INV-5090,5090,2026-04-01,130A,3249B,Water Based,method_ii,1.0,6789A,10.0,0.214,excellent,4,True
BULK-INV-5090-L01,BULK-INV-5090,5090,2026-04-01,130A,3249B,Water Based,method_ii,1.0,6822N-A,5.0,0.331,excellent,5,True
BULK-INV-5090-L01,BULK-INV-5090,5090,2026-04-01,130A,3249B,Water Based,method_ii,1.0,6797A,10.0,0.335,excellent,6,True
BULK-INV-5090-L01,BULK-INV-5090,5090,2026-04-01,130A,3249B,Water Based,method_ii,1.0,6787A,10.0,0.35,excellent,7,True
BULK-INV-5090-L01,BULK-INV-5090,5090,2026-04-01,130A,3249B,Water Based,method_ii,1.0,6802B,10.0,0.351,excellent,8,True
BULK-INV-5090-L01,BULK-INV-5090,5090,2026-04-01,130A,3249B,Water Based,method_ii,1.0,6788B,10.0,0.373,excellent,9,True
BULK-INV-5090-L01,BULK-INV-5090,5090,2026-04-01,130A,3249B,Water Based,method_ii,1.0,6796B,8.0,0.375,excellent,10,True
BULK-INV-5090-L01,BULK-INV-5090,5090,2026-04-01,130A,3249B,Water Based,method_ii,1.0,6801B,4.0,0.404,excellent,11,True
BULK-INV-5090-L01,BULK-INV-5090,5090,2026-04-01,130A,3249B,Water Based,method_ii,1.0,6788A,10.0,0.508,excellent,12,True
BULK-INV-5090-L01,BULK-INV-5090,5090,2026-04-01,130A,3249B,Water Based,method_ii,1.0,6797B,7.0,0.685,strict,13,True
BULK-INV-5090-L01,BULK-INV-5090,5090,2026-04-01,130A,3249B,Water Based,method_ii,1.0,6789B,10.0,0.76,strict,14,True
BULK-INV-5090-L01,BULK-INV-5090,5090,2026-04-01,130A,3249B,Water Based,method_ii,1.0,6787B,7.0,0.797,strict,15,True
BULK-INV-5090-L01,BULK-INV-5090,5090,2026-04-01,130A,3249B,Water Based,method_ii,1.0,6548A,4.0,0.904,strict,16,True
BULK-INV-5090-L01,BULK-INV-5090,5090,2026-04-01,130A,3249B,Water Based,method_ii,1.0,6823N-B,5.0,1.056,relaxed,17,True
BULK-INV-5090-L01,BULK-INV-5090,5090,2026-04-01,130A,3249B,Water Based,method_ii,1.0,6833A,10.0,1.074,relaxed,18,True
BULK-INV-5090-L01,BULK-INV-5090,5090,2026-04-01,130A,3249B,Water Based,method_ii,1.0,6719N-D,5.0,1.165,relaxed,19,True
BULK-INV-5090-L01,BULK-INV-5090,5090,2026-04-01,130A,3249B,Water Based,method_ii,1.0,6803B,5.0,1.196,relaxed,20,True
BULK-INV-5090-L01,BULK-INV-5090,5090,2026-04-01,130A,3249B,Water Based,method_ii,1.0,6803A,10.0,1.227,relaxed,21,True
BULK-INV-5090-L01,BULK-INV-5090,5090,2026-04-01,130A,3249B,Water Based,method_ii,1.0,6832A,10.0,1.584,review,22,True
BULK-INV-5090-L01,BULK-INV-5090,5090,2026-04-01,130A,3249B,Water Based,method_ii,1.0,6832B,6.0,1.699,review,23,True
BULK-INV-5090-L01,BULK-INV-5090,5090,2026-04-01,130A,3249B,Water Based,method_ii,1.0,6833B,10.0,2.032,review,24,True
BULK-INV-5090-L01,BULK-INV-5090,5090,2026-04-01,130A,3249B,Water Based,method_ii,1.0,6528A,10.0,2.171,review,25,True
BULK-INV-5090-L01,BULK-INV-5090,5090,2026-04-01,130A,3249B,Water Based,method_ii,1.0,6770B,10.0,2.281,review,26,True
BULK-INV-5090-L02,BULK-INV-5090,5090,2026-04-01,130,325,Water Based,method_ii,2.0,6778N-B,5.0,0.292,excellent,1,True
BULK-INV-5090-L02,BULK-INV-5090,5090,2026-04-01,130,325,Water Based,method_ii,2.0,6823N-D,5.0,0.493,excellent,2,True
BULK-INV-5090-L02,BULK-INV-5090,5090,2026-04-01,130,325,Water Based,method_ii,2.0,6824N-A,5.0,0.52,excellent,3,True
BULK-INV-5090-L02,BULK-INV-5090,5090,2026-04-01,130,325,Water Based,method_ii,2.0,6823N-C,5.0,0.623,strict,4,True
BULK-INV-5090-L02,BULK-INV-5090,5090,2026-04-01,130,325,Water Based,method_ii,2.0,6823N-A,5.0,0.732,strict,5,True
BULK-INV-5090-L02,BULK-INV-5090,5090,2026-04-01,130,325,Water Based,method_ii,2.0,6822N-D,5.0,0.747,strict,6,True
BULK-INV-5090-L02,BULK-INV-5090,5090,2026-04-01,130,325,Water Based,method_ii,2.0,6828N-D,5.0,0.799,strict,7,True
BULK-INV-5090-L02,BULK-INV-5090,5090,2026-04-01,130,325,Water Based,method_ii,2.0,6563A,6.0,0.929,strict,8,True
BULK-INV-5090-L02,BULK-INV-5090,5090,2026-04-01,130,325,Water Based,method_ii,2.0,6764-B,5.0,0.941,strict,9,True
BULK-INV-5090-L02,BULK-INV-5090,5090,2026-04-01,130,325,Water Based,method_ii,2.0,6768A,5.0,0.957,strict,10,True
BULK-INV-5090-L02,BULK-INV-5090,5090,2026-04-01,130,325,Water Based,method_ii,2.0,6828N-A,5.0,0.974,strict,11,True
BULK-INV-5090-L02,BULK-INV-5090,5090,2026-04-01,130,325,Water Based,method_ii,2.0,6828N-C,5.0,1.052,relaxed,12,True
BULK-INV-5090-L02,BULK-INV-5090,5090,2026-04-01,130,325,Water Based,method_ii,2.0,6822N-C,5.0,1.066,relaxed,13,True
BULK-INV-5090-L02,BULK-INV-5090,5090,2026-04-01,130,325,Water Based,method_ii,2.0,6764-A,10.0,1.175,relaxed,14,True
BULK-INV-5090-L02,BULK-INV-5090,5090,2026-04-01,130,325,Water Based,method_ii,2.0,6127A,5.0,1.205,relaxed,15,True
BULK-INV-5090-L02,BULK-INV-5090,5090,2026-04-01,130,325,Water Based,method_ii,2.0,6767A,10.0,1.397,relaxed,16,True
BULK-INV-5090-L02,BULK-INV-5090,5090,2026-04-01,130,325,Water Based,method_ii,2.0,6566A,6.0,1.422,relaxed,17,True
BULK-INV-5090-L02,BULK-INV-5090,5090,2026-04-01,130,325,Water Based,method_ii,2.0,6566A,5.0,1.422,relaxed,18,True
BULK-INV-5090-L02,BULK-INV-5090,5090,2026-04-01,130,325,Water Based,method_ii,2.0,6785B,10.0,1.449,relaxed,19,True
BULK-INV-5090-L02,BULK-INV-5090,5090,2026-04-01,130,325,Water Based,method_ii,2.0,6767B,10.0,1.465,relaxed,20,True
BULK-INV-5090-L02,BULK-INV-5090,5090,2026-04-01,130,325,Water Based,method_ii,2.0,6812B,10.0,1.476,relaxed,21,True
BULK-INV-5090-L02,BULK-INV-5090,5090,2026-04-01,130,325,Water Based,method_ii,2.0,6784B,7.0,1.546,review,22,True
BULK-INV-5090-L02,BULK-INV-5090,5090,2026-04-01,130,325,Water Based,method_ii,2.0,6782A,10.0,1.575,review,23,True
BULK-INV-5090-L02,BULK-INV-5090,5090,2026-04-01,130,325,Water Based,method_ii,2.0,6784A,10.0,1.581,review,24,True
BULK-INV-5090-L02,BULK-INV-5090,5090,2026-04-01,130,325,Water Based,method_ii,2.0,6781B,2.0,1.623,review,25,True
BULK-INV-5090-L02,BULK-INV-5090,5090,2026-04-01,130,325,Water Based,method_ii,2.0,6785A,10.0,1.688,review,26,True
BULK-INV-5090-L02,BULK-INV-5090,5090,2026-04-01,130,325,Water Based,method_ii,2.0,6826N-D,5.0,1.84,review,27,True
BULK-INV-5090-L02,BULK-INV-5090,5090,2026-04-01,130,325,Water Based,method_ii,2.0,6781A,10.0,1.929,review,28,True
BULK-INV-5090-L02,BULK-INV-5090,5090,2026-04-01,130,325,Water Based,method_ii,2.0,6812A,10.0,1.955,review,29,True
BULK-INV-5090-L02,BULK-INV-5090,5090,2026-04-01,130,325,Water Based,method_ii,2.0,6827N-A,5.0,1.965,review,30,True
BULK-INV-5090-L02,BULK-INV-5090,5090,2026-04-01,130,325,Water Based,method_ii,2.0,6770A,10.0,2.183,review,31,True
BULK-INV-5091-L01,BULK-INV-5091,5091,2026-04-02,130A,3249B,Water Based,method_ii,7.5,6802A,10.0,0.119,excellent,1,True
BULK-INV-5091-L01,BULK-INV-5091,5091,2026-04-02,130A,3249B,Water Based,method_ii,7.5,6796A,10.0,0.161,excellent,2,True
BULK-INV-5091-L01,BULK-INV-5091,5091,2026-04-02,130A,3249B,Water Based,method_ii,7.5,6801A,10.0,0.212,excellent,3,True
BULK-INV-5091-L01,BULK-INV-5091,5091,2026-04-02,130A,3249B,Water Based,method_ii,7.5,6789A,10.0,0.214,excellent,4,True
BULK-INV-5091-L01,BULK-INV-5091,5091,2026-04-02,130A,3249B,Water Based,method_ii,7.5,6822N-A,5.0,0.331,excellent,5,False
BULK-INV-5091-L01,BULK-INV-5091,5091,2026-04-02,130A,3249B,Water Based,method_ii,7.5,6797A,10.0,0.335,excellent,6,True
BULK-INV-5091-L01,BULK-INV-5091,5091,2026-04-02,130A,3249B,Water Based,method_ii,7.5,6787A,10.0,0.35,excellent,7,True
BULK-INV-5091-L01,BULK-INV-5091,5091,2026-04-02,130A,3249B,Water Based,method_ii,7.5,6802B,10.0,0.351,excellent,8,True
BULK-INV-5091-L01,BULK-INV-5091,5091,2026-04-02,130A,3249B,Water Based,method_ii,7.5,6788B,10.0,0.373,excellent,9,True
BULK-INV-5091-L01,BULK-INV-5091,5091,2026-04-02,130A,3249B,Water Based,method_ii,7.5,6796B,8.0,0.375,excellent,10,True
BULK-INV-5091-L01,BULK-INV-5091,5091,2026-04-02,130A,3249B,Water Based,method_ii,7.5,6801B,4.0,0.404,excellent,11,False
BULK-INV-5091-L01,BULK-INV-5091,5091,2026-04-02,130A,3249B,Water Based,method_ii,7.5,6788A,10.0,0.508,excellent,12,True
BULK-INV-5091-L01,BULK-INV-5091,5091,2026-04-02,130A,3249B,Water Based,method_ii,7.5,6797B,7.0,0.685,strict,13,False
BULK-INV-5091-L01,BULK-INV-5091,5091,2026-04-02,130A,3249B,Water Based,method_ii,7.5,6789B,10.0,0.76,strict,14,True
BULK-INV-5091-L01,BULK-INV-5091,5091,2026-04-02,130A,3249B,Water Based,method_ii,7.5,6787B,7.0,0.797,strict,15,False
BULK-INV-5091-L01,BULK-INV-5091,5091,2026-04-02,130A,3249B,Water Based,method_ii,7.5,6548A,4.0,0.904,strict,16,False
BULK-INV-5091-L01,BULK-INV-5091,5091,2026-04-02,130A,3249B,Water Based,method_ii,7.5,6823N-B,5.0,1.056,relaxed,17,False
BULK-INV-5091-L01,BULK-INV-5091,5091,2026-04-02,130A,3249B,Water Based,method_ii,7.5,6833A,10.0,1.074,relaxed,18,True
BULK-INV-5091-L01,BULK-INV-5091,5091,2026-04-02,130A,3249B,Water Based,method_ii,7.5,6719N-D,5.0,1.165,relaxed,19,False
BULK-INV-5091-L01,BULK-INV-5091,5091,2026-04-02,130A,3249B,Water Based,method_ii,7.5,6803B,5.0,1.196,relaxed,20,False
BULK-INV-5091-L01,BULK-INV-5091,5091,2026-04-02,130A,3249B,Water Based,method_ii,7.5,6803A,10.0,1.227,relaxed,21,True
BULK-INV-5091-L01,BULK-INV-5091,5091,2026-04-02,130A,3249B,Water Based,method_ii,7.5,6832A,10.0,1.584,review,22,True
BULK-INV-5091-L01,BULK-INV-5091,5091,2026-04-02,130A,3249B,Water Based,method_ii,7.5,6832B,6.0,1.699,review,23,False
BULK-INV-5091-L01,BULK-INV-5091,5091,2026-04-02,130A,3249B,Water Based,method_ii,7.5,6833B,10.0,2.032,review,24,True
BULK-INV-5091-L01,BULK-INV-5091,5091,2026-04-02,130A,3249B,Water Based,method_ii,7.5,6528A,10.0,2.171,review,25,True
BULK-INV-5091-L01,BULK-INV-5091,5091,2026-04-02,130A,3249B,Water Based,method_ii,7.5,6770B,10.0,2.281,review,26,True
BULK-INV-5092-L01,BULK-INV-5092,5092,2026-04-03,130A,3249B,Water Based,method_ii,2.5,6802A,10.0,0.119,excellent,1,True
BULK-INV-5092-L01,BULK-INV-5092,5092,2026-04-03,130A,3249B,Water Based,method_ii,2.5,6796A,10.0,0.161,excellent,2,True
BULK-INV-5092-L01,BULK-INV-5092,5092,2026-04-03,130A,3249B,Water Based,method_ii,2.5,6801A,10.0,0.212,excellent,3,True
BULK-INV-5092-L01,BULK-INV-5092,5092,2026-04-03,130A,3249B,Water Based,method_ii,2.5,6789A,10.0,0.214,excellent,4,True
BULK-INV-5092-L01,BULK-INV-5092,5092,2026-04-03,130A,3249B,Water Based,method_ii,2.5,6822N-A,5.0,0.331,excellent,5,True
BULK-INV-5092-L01,BULK-INV-5092,5092,2026-04-03,130A,3249B,Water Based,method_ii,2.5,6797A,10.0,0.335,excellent,6,True
BULK-INV-5092-L01,BULK-INV-5092,5092,2026-04-03,130A,3249B,Water Based,method_ii,2.5,6787A,10.0,0.35,excellent,7,True
BULK-INV-5092-L01,BULK-INV-5092,5092,2026-04-03,130A,3249B,Water Based,method_ii,2.5,6802B,10.0,0.351,excellent,8,True
BULK-INV-5092-L01,BULK-INV-5092,5092,2026-04-03,130A,3249B,Water Based,method_ii,2.5,6788B,10.0,0.373,excellent,9,True
BULK-INV-5092-L01,BULK-INV-5092,5092,2026-04-03,130A,3249B,Water Based,method_ii,2.5,6796B,8.0,0.375,excellent,10,True
BULK-INV-5092-L01,BULK-INV-5092,5092,2026-04-03,130A,3249B,Water Based,method_ii,2.5,6801B,4.0,0.404,excellent,11,True
BULK-INV-5092-L01,BULK-INV-5092,5092,2026-04-03,130A,3249B,Water Based,method_ii,2.5,6788A,10.0,0.508,excellent,12,True
BULK-INV-5092-L01,BULK-INV-5092,5092,2026-04-03,130A,3249B,Water Based,method_ii,2.5,6797B,7.0,0.685,strict,13,True
BULK-INV-5092-L01,BULK-INV-5092,5092,2026-04-03,130A,3249B,Water Based,method_ii,2.5,6789B,10.0,0.76,strict,14,True
BULK-INV-5092-L01,BULK-INV-5092,5092,2026-04-03,130A,3249B,Water Based,method_ii,2.5,6787B,7.0,0.797,strict,15,True
BULK-INV-5092-L01,BULK-INV-5092,5092,2026-04-03,130A,3249B,Water Based,method_ii,2.5,6548A,4.0,0.904,strict,16,True
BULK-INV-5092-L01,BULK-INV-5092,5092,2026-04-03,130A,3249B,Water Based,method_ii,2.5,6823N-B,5.0,1.056,relaxed,17,True
BULK-INV-5092-L01,BULK-INV-5092,5092,2026-04-03,130A,3249B,Water Based,method_ii,2.5,6833A,10.0,1.074,relaxed,18,True
BULK-INV-5092-L01,BULK-INV-5092,5092,2026-04-03,130A,3249B,Water Based,method_ii,2.5,6719N-D,5.0,1.165,relaxed,19,True
BULK-INV-5092-L01,BULK-INV-5092,5092,2026-04-03,130A,3249B,Water Based,method_ii,2.5,6803B,5.0,1.196,relaxed,20,True
BULK-INV-5092-L01,BULK-INV-5092,5092,2026-04-03,130A,3249B,Water Based,method_ii,2.5,6803A,10.0,1.227,relaxed,21,True
BULK-INV-5092-L01,BULK-INV-5092,5092,2026-04-03,130A,3249B,Water Based,method_ii,2.5,6832A,10.0,1.584,review,22,True
BULK-INV-5092-L01,BULK-INV-5092,5092,2026-04-03,130A,3249B,Water Based,method_ii,2.5,6832B,6.0,1.699,review,23,True
BULK-INV-5092-L01,BULK-INV-5092,5092,2026-04-03,130A,3249B,Water Based,method_ii,2.5,6833B,10.0,2.032,review,24,True
BULK-INV-5092-L01,BULK-INV-5092,5092,2026-04-03,130A,3249B,Water Based,method_ii,2.5,6528A,10.0,2.171,review,25,True
BULK-INV-5092-L01,BULK-INV-5092,5092,2026-04-03,130A,3249B,Water Based,method_ii,2.5,6770B,10.0,2.281,review,26,True
BULK-INV-5092-L02,BULK-INV-5092,5092,2026-04-03,130A,3249B,Paint,method_i_b,1.0,6788A,10.0,0.017,excellent,1,True
BULK-INV-5092-L02,BULK-INV-5092,5092,2026-04-03,130A,3249B,Paint,method_i_b,1.0,6787B,7.0,0.07,excellent,2,True
BULK-INV-5092-L02,BULK-INV-5092,5092,2026-04-03,130A,3249B,Paint,method_i_b,1.0,6797B,7.0,0.082,excellent,3,True
BULK-INV-5092-L02,BULK-INV-5092,5092,2026-04-03,130A,3249B,Paint,method_i_b,1.0,6797A,10.0,0.09,excellent,4,True
BULK-INV-5092-L02,BULK-INV-5092,5092,2026-04-03,130A,3249B,Paint,method_i_b,1.0,6787A,10.0,0.101,excellent,5,True
BULK-INV-5092-L02,BULK-INV-5092,5092,2026-04-03,130A,3249B,Paint,method_i_b,1.0,6796B,8.0,0.197,excellent,6,True
BULK-INV-5092-L02,BULK-INV-5092,5092,2026-04-03,130A,3249B,Paint,method_i_b,1.0,6788B,10.0,0.271,excellent,7,True
BULK-INV-5092-L02,BULK-INV-5092,5092,2026-04-03,130A,3249B,Paint,method_i_b,1.0,6796A,10.0,0.331,excellent,8,True
BULK-INV-5092-L02,BULK-INV-5092,5092,2026-04-03,130A,3249B,Paint,method_i_b,1.0,6803B,5.0,0.429,excellent,9,True
BULK-INV-5092-L02,BULK-INV-5092,5092,2026-04-03,130A,3249B,Paint,method_i_b,1.0,6802A,10.0,0.526,excellent,10,True
BULK-INV-5092-L02,BULK-INV-5092,5092,2026-04-03,130A,3249B,Paint,method_i_b,1.0,6801B,4.0,0.59,excellent,11,True
BULK-INV-5092-L02,BULK-INV-5092,5092,2026-04-03,130A,3249B,Paint,method_i_b,1.0,6803A,10.0,0.611,strict,12,True
BULK-INV-5092-L02,BULK-INV-5092,5092,2026-04-03,130A,3249B,Paint,method_i_b,1.0,6822N-A,5.0,0.661,strict,13,True
BULK-INV-5092-L02,BULK-INV-5092,5092,2026-04-03,130A,3249B,Paint,method_i_b,1.0,6833B,10.0,0.708,strict,14,True
BULK-INV-5092-L02,BULK-INV-5092,5092,2026-04-03,130A,3249B,Paint,method_i_b,1.0,6833A,10.0,0.77,strict,15,True
BULK-INV-5092-L02,BULK-INV-5092,5092,2026-04-03,130A,3249B,Paint,method_i_b,1.0,6802B,10.0,0.827,strict,16,True
BULK-INV-5092-L02,BULK-INV-5092,5092,2026-04-03,130A,3249B,Paint,method_i_b,1.0,6548A,4.0,0.833,strict,17,True
BULK-INV-5092-L02,BULK-INV-5092,5092,2026-04-03,130A,3249B,Paint,method_i_b,1.0,6832B,6.0,0.897,strict,18,True
BULK-INV-5092-L02,BULK-INV-5092,5092,2026-04-03,130A,3249B,Paint,method_i_b,1.0,6789A,10.0,0.899,strict,19,True
BULK-INV-5092-L02,BULK-INV-5092,5092,2026-04-03,130A,3249B,Paint,method_i_b,1.0,6801A,10.0,0.915,strict,20,True
BULK-INV-5092-L02,BULK-INV-5092,5092,2026-04-03,130A,3249B,Paint,method_i_b,1.0,6832A,10.0,0.923,strict,21,True
BULK-INV-5092-L02,BULK-INV-5092,5092,2026-04-03,130A,3249B,Paint,method_i_b,1.0,6719N-D,5.0,0.961,strict,22,True
BULK-INV-5092-L02,BULK-INV-5092,5092,2026-04-03,130A,3249B,Paint,method_i_b,1.0,6789B,10.0,1.026,relaxed,23,True
BULK-INV-5092-L02,BULK-INV-5092,5092,2026-04-03,130A,3249B,Paint,method_i_b,1.0,6770B,10.0,1.095,relaxed,24,True
BULK-INV-5092-L02,BULK-INV-5092,5092,2026-04-03,130A,3249B,Paint,method_i_b,1.0,6528A,10.0,1.236,relaxed,25,True
BULK-INV-5092-L02,BULK-INV-5092,5092,2026-04-03,130A,3249B,Paint,method_i_b,1.0,6823N-B,5.0,1.393,relaxed,26,True
BULK-INV-5093-L01,BULK-INV-5093,5093,2026-04-04,130,325,Paint,method_i_b,2.5,6764-B,5.0,0.13,excellent,1,True
BULK-INV-5093-L01,BULK-INV-5093,5093,2026-04-04,130,325,Paint,method_i_b,2.5,6767A,10.0,0.269,excellent,2,True
BULK-INV-5093-L01,BULK-INV-5093,5093,2026-04-04,130,325,Paint,method_i_b,2.5,6823N-C,5.0,0.269,excellent,3,True
BULK-INV-5093-L01,BULK-INV-5093,5093,2026-04-04,130,325,Paint,method_i_b,2.5,6768A,5.0,0.284,excellent,4,True
BULK-INV-5093-L01,BULK-INV-5093,5093,2026-04-04,130,325,Paint,method_i_b,2.5,6764-A,10.0,0.297,excellent,5,True
BULK-INV-5093-L01,BULK-INV-5093,5093,2026-04-04,130,325,Paint,method_i_b,2.5,6782A,10.0,0.297,excellent,6,True
BULK-INV-5093-L01,BULK-INV-5093,5093,2026-04-04,130,325,Paint,method_i_b,2.5,6781A,10.0,0.309,excellent,7,True
BULK-INV-5093-L01,BULK-INV-5093,5093,2026-04-04,130,325,Paint,method_i_b,2.5,6781B,2.0,0.311,excellent,8,False
BULK-INV-5093-L01,BULK-INV-5093,5093,2026-04-04,130,325,Paint,method_i_b,2.5,6785A,10.0,0.323,excellent,9,True
BULK-INV-5093-L01,BULK-INV-5093,5093,2026-04-04,130,325,Paint,method_i_b,2.5,6823N-D,5.0,0.342,excellent,10,True
BULK-INV-5093-L01,BULK-INV-5093,5093,2026-04-04,130,325,Paint,method_i_b,2.5,6824N-A,5.0,0.363,excellent,11,True
BULK-INV-5093-L01,BULK-INV-5093,5093,2026-04-04,130,325,Paint,method_i_b,2.5,6822N-C,5.0,0.369,excellent,12,True
BULK-INV-5093-L01,BULK-INV-5093,5093,2026-04-04,130,325,Paint,method_i_b,2.5,6767B,10.0,0.371,excellent,13,True
BULK-INV-5093-L01,BULK-INV-5093,5093,2026-04-04,130,325,Paint,method_i_b,2.5,6828N-A,5.0,0.371,excellent,14,True
BULK-INV-5093-L01,BULK-INV-5093,5093,2026-04-04,130,325,Paint,method_i_b,2.5,6770A,10.0,0.387,excellent,15,True
BULK-INV-5093-L01,BULK-INV-5093,5093,2026-04-04,130,325,Paint,method_i_b,2.5,6784B,7.0,0.396,excellent,16,True
BULK-INV-5093-L01,BULK-INV-5093,5093,2026-04-04,130,325,Paint,method_i_b,2.5,6784A,10.0,0.415,excellent,17,True
BULK-INV-5093-L01,BULK-INV-5093,5093,2026-04-04,130,325,Paint,method_i_b,2.5,6828N-D,5.0,0.446,excellent,18,True
BULK-INV-5093-L01,BULK-INV-5093,5093,2026-04-04,130,325,Paint,method_i_b,2.5,6785B,10.0,0.453,excellent,19,True
BULK-INV-5093-L01,BULK-INV-5093,5093,2026-04-04,130,325,Paint,method_i_b,2.5,6563A,6.0,0.54,excellent,20,True
BULK-INV-5093-L01,BULK-INV-5093,5093,2026-04-04,130,325,Paint,method_i_b,2.5,6822N-D,5.0,0.559,excellent,21,True
BULK-INV-5093-L01,BULK-INV-5093,5093,2026-04-04,130,325,Paint,method_i_b,2.5,6823N-A,5.0,0.602,strict,22,True
BULK-INV-5093-L01,BULK-INV-5093,5093,2026-04-04,130,325,Paint,method_i_b,2.5,6127A,5.0,0.633,strict,23,True
BULK-INV-5093-L01,BULK-INV-5093,5093,2026-04-04,130,325,Paint,method_i_b,2.5,6828N-C,5.0,0.661,strict,24,True
BULK-INV-5093-L01,BULK-INV-5093,5093,2026-04-04,130,325,Paint,method_i_b,2.5,6812B,10.0,0.72,strict,25,True
BULK-INV-5093-L01,BULK-INV-5093,5093,2026-04-04,130,325,Paint,method_i_b,2.5,6812A,10.0,0.836,strict,26,True
BULK-INV-5093-L01,BULK-INV-5093,5093,2026-04-04,130,325,Paint,method_i_b,2.5,6566A,6.0,0.872,strict,27,True
BULK-INV-5093-L01,BULK-INV-5093,5093,2026-04-04,130,325,Paint,method_i_b,2.5,6566A,5.0,0.872,strict,28,True
BULK-INV-5093-L01,BULK-INV-5093,5093,2026-04-04,130,325,Paint,method_i_b,2.5,6778N-B,5.0,1.01,relaxed,29,True
BULK-INV-5093-L01,BULK-INV-5093,5093,2026-04-04,130,325,Paint,method_i_b,2.5,6826N-D,5.0,1.094,relaxed,30,True
BULK-INV-5093-L01,BULK-INV-5093,5093,2026-04-04,130,325,Paint,method_i_b,2.5,6827N-A,5.0,1.231,relaxed,31,True
BULK-INV-5093-L02,BULK-INV-5093,5093,2026-04-04,130A,3249B,Water Based,method_ii,0.75,6802A,10.0,0.119,excellent,1,True
BULK-INV-5093-L02,BULK-INV-5093,5093,2026-04-04,130A,3249B,Water Based,method_ii,0.75,6796A,10.0,0.161,excellent,2,True
BULK-INV-5093-L02,BULK-INV-5093,5093,2026-04-04,130A,3249B,Water Based,method_ii,0.75,6801A,10.0,0.212,excellent,3,True
BULK-INV-5093-L02,BULK-INV-5093,5093,2026-04-04,130A,3249B,Water Based,method_ii,0.75,6789A,10.0,0.214,excellent,4,True
BULK-INV-5093-L02,BULK-INV-5093,5093,2026-04-04,130A,3249B,Water Based,method_ii,0.75,6822N-A,5.0,0.331,excellent,5,True
BULK-INV-5093-L02,BULK-INV-5093,5093,2026-04-04,130A,3249B,Water Based,method_ii,0.75,6797A,10.0,0.335,excellent,6,True
BULK-INV-5093-L02,BULK-INV-5093,5093,2026-04-04,130A,3249B,Water Based,method_ii,0.75,6787A,10.0,0.35,excellent,7,True
BULK-INV-5093-L02,BULK-INV-5093,5093,2026-04-04,130A,3249B,Water Based,method_ii,0.75,6802B,10.0,0.351,excellent,8,True
BULK-INV-5093-L02,BULK-INV-5093,5093,2026-04-04,130A,3249B,Water Based,method_ii,0.75,6788B,10.0,0.373,excellent,9,True
BULK-INV-5093-L02,BULK-INV-5093,5093,2026-04-04,130A,3249B,Water Based,method_ii,0.75,6796B,8.0,0.375,excellent,10,True
BULK-INV-5093-L02,BULK-INV-5093,5093,2026-04-04,130A,3249B,Water Based,method_ii,0.75,6801B,4.0,0.404,excellent,11,True
BULK-INV-5093-L02,BULK-INV-5093,5093,2026-04-04,130A,3249B,Water Based,method_ii,0.75,6788A,10.0,0.508,excellent,12,True
BULK-INV-5093-L02,BULK-INV-5093,5093,2026-04-04,130A,3249B,Water Based,method_ii,0.75,6797B,7.0,0.685,strict,13,True
BULK-INV-5093-L02,BULK-INV-5093,5093,2026-04-04,130A,3249B,Water Based,method_ii,0.75,6789B,10.0,0.76,strict,14,True
BULK-INV-5093-L02,BULK-INV-5093,5093,2026-04-04,130A,3249B,Water Based,method_ii,0.75,6787B,7.0,0.797,strict,15,True
BULK-INV-5093-L02,BULK-INV-5093,5093,2026-04-04,130A,3249B,Water Based,method_ii,0.75,6548A,4.0,0.904,strict,16,True
BULK-INV-5093-L02,BULK-INV-5093,5093,2026-04-04,130A,3249B,Water Based,method_ii,0.75,6823N-B,5.0,1.056,relaxed,17,True
BULK-INV-5093-L02,BULK-INV-5093,5093,2026-04-04,130A,3249B,Water Based,method_ii,0.75,6833A,10.0,1.074,relaxed,18,True
BULK-INV-5093-L02,BULK-INV-5093,5093,2026-04-04,130A,3249B,Water Based,method_ii,0.75,6719N-D,5.0,1.165,relaxed,19,True
BULK-INV-5093-L02,BULK-INV-5093,5093,2026-04-04,130A,3249B,Water Based,method_ii,0.75,6803B,5.0,1.196,relaxed,20,True
BULK-INV-5093-L02,BULK-INV-5093,5093,2026-04-04,130A,3249B,Water Based,method_ii,0.75,6803A,10.0,1.227,relaxed,21,True
BULK-INV-5093-L02,BULK-INV-5093,5093,2026-04-04,130A,3249B,Water Based,method_ii,0.75,6832A,10.0,1.584,review,22,True
BULK-INV-5093-L02,BULK-INV-5093,5093,2026-04-04,130A,3249B,Water Based,method_ii,0.75,6832B,6.0,1.699,review,23,True
BULK-INV-5093-L02,BULK-INV-5093,5093,2026-04-04,130A,3249B,Water Based,method_ii,0.75,6833B,10.0,2.032,review,24,True
BULK-INV-5093-L02,BULK-INV-5093,5093,2026-04-04,130A,3249B,Water Based,method_ii,0.75,6528A,10.0,2.171,review,25,True
BULK-INV-5093-L02,BULK-INV-5093,5093,2026-04-04,130A,3249B,Water Based,method_ii,0.75,6770B,10.0,2.281,review,26,True
BULK-INV-5094-L01,BULK-INV-5094,5094,2026-04-05,130,325,Water Based,method_ii,7.5,6778N-B,5.0,0.292,excellent,1,False
BULK-INV-5094-L01,BULK-INV-5094,5094,2026-04-05,130,325,Water Based,method_ii,7.5,6823N-D,5.0,0.493,excellent,2,False
BULK-INV-5094-L01,BULK-INV-5094,5094,2026-04-05,130,325,Water Based,method_ii,7.5,6824N-A,5.0,0.52,excellent,3,False
BULK-INV-5094-L01,BULK-INV-5094,5094,2026-04-05,130,325,Water Based,method_ii,7.5,6823N-C,5.0,0.623,strict,4,False
BULK-INV-5094-L01,BULK-INV-5094,5094,2026-04-05,130,325,Water Based,method_ii,7.5,6823N-A,5.0,0.732,strict,5,False
BULK-INV-5094-L01,BULK-INV-5094,5094,2026-04-05,130,325,Water Based,method_ii,7.5,6822N-D,5.0,0.747,strict,6,False
BULK-INV-5094-L01,BULK-INV-5094,5094,2026-04-05,130,325,Water Based,method_ii,7.5,6828N-D,5.0,0.799,strict,7,False
BULK-INV-5094-L01,BULK-INV-5094,5094,2026-04-05,130,325,Water Based,method_ii,7.5,6563A,6.0,0.929,strict,8,False
BULK-INV-5094-L01,BULK-INV-5094,5094,2026-04-05,130,325,Water Based,method_ii,7.5,6764-B,5.0,0.941,strict,9,False
BULK-INV-5094-L01,BULK-INV-5094,5094,2026-04-05,130,325,Water Based,method_ii,7.5,6768A,5.0,0.957,strict,10,False
BULK-INV-5094-L01,BULK-INV-5094,5094,2026-04-05,130,325,Water Based,method_ii,7.5,6828N-A,5.0,0.974,strict,11,False
BULK-INV-5094-L01,BULK-INV-5094,5094,2026-04-05,130,325,Water Based,method_ii,7.5,6828N-C,5.0,1.052,relaxed,12,False
BULK-INV-5094-L01,BULK-INV-5094,5094,2026-04-05,130,325,Water Based,method_ii,7.5,6822N-C,5.0,1.066,relaxed,13,False
BULK-INV-5094-L01,BULK-INV-5094,5094,2026-04-05,130,325,Water Based,method_ii,7.5,6764-A,10.0,1.175,relaxed,14,True
BULK-INV-5094-L01,BULK-INV-5094,5094,2026-04-05,130,325,Water Based,method_ii,7.5,6127A,5.0,1.205,relaxed,15,False
BULK-INV-5094-L01,BULK-INV-5094,5094,2026-04-05,130,325,Water Based,method_ii,7.5,6767A,10.0,1.397,relaxed,16,True
BULK-INV-5094-L01,BULK-INV-5094,5094,2026-04-05,130,325,Water Based,method_ii,7.5,6566A,6.0,1.422,relaxed,17,False
BULK-INV-5094-L01,BULK-INV-5094,5094,2026-04-05,130,325,Water Based,method_ii,7.5,6566A,5.0,1.422,relaxed,18,False
BULK-INV-5094-L01,BULK-INV-5094,5094,2026-04-05,130,325,Water Based,method_ii,7.5,6785B,10.0,1.449,relaxed,19,True
BULK-INV-5094-L01,BULK-INV-5094,5094,2026-04-05,130,325,Water Based,method_ii,7.5,6767B,10.0,1.465,relaxed,20,True
BULK-INV-5094-L01,BULK-INV-5094,5094,2026-04-05,130,325,Water Based,method_ii,7.5,6812B,10.0,1.476,relaxed,21,True
BULK-INV-5094-L01,BULK-INV-5094,5094,2026-04-05,130,325,Water Based,method_ii,7.5,6784B,7.0,1.546,review,22,False
BULK-INV-5094-L01,BULK-INV-5094,5094,2026-04-05,130,325,Water Based,method_ii,7.5,6782A,10.0,1.575,review,23,True
BULK-INV-5094-L01,BULK-INV-5094,5094,2026-04-05,130,325,Water Based,method_ii,7.5,6784A,10.0,1.581,review,24,True
BULK-INV-5094-L01,BULK-INV-5094,5094,2026-04-05,130,325,Water Based,method_ii,7.5,6781B,2.0,1.623,review,25,False
BULK-INV-5094-L01,BULK-INV-5094,5094,2026-04-05,130,325,Water Based,method_ii,7.5,6785A,10.0,1.688,review,26,True
BULK-INV-5094-L01,BULK-INV-5094,5094,2026-04-05,130,325,Water Based,method_ii,7.5,6826N-D,5.0,1.84,review,27,False
BULK-INV-5094-L01,BULK-INV-5094,5094,2026-04-05,130,325,Water Based,method_ii,7.5,6781A,10.0,1.929,review,28,True
BULK-INV-5094-L01,BULK-INV-5094,5094,2026-04-05,130,325,Water Based,method_ii,7.5,6812A,10.0,1.955,review,29,True
BULK-INV-5094-L01,BULK-INV-5094,5094,2026-04-05,130,325,Water Based,method_ii,7.5,6827N-A,5.0,1.965,review,30,False
BULK-INV-5094-L01,BULK-INV-5094,5094,2026-04-05,130,325,Water Based,method_ii,7.5,6770A,10.0,2.183,review,31,True
BULK-INV-5094-L02,BULK-INV-5094,5094,2026-04-05,130,325,Paint,method_i_b,3.0,6764-B,5.0,0.13,excellent,1,True
BULK-INV-5094-L02,BULK-INV-5094,5094,2026-04-05,130,325,Paint,method_i_b,3.0,6767A,10.0,0.269,excellent,2,True
BULK-INV-5094-L02,BULK-INV-5094,5094,2026-04-05,130,325,Paint,method_i_b,3.0,6823N-C,5.0,0.269,excellent,3,True
BULK-INV-5094-L02,BULK-INV-5094,5094,2026-04-05,130,325,Paint,method_i_b,3.0,6768A,5.0,0.284,excellent,4,True
BULK-INV-5094-L02,BULK-INV-5094,5094,2026-04-05,130,325,Paint,method_i_b,3.0,6764-A,10.0,0.297,excellent,5,True
BULK-INV-5094-L02,BULK-INV-5094,5094,2026-04-05,130,325,Paint,method_i_b,3.0,6782A,10.0,0.297,excellent,6,True
BULK-INV-5094-L02,BULK-INV-5094,5094,2026-04-05,130,325,Paint,method_i_b,3.0,6781A,10.0,0.309,excellent,7,True
BULK-INV-5094-L02,BULK-INV-5094,5094,2026-04-05,130,325,Paint,method_i_b,3.0,6781B,2.0,0.311,excellent,8,False
BULK-INV-5094-L02,BULK-INV-5094,5094,2026-04-05,130,325,Paint,method_i_b,3.0,6785A,10.0,0.323,excellent,9,True
BULK-INV-5094-L02,BULK-INV-5094,5094,2026-04-05,130,325,Paint,method_i_b,3.0,6823N-D,5.0,0.342,excellent,10,True
BULK-INV-5094-L02,BULK-INV-5094,5094,2026-04-05,130,325,Paint,method_i_b,3.0,6824N-A,5.0,0.363,excellent,11,True
BULK-INV-5094-L02,BULK-INV-5094,5094,2026-04-05,130,325,Paint,method_i_b,3.0,6822N-C,5.0,0.369,excellent,12,True
BULK-INV-5094-L02,BULK-INV-5094,5094,2026-04-05,130,325,Paint,method_i_b,3.0,6767B,10.0,0.371,excellent,13,True
BULK-INV-5094-L02,BULK-INV-5094,5094,2026-04-05,130,325,Paint,method_i_b,3.0,6828N-A,5.0,0.371,excellent,14,True
BULK-INV-5094-L02,BULK-INV-5094,5094,2026-04-05,130,325,Paint,method_i_b,3.0,6770A,10.0,0.387,excellent,15,True
BULK-INV-5094-L02,BULK-INV-5094,5094,2026-04-05,130,325,Paint,method_i_b,3.0,6784B,7.0,0.396,excellent,16,True
BULK-INV-5094-L02,BULK-INV-5094,5094,2026-04-05,130,325,Paint,method_i_b,3.0,6784A,10.0,0.415,excellent,17,True
BULK-INV-5094-L02,BULK-INV-5094,5094,2026-04-05,130,325,Paint,method_i_b,3.0,6828N-D,5.0,0.446,excellent,18,True
BULK-INV-5094-L02,BULK-INV-5094,5094,2026-04-05,130,325,Paint,method_i_b,3.0,6785B,10.0,0.453,excellent,19,True
BULK-INV-5094-L02,BULK-INV-5094,5094,2026-04-05,130,325,Paint,method_i_b,3.0,6563A,6.0,0.54,excellent,20,True
BULK-INV-5094-L02,BULK-INV-5094,5094,2026-04-05,130,325,Paint,method_i_b,3.0,6822N-D,5.0,0.559,excellent,21,True
BULK-INV-5094-L02,BULK-INV-5094,5094,2026-04-05,130,325,Paint,method_i_b,3.0,6823N-A,5.0,0.602,strict,22,True
BULK-INV-5094-L02,BULK-INV-5094,5094,2026-04-05,130,325,Paint,method_i_b,3.0,6127A,5.0,0.633,strict,23,True
BULK-INV-5094-L02,BULK-INV-5094,5094,2026-04-05,130,325,Paint,method_i_b,3.0,6828N-C,5.0,0.661,strict,24,True
BULK-INV-5094-L02,BULK-INV-5094,5094,2026-04-05,130,325,Paint,method_i_b,3.0,6812B,10.0,0.72,strict,25,True
BULK-INV-5094-L02,BULK-INV-5094,5094,2026-04-05,130,325,Paint,method_i_b,3.0,6812A,10.0,0.836,strict,26,True
BULK-INV-5094-L02,BULK-INV-5094,5094,2026-04-05,130,325,Paint,method_i_b,3.0,6566A,6.0,0.872,strict,27,True
BULK-INV-5094-L02,BULK-INV-5094,5094,2026-04-05,130,325,Paint,method_i_b,3.0,6566A,5.0,0.872,strict,28,True
BULK-INV-5094-L02,BULK-INV-5094,5094,2026-04-05,130,325,Paint,method_i_b,3.0,6778N-B,5.0,1.01,relaxed,29,True
BULK-INV-5094-L02,BULK-INV-5094,5094,2026-04-05,130,325,Paint,method_i_b,3.0,6826N-D,5.0,1.094,relaxed,30,True
BULK-INV-5094-L02,BULK-INV-5094,5094,2026-04-05,130,325,Paint,method_i_b,3.0,6827N-A,5.0,1.231,relaxed,31,True
BULK-INV-5095-L01,BULK-INV-5095,5095,2026-04-06,130,325,Paint,method_i_b,1.5,6764-B,5.0,0.13,excellent,1,True
BULK-INV-5095-L01,BULK-INV-5095,5095,2026-04-06,130,325,Paint,method_i_b,1.5,6767A,10.0,0.269,excellent,2,True
BULK-INV-5095-L01,BULK-INV-5095,5095,2026-04-06,130,325,Paint,method_i_b,1.5,6823N-C,5.0,0.269,excellent,3,True
BULK-INV-5095-L01,BULK-INV-5095,5095,2026-04-06,130,325,Paint,method_i_b,1.5,6768A,5.0,0.284,excellent,4,True
BULK-INV-5095-L01,BULK-INV-5095,5095,2026-04-06,130,325,Paint,method_i_b,1.5,6764-A,10.0,0.297,excellent,5,True
BULK-INV-5095-L01,BULK-INV-5095,5095,2026-04-06,130,325,Paint,method_i_b,1.5,6782A,10.0,0.297,excellent,6,True
BULK-INV-5095-L01,BULK-INV-5095,5095,2026-04-06,130,325,Paint,method_i_b,1.5,6781A,10.0,0.309,excellent,7,True
BULK-INV-5095-L01,BULK-INV-5095,5095,2026-04-06,130,325,Paint,method_i_b,1.5,6781B,2.0,0.311,excellent,8,True
BULK-INV-5095-L01,BULK-INV-5095,5095,2026-04-06,130,325,Paint,method_i_b,1.5,6785A,10.0,0.323,excellent,9,True
BULK-INV-5095-L01,BULK-INV-5095,5095,2026-04-06,130,325,Paint,method_i_b,1.5,6823N-D,5.0,0.342,excellent,10,True
BULK-INV-5095-L01,BULK-INV-5095,5095,2026-04-06,130,325,Paint,method_i_b,1.5,6824N-A,5.0,0.363,excellent,11,True
BULK-INV-5095-L01,BULK-INV-5095,5095,2026-04-06,130,325,Paint,method_i_b,1.5,6822N-C,5.0,0.369,excellent,12,True
BULK-INV-5095-L01,BULK-INV-5095,5095,2026-04-06,130,325,Paint,method_i_b,1.5,6767B,10.0,0.371,excellent,13,True
BULK-INV-5095-L01,BULK-INV-5095,5095,2026-04-06,130,325,Paint,method_i_b,1.5,6828N-A,5.0,0.371,excellent,14,True
BULK-INV-5095-L01,BULK-INV-5095,5095,2026-04-06,130,325,Paint,method_i_b,1.5,6770A,10.0,0.387,excellent,15,True
BULK-INV-5095-L01,BULK-INV-5095,5095,2026-04-06,130,325,Paint,method_i_b,1.5,6784B,7.0,0.396,excellent,16,True
BULK-INV-5095-L01,BULK-INV-5095,5095,2026-04-06,130,325,Paint,method_i_b,1.5,6784A,10.0,0.415,excellent,17,True
BULK-INV-5095-L01,BULK-INV-5095,5095,2026-04-06,130,325,Paint,method_i_b,1.5,6828N-D,5.0,0.446,excellent,18,True
BULK-INV-5095-L01,BULK-INV-5095,5095,2026-04-06,130,325,Paint,method_i_b,1.5,6785B,10.0,0.453,excellent,19,True
BULK-INV-5095-L01,BULK-INV-5095,5095,2026-04-06,130,325,Paint,method_i_b,1.5,6563A,6.0,0.54,excellent,20,True
BULK-INV-5095-L01,BULK-INV-5095,5095,2026-04-06,130,325,Paint,method_i_b,1.5,6822N-D,5.0,0.559,excellent,21,True
BULK-INV-5095-L01,BULK-INV-5095,5095,2026-04-06,130,325,Paint,method_i_b,1.5,6823N-A,5.0,0.602,strict,22,True
BULK-INV-5095-L01,BULK-INV-5095,5095,2026-04-06,130,325,Paint,method_i_b,1.5,6127A,5.0,0.633,strict,23,True
BULK-INV-5095-L01,BULK-INV-5095,5095,2026-04-06,130,325,Paint,method_i_b,1.5,6828N-C,5.0,0.661,strict,24,True
BULK-INV-5095-L01,BULK-INV-5095,5095,2026-04-06,130,325,Paint,method_i_b,1.5,6812B,10.0,0.72,strict,25,True
BULK-INV-5095-L01,BULK-INV-5095,5095,2026-04-06,130,325,Paint,method_i_b,1.5,6812A,10.0,0.836,strict,26,True
BULK-INV-5095-L01,BULK-INV-5095,5095,2026-04-06,130,325,Paint,method_i_b,1.5,6566A,6.0,0.872,strict,27,True
BULK-INV-5095-L01,BULK-INV-5095,5095,2026-04-06,130,325,Paint,method_i_b,1.5,6566A,5.0,0.872,strict,28,True
BULK-INV-5095-L01,BULK-INV-5095,5095,2026-04-06,130,325,Paint,method_i_b,1.5,6778N-B,5.0,1.01,relaxed,29,True
BULK-INV-5095-L01,BULK-INV-5095,5095,2026-04-06,130,325,Paint,method_i_b,1.5,6826N-D,5.0,1.094,relaxed,30,True
BULK-INV-5095-L01,BULK-INV-5095,5095,2026-04-06,130,325,Paint,method_i_b,1.5,6827N-A,5.0,1.231,relaxed,31,True
BULK-INV-5095-L02,BULK-INV-5095,5095,2026-04-06,130A,3249B,Paint,method_i_b,1.0,6788A,10.0,0.017,excellent,1,True
BULK-INV-5095-L02,BULK-INV-5095,5095,2026-04-06,130A,3249B,Paint,method_i_b,1.0,6787B,7.0,0.07,excellent,2,True
BULK-INV-5095-L02,BULK-INV-5095,5095,2026-04-06,130A,3249B,Paint,method_i_b,1.0,6797B,7.0,0.082,excellent,3,True
BULK-INV-5095-L02,BULK-INV-5095,5095,2026-04-06,130A,3249B,Paint,method_i_b,1.0,6797A,10.0,0.09,excellent,4,True
BULK-INV-5095-L02,BULK-INV-5095,5095,2026-04-06,130A,3249B,Paint,method_i_b,1.0,6787A,10.0,0.101,excellent,5,True
BULK-INV-5095-L02,BULK-INV-5095,5095,2026-04-06,130A,3249B,Paint,method_i_b,1.0,6796B,8.0,0.197,excellent,6,True
BULK-INV-5095-L02,BULK-INV-5095,5095,2026-04-06,130A,3249B,Paint,method_i_b,1.0,6788B,10.0,0.271,excellent,7,True
BULK-INV-5095-L02,BULK-INV-5095,5095,2026-04-06,130A,3249B,Paint,method_i_b,1.0,6796A,10.0,0.331,excellent,8,True
BULK-INV-5095-L02,BULK-INV-5095,5095,2026-04-06,130A,3249B,Paint,method_i_b,1.0,6803B,5.0,0.429,excellent,9,True
BULK-INV-5095-L02,BULK-INV-5095,5095,2026-04-06,130A,3249B,Paint,method_i_b,1.0,6802A,10.0,0.526,excellent,10,True
BULK-INV-5095-L02,BULK-INV-5095,5095,2026-04-06,130A,3249B,Paint,method_i_b,1.0,6801B,4.0,0.59,excellent,11,True
BULK-INV-5095-L02,BULK-INV-5095,5095,2026-04-06,130A,3249B,Paint,method_i_b,1.0,6803A,10.0,0.611,strict,12,True
BULK-INV-5095-L02,BULK-INV-5095,5095,2026-04-06,130A,3249B,Paint,method_i_b,1.0,6822N-A,5.0,0.661,strict,13,True
BULK-INV-5095-L02,BULK-INV-5095,5095,2026-04-06,130A,3249B,Paint,method_i_b,1.0,6833B,10.0,0.708,strict,14,True
BULK-INV-5095-L02,BULK-INV-5095,5095,2026-04-06,130A,3249B,Paint,method_i_b,1.0,6833A,10.0,0.77,strict,15,True
BULK-INV-5095-L02,BULK-INV-5095,5095,2026-04-06,130A,3249B,Paint,method_i_b,1.0,6802B,10.0,0.827,strict,16,True
BULK-INV-5095-L02,BULK-INV-5095,5095,2026-04-06,130A,3249B,Paint,method_i_b,1.0,6548A,4.0,0.833,strict,17,True
BULK-INV-5095-L02,BULK-INV-5095,5095,2026-04-06,130A,3249B,Paint,method_i_b,1.0,6832B,6.0,0.897,strict,18,True
BULK-INV-5095-L02,BULK-INV-5095,5095,2026-04-06,130A,3249B,Paint,method_i_b,1.0,6789A,10.0,0.899,strict,19,True
BULK-INV-5095-L02,BULK-INV-5095,5095,2026-04-06,130A,3249B,Paint,method_i_b,1.0,6801A,10.0,0.915,strict,20,True
BULK-INV-5095-L02,BULK-INV-5095,5095,2026-04-06,130A,3249B,Paint,method_i_b,1.0,6832A,10.0,0.923,strict,21,True
BULK-INV-5095-L02,BULK-INV-5095,5095,2026-04-06,130A,3249B,Paint,method_i_b,1.0,6719N-D,5.0,0.961,strict,22,True
BULK-INV-5095-L02,BULK-INV-5095,5095,2026-04-06,130A,3249B,Paint,method_i_b,1.0,6789B,10.0,1.026,relaxed,23,True
BULK-INV-5095-L02,BULK-INV-5095,5095,2026-04-06,130A,3249B,Paint,method_i_b,1.0,6770B,10.0,1.095,relaxed,24,True
BULK-INV-5095-L02,BULK-INV-5095,5095,2026-04-06,130A,3249B,Paint,method_i_b,1.0,6528A,10.0,1.236,relaxed,25,True
BULK-INV-5095-L02,BULK-INV-5095,5095,2026-04-06,130A,3249B,Paint,method_i_b,1.0,6823N-B,5.0,1.393,relaxed,26,True
BULK-INV-5096-L01,BULK-INV-5096,5096,2026-04-07,130,325,Paint,method_i_b,15.0,6764-B,5.0,0.13,excellent,1,False
BULK-INV-5096-L01,BULK-INV-5096,5096,2026-04-07,130,325,Paint,method_i_b,15.0,6767A,10.0,0.269,excellent,2,False
BULK-INV-5096-L01,BULK-INV-5096,5096,2026-04-07,130,325,Paint,method_i_b,15.0,6823N-C,5.0,0.269,excellent,3,False
BULK-INV-5096-L01,BULK-INV-5096,5096,2026-04-07,130,325,Paint,method_i_b,15.0,6768A,5.0,0.284,excellent,4,False
BULK-INV-5096-L01,BULK-INV-5096,5096,2026-04-07,130,325,Paint,method_i_b,15.0,6764-A,10.0,0.297,excellent,5,False
BULK-INV-5096-L01,BULK-INV-5096,5096,2026-04-07,130,325,Paint,method_i_b,15.0,6782A,10.0,0.297,excellent,6,False
BULK-INV-5096-L01,BULK-INV-5096,5096,2026-04-07,130,325,Paint,method_i_b,15.0,6781A,10.0,0.309,excellent,7,False
BULK-INV-5096-L01,BULK-INV-5096,5096,2026-04-07,130,325,Paint,method_i_b,15.0,6781B,2.0,0.311,excellent,8,False
BULK-INV-5096-L01,BULK-INV-5096,5096,2026-04-07,130,325,Paint,method_i_b,15.0,6785A,10.0,0.323,excellent,9,False
BULK-INV-5096-L01,BULK-INV-5096,5096,2026-04-07,130,325,Paint,method_i_b,15.0,6823N-D,5.0,0.342,excellent,10,False
BULK-INV-5096-L01,BULK-INV-5096,5096,2026-04-07,130,325,Paint,method_i_b,15.0,6824N-A,5.0,0.363,excellent,11,False
BULK-INV-5096-L01,BULK-INV-5096,5096,2026-04-07,130,325,Paint,method_i_b,15.0,6822N-C,5.0,0.369,excellent,12,False
BULK-INV-5096-L01,BULK-INV-5096,5096,2026-04-07,130,325,Paint,method_i_b,15.0,6767B,10.0,0.371,excellent,13,False
BULK-INV-5096-L01,BULK-INV-5096,5096,2026-04-07,130,325,Paint,method_i_b,15.0,6828N-A,5.0,0.371,excellent,14,False
BULK-INV-5096-L01,BULK-INV-5096,5096,2026-04-07,130,325,Paint,method_i_b,15.0,6770A,10.0,0.387,excellent,15,False
BULK-INV-5096-L01,BULK-INV-5096,5096,2026-04-07,130,325,Paint,method_i_b,15.0,6784B,7.0,0.396,excellent,16,False
BULK-INV-5096-L01,BULK-INV-5096,5096,2026-04-07,130,325,Paint,method_i_b,15.0,6784A,10.0,0.415,excellent,17,False
BULK-INV-5096-L01,BULK-INV-5096,5096,2026-04-07,130,325,Paint,method_i_b,15.0,6828N-D,5.0,0.446,excellent,18,False
BULK-INV-5096-L01,BULK-INV-5096,5096,2026-04-07,130,325,Paint,method_i_b,15.0,6785B,10.0,0.453,excellent,19,False
BULK-INV-5096-L01,BULK-INV-5096,5096,2026-04-07,130,325,Paint,method_i_b,15.0,6563A,6.0,0.54,excellent,20,False
BULK-INV-5096-L01,BULK-INV-5096,5096,2026-04-07,130,325,Paint,method_i_b,15.0,6822N-D,5.0,0.559,excellent,21,False
BULK-INV-5096-L01,BULK-INV-5096,5096,2026-04-07,130,325,Paint,method_i_b,15.0,6823N-A,5.0,0.602,strict,22,False
BULK-INV-5096-L01,BULK-INV-5096,5096,2026-04-07,130,325,Paint,method_i_b,15.0,6127A,5.0,0.633,strict,23,False
BULK-INV-5096-L01,BULK-INV-5096,5096,2026-04-07,130,325,Paint,method_i_b,15.0,6828N-C,5.0,0.661,strict,24,False
BULK-INV-5096-L01,BULK-INV-5096,5096,2026-04-07,130,325,Paint,method_i_b,15.0,6812B,10.0,0.72,strict,25,False
BULK-INV-5096-L01,BULK-INV-5096,5096,2026-04-07,130,325,Paint,method_i_b,15.0,6812A,10.0,0.836,strict,26,False
BULK-INV-5096-L01,BULK-INV-5096,5096,2026-04-07,130,325,Paint,method_i_b,15.0,6566A,6.0,0.872,strict,27,False
BULK-INV-5096-L01,BULK-INV-5096,5096,2026-04-07,130,325,Paint,method_i_b,15.0,6566A,5.0,0.872,strict,28,False
BULK-INV-5096-L01,BULK-INV-5096,5096,2026-04-07,130,325,Paint,method_i_b,15.0,6778N-B,5.0,1.01,relaxed,29,False
BULK-INV-5096-L01,BULK-INV-5096,5096,2026-04-07,130,325,Paint,method_i_b,15.0,6826N-D,5.0,1.094,relaxed,30,False
BULK-INV-5096-L01,BULK-INV-5096,5096,2026-04-07,130,325,Paint,method_i_b,15.0,6827N-A,5.0,1.231,relaxed,31,False
BULK-INV-5097-L01,BULK-INV-5097,5097,2026-04-08,130A,3249B,Paint,method_i_b,7.5,6788A,10.0,0.017,excellent,1,True
BULK-INV-5097-L01,BULK-INV-5097,5097,2026-04-08,130A,3249B,Paint,method_i_b,7.5,6787B,7.0,0.07,excellent,2,False
BULK-INV-5097-L01,BULK-INV-5097,5097,2026-04-08,130A,3249B,Paint,method_i_b,7.5,6797B,7.0,0.082,excellent,3,False
BULK-INV-5097-L01,BULK-INV-5097,5097,2026-04-08,130A,3249B,Paint,method_i_b,7.5,6797A,10.0,0.09,excellent,4,True
BULK-INV-5097-L01,BULK-INV-5097,5097,2026-04-08,130A,3249B,Paint,method_i_b,7.5,6787A,10.0,0.101,excellent,5,True
BULK-INV-5097-L01,BULK-INV-5097,5097,2026-04-08,130A,3249B,Paint,method_i_b,7.5,6796B,8.0,0.197,excellent,6,True
BULK-INV-5097-L01,BULK-INV-5097,5097,2026-04-08,130A,3249B,Paint,method_i_b,7.5,6788B,10.0,0.271,excellent,7,True
BULK-INV-5097-L01,BULK-INV-5097,5097,2026-04-08,130A,3249B,Paint,method_i_b,7.5,6796A,10.0,0.331,excellent,8,True
BULK-INV-5097-L01,BULK-INV-5097,5097,2026-04-08,130A,3249B,Paint,method_i_b,7.5,6803B,5.0,0.429,excellent,9,False
BULK-INV-5097-L01,BULK-INV-5097,5097,2026-04-08,130A,3249B,Paint,method_i_b,7.5,6802A,10.0,0.526,excellent,10,True
BULK-INV-5097-L01,BULK-INV-5097,5097,2026-04-08,130A,3249B,Paint,method_i_b,7.5,6801B,4.0,0.59,excellent,11,False
BULK-INV-5097-L01,BULK-INV-5097,5097,2026-04-08,130A,3249B,Paint,method_i_b,7.5,6803A,10.0,0.611,strict,12,True
BULK-INV-5097-L01,BULK-INV-5097,5097,2026-04-08,130A,3249B,Paint,method_i_b,7.5,6822N-A,5.0,0.661,strict,13,False
BULK-INV-5097-L01,BULK-INV-5097,5097,2026-04-08,130A,3249B,Paint,method_i_b,7.5,6833B,10.0,0.708,strict,14,True
BULK-INV-5097-L01,BULK-INV-5097,5097,2026-04-08,130A,3249B,Paint,method_i_b,7.5,6833A,10.0,0.77,strict,15,True
BULK-INV-5097-L01,BULK-INV-5097,5097,2026-04-08,130A,3249B,Paint,method_i_b,7.5,6802B,10.0,0.827,strict,16,True
BULK-INV-5097-L01,BULK-INV-5097,5097,2026-04-08,130A,3249B,Paint,method_i_b,7.5,6548A,4.0,0.833,strict,17,False
BULK-INV-5097-L01,BULK-INV-5097,5097,2026-04-08,130A,3249B,Paint,method_i_b,7.5,6832B,6.0,0.897,strict,18,False
BULK-INV-5097-L01,BULK-INV-5097,5097,2026-04-08,130A,3249B,Paint,method_i_b,7.5,6789A,10.0,0.899,strict,19,True
BULK-INV-5097-L01,BULK-INV-5097,5097,2026-04-08,130A,3249B,Paint,method_i_b,7.5,6801A,10.0,0.915,strict,20,True
BULK-INV-5097-L01,BULK-INV-5097,5097,2026-04-08,130A,3249B,Paint,method_i_b,7.5,6832A,10.0,0.923,strict,21,True
BULK-INV-5097-L01,BULK-INV-5097,5097,2026-04-08,130A,3249B,Paint,method_i_b,7.5,6719N-D,5.0,0.961,strict,22,False
BULK-INV-5097-L01,BULK-INV-5097,5097,2026-04-08,130A,3249B,Paint,method_i_b,7.5,6789B,10.0,1.026,relaxed,23,True
BULK-INV-5097-L01,BULK-INV-5097,5097,2026-04-08,130A,3249B,Paint,method_i_b,7.5,6770B,10.0,1.095,relaxed,24,True
BULK-INV-5097-L01,BULK-INV-5097,5097,2026-04-08,130A,3249B,Paint,method_i_b,7.5,6528A,10.0,1.236,relaxed,25,True
BULK-INV-5097-L01,BULK-INV-5097,5097,2026-04-08,130A,3249B,Paint,method_i_b,7.5,6823N-B,5.0,1.393,relaxed,26,False
BULK-INV-5098-L01,BULK-INV-5098,5098,2026-04-09,130A,3249B,Water Based,method_ii,1.5,6802A,10.0,0.119,excellent,1,True
BULK-INV-5098-L01,BULK-INV-5098,5098,2026-04-09,130A,3249B,Water Based,method_ii,1.5,6796A,10.0,0.161,excellent,2,True
BULK-INV-5098-L01,BULK-INV-5098,5098,2026-04-09,130A,3249B,Water Based,method_ii,1.5,6801A,10.0,0.212,excellent,3,True
BULK-INV-5098-L01,BULK-INV-5098,5098,2026-04-09,130A,3249B,Water Based,method_ii,1.5,6789A,10.0,0.214,excellent,4,True
BULK-INV-5098-L01,BULK-INV-5098,5098,2026-04-09,130A,3249B,Water Based,method_ii,1.5,6822N-A,5.0,0.331,excellent,5,True
BULK-INV-5098-L01,BULK-INV-5098,5098,2026-04-09,130A,3249B,Water Based,method_ii,1.5,6797A,10.0,0.335,excellent,6,True
BULK-INV-5098-L01,BULK-INV-5098,5098,2026-04-09,130A,3249B,Water Based,method_ii,1.5,6787A,10.0,0.35,excellent,7,True
BULK-INV-5098-L01,BULK-INV-5098,5098,2026-04-09,130A,3249B,Water Based,method_ii,1.5,6802B,10.0,0.351,excellent,8,True
BULK-INV-5098-L01,BULK-INV-5098,5098,2026-04-09,130A,3249B,Water Based,method_ii,1.5,6788B,10.0,0.373,excellent,9,True
BULK-INV-5098-L01,BULK-INV-5098,5098,2026-04-09,130A,3249B,Water Based,method_ii,1.5,6796B,8.0,0.375,excellent,10,True
BULK-INV-5098-L01,BULK-INV-5098,5098,2026-04-09,130A,3249B,Water Based,method_ii,1.5,6801B,4.0,0.404,excellent,11,True
BULK-INV-5098-L01,BULK-INV-5098,5098,2026-04-09,130A,3249B,Water Based,method_ii,1.5,6788A,10.0,0.508,excellent,12,True
BULK-INV-5098-L01,BULK-INV-5098,5098,2026-04-09,130A,3249B,Water Based,method_ii,1.5,6797B,7.0,0.685,strict,13,True
BULK-INV-5098-L01,BULK-INV-5098,5098,2026-04-09,130A,3249B,Water Based,method_ii,1.5,6789B,10.0,0.76,strict,14,True
BULK-INV-5098-L01,BULK-INV-5098,5098,2026-04-09,130A,3249B,Water Based,method_ii,1.5,6787B,7.0,0.797,strict,15,True
BULK-INV-5098-L01,BULK-INV-5098,5098,2026-04-09,130A,3249B,Water Based,method_ii,1.5,6548A,4.0,0.904,strict,16,True
BULK-INV-5098-L01,BULK-INV-5098,5098,2026-04-09,130A,3249B,Water Based,method_ii,1.5,6823N-B,5.0,1.056,relaxed,17,True
BULK-INV-5098-L01,BULK-INV-5098,5098,2026-04-09,130A,3249B,Water Based,method_ii,1.5,6833A,10.0,1.074,relaxed,18,True
BULK-INV-5098-L01,BULK-INV-5098,5098,2026-04-09,130A,3249B,Water Based,method_ii,1.5,6719N-D,5.0,1.165,relaxed,19,True
BULK-INV-5098-L01,BULK-INV-5098,5098,2026-04-09,130A,3249B,Water Based,method_ii,1.5,6803B,5.0,1.196,relaxed,20,True
BULK-INV-5098-L01,BULK-INV-5098,5098,2026-04-09,130A,3249B,Water Based,method_ii,1.5,6803A,10.0,1.227,relaxed,21,True
BULK-INV-5098-L01,BULK-INV-5098,5098,2026-04-09,130A,3249B,Water Based,method_ii,1.5,6832A,10.0,1.584,review,22,True
BULK-INV-5098-L01,BULK-INV-5098,5098,2026-04-09,130A,3249B,Water Based,method_ii,1.5,6832B,6.0,1.699,review,23,True
BULK-INV-5098-L01,BULK-INV-5098,5098,2026-04-09,130A,3249B,Water Based,method_ii,1.5,6833B,10.0,2.032,review,24,True
BULK-INV-5098-L01,BULK-INV-5098,5098,2026-04-09,130A,3249B,Water Based,method_ii,1.5,6528A,10.0,2.171,review,25,True
BULK-INV-5098-L01,BULK-INV-5098,5098,2026-04-09,130A,3249B,Water Based,method_ii,1.5,6770B,10.0,2.281,review,26,True
BULK-INV-5099-L01,BULK-INV-5099,5099,2026-04-10,130A,3249B,Paint,method_i_b,4.0,6788A,10.0,0.017,excellent,1,True
BULK-INV-5099-L01,BULK-INV-5099,5099,2026-04-10,130A,3249B,Paint,method_i_b,4.0,6787B,7.0,0.07,excellent,2,True
BULK-INV-5099-L01,BULK-INV-5099,5099,2026-04-10,130A,3249B,Paint,method_i_b,4.0,6797B,7.0,0.082,excellent,3,True
BULK-INV-5099-L01,BULK-INV-5099,5099,2026-04-10,130A,3249B,Paint,method_i_b,4.0,6797A,10.0,0.09,excellent,4,True
BULK-INV-5099-L01,BULK-INV-5099,5099,2026-04-10,130A,3249B,Paint,method_i_b,4.0,6787A,10.0,0.101,excellent,5,True
BULK-INV-5099-L01,BULK-INV-5099,5099,2026-04-10,130A,3249B,Paint,method_i_b,4.0,6796B,8.0,0.197,excellent,6,True
BULK-INV-5099-L01,BULK-INV-5099,5099,2026-04-10,130A,3249B,Paint,method_i_b,4.0,6788B,10.0,0.271,excellent,7,True
BULK-INV-5099-L01,BULK-INV-5099,5099,2026-04-10,130A,3249B,Paint,method_i_b,4.0,6796A,10.0,0.331,excellent,8,True
BULK-INV-5099-L01,BULK-INV-5099,5099,2026-04-10,130A,3249B,Paint,method_i_b,4.0,6803B,5.0,0.429,excellent,9,True
BULK-INV-5099-L01,BULK-INV-5099,5099,2026-04-10,130A,3249B,Paint,method_i_b,4.0,6802A,10.0,0.526,excellent,10,True
BULK-INV-5099-L01,BULK-INV-5099,5099,2026-04-10,130A,3249B,Paint,method_i_b,4.0,6801B,4.0,0.59,excellent,11,True
BULK-INV-5099-L01,BULK-INV-5099,5099,2026-04-10,130A,3249B,Paint,method_i_b,4.0,6803A,10.0,0.611,strict,12,True
BULK-INV-5099-L01,BULK-INV-5099,5099,2026-04-10,130A,3249B,Paint,method_i_b,4.0,6822N-A,5.0,0.661,strict,13,True
BULK-INV-5099-L01,BULK-INV-5099,5099,2026-04-10,130A,3249B,Paint,method_i_b,4.0,6833B,10.0,0.708,strict,14,True
BULK-INV-5099-L01,BULK-INV-5099,5099,2026-04-10,130A,3249B,Paint,method_i_b,4.0,6833A,10.0,0.77,strict,15,True
BULK-INV-5099-L01,BULK-INV-5099,5099,2026-04-10,130A,3249B,Paint,method_i_b,4.0,6802B,10.0,0.827,strict,16,True
BULK-INV-5099-L01,BULK-INV-5099,5099,2026-04-10,130A,3249B,Paint,method_i_b,4.0,6548A,4.0,0.833,strict,17,True
BULK-INV-5099-L01,BULK-INV-5099,5099,2026-04-10,130A,3249B,Paint,method_i_b,4.0,6832B,6.0,0.897,strict,18,True
BULK-INV-5099-L01,BULK-INV-5099,5099,2026-04-10,130A,3249B,Paint,method_i_b,4.0,6789A,10.0,0.899,strict,19,True
BULK-INV-5099-L01,BULK-INV-5099,5099,2026-04-10,130A,3249B,Paint,method_i_b,4.0,6801A,10.0,0.915,strict,20,True
BULK-INV-5099-L01,BULK-INV-5099,5099,2026-04-10,130A,3249B,Paint,method_i_b,4.0,6832A,10.0,0.923,strict,21,True
BULK-INV-5099-L01,BULK-INV-5099,5099,2026-04-10,130A,3249B,Paint,method_i_b,4.0,6719N-D,5.0,0.961,strict,22,True
BULK-INV-5099-L01,BULK-INV-5099,5099,2026-04-10,130A,3249B,Paint,method_i_b,4.0,6789B,10.0,1.026,relaxed,23,True
BULK-INV-5099-L01,BULK-INV-5099,5099,2026-04-10,130A,3249B,Paint,method_i_b,4.0,6770B,10.0,1.095,relaxed,24,True
BULK-INV-5099-L01,BULK-INV-5099,5099,2026-04-10,130A,3249B,Paint,method_i_b,4.0,6528A,10.0,1.236,relaxed,25,True
BULK-INV-5099-L01,BULK-INV-5099,5099,2026-04-10,130A,3249B,Paint,method_i_b,4.0,6823N-B,5.0,1.393,relaxed,26,True
BULK-INV-5100-L01,BULK-INV-5100,5100,2026-04-11,130A,3249B,Paint,method_i_b,10.0,6788A,10.0,0.017,excellent,1,True
BULK-INV-5100-L01,BULK-INV-5100,5100,2026-04-11,130A,3249B,Paint,method_i_b,10.0,6787B,7.0,0.07,excellent,2,False
BULK-INV-5100-L01,BULK-INV-5100,5100,2026-04-11,130A,3249B,Paint,method_i_b,10.0,6797B,7.0,0.082,excellent,3,False
BULK-INV-5100-L01,BULK-INV-5100,5100,2026-04-11,130A,3249B,Paint,method_i_b,10.0,6797A,10.0,0.09,excellent,4,True
BULK-INV-5100-L01,BULK-INV-5100,5100,2026-04-11,130A,3249B,Paint,method_i_b,10.0,6787A,10.0,0.101,excellent,5,True
BULK-INV-5100-L01,BULK-INV-5100,5100,2026-04-11,130A,3249B,Paint,method_i_b,10.0,6796B,8.0,0.197,excellent,6,False
BULK-INV-5100-L01,BULK-INV-5100,5100,2026-04-11,130A,3249B,Paint,method_i_b,10.0,6788B,10.0,0.271,excellent,7,True
BULK-INV-5100-L01,BULK-INV-5100,5100,2026-04-11,130A,3249B,Paint,method_i_b,10.0,6796A,10.0,0.331,excellent,8,True
BULK-INV-5100-L01,BULK-INV-5100,5100,2026-04-11,130A,3249B,Paint,method_i_b,10.0,6803B,5.0,0.429,excellent,9,False
BULK-INV-5100-L01,BULK-INV-5100,5100,2026-04-11,130A,3249B,Paint,method_i_b,10.0,6802A,10.0,0.526,excellent,10,True
BULK-INV-5100-L01,BULK-INV-5100,5100,2026-04-11,130A,3249B,Paint,method_i_b,10.0,6801B,4.0,0.59,excellent,11,False
BULK-INV-5100-L01,BULK-INV-5100,5100,2026-04-11,130A,3249B,Paint,method_i_b,10.0,6803A,10.0,0.611,strict,12,True
BULK-INV-5100-L01,BULK-INV-5100,5100,2026-04-11,130A,3249B,Paint,method_i_b,10.0,6822N-A,5.0,0.661,strict,13,False
BULK-INV-5100-L01,BULK-INV-5100,5100,2026-04-11,130A,3249B,Paint,method_i_b,10.0,6833B,10.0,0.708,strict,14,True
BULK-INV-5100-L01,BULK-INV-5100,5100,2026-04-11,130A,3249B,Paint,method_i_b,10.0,6833A,10.0,0.77,strict,15,True
BULK-INV-5100-L01,BULK-INV-5100,5100,2026-04-11,130A,3249B,Paint,method_i_b,10.0,6802B,10.0,0.827,strict,16,True
BULK-INV-5100-L01,BULK-INV-5100,5100,2026-04-11,130A,3249B,Paint,method_i_b,10.0,6548A,4.0,0.833,strict,17,False
BULK-INV-5100-L01,BULK-INV-5100,5100,2026-04-11,130A,3249B,Paint,method_i_b,10.0,6832B,6.0,0.897,strict,18,False
BULK-INV-5100-L01,BULK-INV-5100,5100,2026-04-11,130A,3249B,Paint,method_i_b,10.0,6789A,10.0,0.899,strict,19,True
BULK-INV-5100-L01,BULK-INV-5100,5100,2026-04-11,130A,3249B,Paint,method_i_b,10.0,6801A,10.0,0.915,strict,20,True
BULK-INV-5100-L01,BULK-INV-5100,5100,2026-04-11,130A,3249B,Paint,method_i_b,10.0,6832A,10.0,0.923,strict,21,True
BULK-INV-5100-L01,BULK-INV-5100,5100,2026-04-11,130A,3249B,Paint,method_i_b,10.0,6719N-D,5.0,0.961,strict,22,False
BULK-INV-5100-L01,BULK-INV-5100,5100,2026-04-11,130A,3249B,Paint,method_i_b,10.0,6789B,10.0,1.026,relaxed,23,True
BULK-INV-5100-L01,BULK-INV-5100,5100,2026-04-11,130A,3249B,Paint,method_i_b,10.0,6770B,10.0,1.095,relaxed,24,True
BULK-INV-5100-L01,BULK-INV-5100,5100,2026-04-11,130A,3249B,Paint,method_i_b,10.0,6528A,10.0,1.236,relaxed,25,True
BULK-INV-5100-L01,BULK-INV-5100,5100,2026-04-11,130A,3249B,Paint,method_i_b,10.0,6823N-B,5.0,1.393,relaxed,26,False
BULK-INV-5101-L01,BULK-INV-5101,5101,2026-04-12,130A,3249B,Paint,method_i_b,25.0,6788A,10.0,0.017,excellent,1,False
BULK-INV-5101-L01,BULK-INV-5101,5101,2026-04-12,130A,3249B,Paint,method_i_b,25.0,6787B,7.0,0.07,excellent,2,False
BULK-INV-5101-L01,BULK-INV-5101,5101,2026-04-12,130A,3249B,Paint,method_i_b,25.0,6797B,7.0,0.082,excellent,3,False
BULK-INV-5101-L01,BULK-INV-5101,5101,2026-04-12,130A,3249B,Paint,method_i_b,25.0,6797A,10.0,0.09,excellent,4,False
BULK-INV-5101-L01,BULK-INV-5101,5101,2026-04-12,130A,3249B,Paint,method_i_b,25.0,6787A,10.0,0.101,excellent,5,False
BULK-INV-5101-L01,BULK-INV-5101,5101,2026-04-12,130A,3249B,Paint,method_i_b,25.0,6796B,8.0,0.197,excellent,6,False
BULK-INV-5101-L01,BULK-INV-5101,5101,2026-04-12,130A,3249B,Paint,method_i_b,25.0,6788B,10.0,0.271,excellent,7,False
BULK-INV-5101-L01,BULK-INV-5101,5101,2026-04-12,130A,3249B,Paint,method_i_b,25.0,6796A,10.0,0.331,excellent,8,False
BULK-INV-5101-L01,BULK-INV-5101,5101,2026-04-12,130A,3249B,Paint,method_i_b,25.0,6803B,5.0,0.429,excellent,9,False
BULK-INV-5101-L01,BULK-INV-5101,5101,2026-04-12,130A,3249B,Paint,method_i_b,25.0,6802A,10.0,0.526,excellent,10,False
BULK-INV-5101-L01,BULK-INV-5101,5101,2026-04-12,130A,3249B,Paint,method_i_b,25.0,6801B,4.0,0.59,excellent,11,False
BULK-INV-5101-L01,BULK-INV-5101,5101,2026-04-12,130A,3249B,Paint,method_i_b,25.0,6803A,10.0,0.611,strict,12,False
BULK-INV-5101-L01,BULK-INV-5101,5101,2026-04-12,130A,3249B,Paint,method_i_b,25.0,6822N-A,5.0,0.661,strict,13,False
BULK-INV-5101-L01,BULK-INV-5101,5101,2026-04-12,130A,3249B,Paint,method_i_b,25.0,6833B,10.0,0.708,strict,14,False
BULK-INV-5101-L01,BULK-INV-5101,5101,2026-04-12,130A,3249B,Paint,method_i_b,25.0,6833A,10.0,0.77,strict,15,False
BULK-INV-5101-L01,BULK-INV-5101,5101,2026-04-12,130A,3249B,Paint,method_i_b,25.0,6802B,10.0,0.827,strict,16,False
BULK-INV-5101-L01,BULK-INV-5101,5101,2026-04-12,130A,3249B,Paint,method_i_b,25.0,6548A,4.0,0.833,strict,17,False
BULK-INV-5101-L01,BULK-INV-5101,5101,2026-04-12,130A,3249B,Paint,method_i_b,25.0,6832B,6.0,0.897,strict,18,False
BULK-INV-5101-L01,BULK-INV-5101,5101,2026-04-12,130A,3249B,Paint,method_i_b,25.0,6789A,10.0,0.899,strict,19,False
BULK-INV-5101-L01,BULK-INV-5101,5101,2026-04-12,130A,3249B,Paint,method_i_b,25.0,6801A,10.0,0.915,strict,20,False
BULK-INV-5101-L01,BULK-INV-5101,5101,2026-04-12,130A,3249B,Paint,method_i_b,25.0,6832A,10.0,0.923,strict,21,False
BULK-INV-5101-L01,BULK-INV-5101,5101,2026-04-12,130A,3249B,Paint,method_i_b,25.0,6719N-D,5.0,0.961,strict,22,False
BULK-INV-5101-L01,BULK-INV-5101,5101,2026-04-12,130A,3249B,Paint,method_i_b,25.0,6789B,10.0,1.026,relaxed,23,False
BULK-INV-5101-L01,BULK-INV-5101,5101,2026-04-12,130A,3249B,Paint,method_i_b,25.0,6770B,10.0,1.095,relaxed,24,False
BULK-INV-5101-L01,BULK-INV-5101,5101,2026-04-12,130A,3249B,Paint,method_i_b,25.0,6528A,10.0,1.236,relaxed,25,False
BULK-INV-5101-L01,BULK-INV-5101,5101,2026-04-12,130A,3249B,Paint,method_i_b,25.0,6823N-B,5.0,1.393,relaxed,26,False
BULK-INV-5102-L01,BULK-INV-5102,5102,2026-04-13,130,325,Water Based,method_ii,2.5,6778N-B,5.0,0.292,excellent,1,True
BULK-INV-5102-L01,BULK-INV-5102,5102,2026-04-13,130,325,Water Based,method_ii,2.5,6823N-D,5.0,0.493,excellent,2,True
BULK-INV-5102-L01,BULK-INV-5102,5102,2026-04-13,130,325,Water Based,method_ii,2.5,6824N-A,5.0,0.52,excellent,3,True
BULK-INV-5102-L01,BULK-INV-5102,5102,2026-04-13,130,325,Water Based,method_ii,2.5,6823N-C,5.0,0.623,strict,4,True
BULK-INV-5102-L01,BULK-INV-5102,5102,2026-04-13,130,325,Water Based,method_ii,2.5,6823N-A,5.0,0.732,strict,5,True
BULK-INV-5102-L01,BULK-INV-5102,5102,2026-04-13,130,325,Water Based,method_ii,2.5,6822N-D,5.0,0.747,strict,6,True
BULK-INV-5102-L01,BULK-INV-5102,5102,2026-04-13,130,325,Water Based,method_ii,2.5,6828N-D,5.0,0.799,strict,7,True
BULK-INV-5102-L01,BULK-INV-5102,5102,2026-04-13,130,325,Water Based,method_ii,2.5,6563A,6.0,0.929,strict,8,True
BULK-INV-5102-L01,BULK-INV-5102,5102,2026-04-13,130,325,Water Based,method_ii,2.5,6764-B,5.0,0.941,strict,9,True
BULK-INV-5102-L01,BULK-INV-5102,5102,2026-04-13,130,325,Water Based,method_ii,2.5,6768A,5.0,0.957,strict,10,True
BULK-INV-5102-L01,BULK-INV-5102,5102,2026-04-13,130,325,Water Based,method_ii,2.5,6828N-A,5.0,0.974,strict,11,True
BULK-INV-5102-L01,BULK-INV-5102,5102,2026-04-13,130,325,Water Based,method_ii,2.5,6828N-C,5.0,1.052,relaxed,12,True
BULK-INV-5102-L01,BULK-INV-5102,5102,2026-04-13,130,325,Water Based,method_ii,2.5,6822N-C,5.0,1.066,relaxed,13,True
BULK-INV-5102-L01,BULK-INV-5102,5102,2026-04-13,130,325,Water Based,method_ii,2.5,6764-A,10.0,1.175,relaxed,14,True
BULK-INV-5102-L01,BULK-INV-5102,5102,2026-04-13,130,325,Water Based,method_ii,2.5,6127A,5.0,1.205,relaxed,15,True
BULK-INV-5102-L01,BULK-INV-5102,5102,2026-04-13,130,325,Water Based,method_ii,2.5,6767A,10.0,1.397,relaxed,16,True
BULK-INV-5102-L01,BULK-INV-5102,5102,2026-04-13,130,325,Water Based,method_ii,2.5,6566A,6.0,1.422,relaxed,17,True
BULK-INV-5102-L01,BULK-INV-5102,5102,2026-04-13,130,325,Water Based,method_ii,2.5,6566A,5.0,1.422,relaxed,18,True
BULK-INV-5102-L01,BULK-INV-5102,5102,2026-04-13,130,325,Water Based,method_ii,2.5,6785B,10.0,1.449,relaxed,19,True
BULK-INV-5102-L01,BULK-INV-5102,5102,2026-04-13,130,325,Water Based,method_ii,2.5,6767B,10.0,1.465,relaxed,20,True
BULK-INV-5102-L01,BULK-INV-5102,5102,2026-04-13,130,325,Water Based,method_ii,2.5,6812B,10.0,1.476,relaxed,21,True
BULK-INV-5102-L01,BULK-INV-5102,5102,2026-04-13,130,325,Water Based,method_ii,2.5,6784B,7.0,1.546,review,22,True
BULK-INV-5102-L01,BULK-INV-5102,5102,2026-04-13,130,325,Water Based,method_ii,2.5,6782A,10.0,1.575,review,23,True
BULK-INV-5102-L01,BULK-INV-5102,5102,2026-04-13,130,325,Water Based,method_ii,2.5,6784A,10.0,1.581,review,24,True
BULK-INV-5102-L01,BULK-INV-5102,5102,2026-04-13,130,325,Water Based,method_ii,2.5,6781B,2.0,1.623,review,25,False
BULK-INV-5102-L01,BULK-INV-5102,5102,2026-04-13,130,325,Water Based,method_ii,2.5,6785A,10.0,1.688,review,26,True
BULK-INV-5102-L01,BULK-INV-5102,5102,2026-04-13,130,325,Water Based,method_ii,2.5,6826N-D,5.0,1.84,review,27,True
BULK-INV-5102-L01,BULK-INV-5102,5102,2026-04-13,130,325,Water Based,method_ii,2.5,6781A,10.0,1.929,review,28,True
BULK-INV-5102-L01,BULK-INV-5102,5102,2026-04-13,130,325,Water Based,method_ii,2.5,6812A,10.0,1.955,review,29,True
BULK-INV-5102-L01,BULK-INV-5102,5102,2026-04-13,130,325,Water Based,method_ii,2.5,6827N-A,5.0,1.965,review,30,True
BULK-INV-5102-L01,BULK-INV-5102,5102,2026-04-13,130,325,Water Based,method_ii,2.5,6770A,10.0,2.183,review,31,True
BULK-INV-5103-L01,BULK-INV-5103,5103,2026-04-14,130,325,Water Based,method_ii,3.0,6778N-B,5.0,0.292,excellent,1,True
BULK-INV-5103-L01,BULK-INV-5103,5103,2026-04-14,130,325,Water Based,method_ii,3.0,6823N-D,5.0,0.493,excellent,2,True
BULK-INV-5103-L01,BULK-INV-5103,5103,2026-04-14,130,325,Water Based,method_ii,3.0,6824N-A,5.0,0.52,excellent,3,True
BULK-INV-5103-L01,BULK-INV-5103,5103,2026-04-14,130,325,Water Based,method_ii,3.0,6823N-C,5.0,0.623,strict,4,True
BULK-INV-5103-L01,BULK-INV-5103,5103,2026-04-14,130,325,Water Based,method_ii,3.0,6823N-A,5.0,0.732,strict,5,True
BULK-INV-5103-L01,BULK-INV-5103,5103,2026-04-14,130,325,Water Based,method_ii,3.0,6822N-D,5.0,0.747,strict,6,True
BULK-INV-5103-L01,BULK-INV-5103,5103,2026-04-14,130,325,Water Based,method_ii,3.0,6828N-D,5.0,0.799,strict,7,True
BULK-INV-5103-L01,BULK-INV-5103,5103,2026-04-14,130,325,Water Based,method_ii,3.0,6563A,6.0,0.929,strict,8,True
BULK-INV-5103-L01,BULK-INV-5103,5103,2026-04-14,130,325,Water Based,method_ii,3.0,6764-B,5.0,0.941,strict,9,True
BULK-INV-5103-L01,BULK-INV-5103,5103,2026-04-14,130,325,Water Based,method_ii,3.0,6768A,5.0,0.957,strict,10,True
BULK-INV-5103-L01,BULK-INV-5103,5103,2026-04-14,130,325,Water Based,method_ii,3.0,6828N-A,5.0,0.974,strict,11,True
BULK-INV-5103-L01,BULK-INV-5103,5103,2026-04-14,130,325,Water Based,method_ii,3.0,6828N-C,5.0,1.052,relaxed,12,True
BULK-INV-5103-L01,BULK-INV-5103,5103,2026-04-14,130,325,Water Based,method_ii,3.0,6822N-C,5.0,1.066,relaxed,13,True
BULK-INV-5103-L01,BULK-INV-5103,5103,2026-04-14,130,325,Water Based,method_ii,3.0,6764-A,10.0,1.175,relaxed,14,True
BULK-INV-5103-L01,BULK-INV-5103,5103,2026-04-14,130,325,Water Based,method_ii,3.0,6127A,5.0,1.205,relaxed,15,True
BULK-INV-5103-L01,BULK-INV-5103,5103,2026-04-14,130,325,Water Based,method_ii,3.0,6767A,10.0,1.397,relaxed,16,True
BULK-INV-5103-L01,BULK-INV-5103,5103,2026-04-14,130,325,Water Based,method_ii,3.0,6566A,6.0,1.422,relaxed,17,True
BULK-INV-5103-L01,BULK-INV-5103,5103,2026-04-14,130,325,Water Based,method_ii,3.0,6566A,5.0,1.422,relaxed,18,True
BULK-INV-5103-L01,BULK-INV-5103,5103,2026-04-14,130,325,Water Based,method_ii,3.0,6785B,10.0,1.449,relaxed,19,True
BULK-INV-5103-L01,BULK-INV-5103,5103,2026-04-14,130,325,Water Based,method_ii,3.0,6767B,10.0,1.465,relaxed,20,True
BULK-INV-5103-L01,BULK-INV-5103,5103,2026-04-14,130,325,Water Based,method_ii,3.0,6812B,10.0,1.476,relaxed,21,True
BULK-INV-5103-L01,BULK-INV-5103,5103,2026-04-14,130,325,Water Based,method_ii,3.0,6784B,7.0,1.546,review,22,True
BULK-INV-5103-L01,BULK-INV-5103,5103,2026-04-14,130,325,Water Based,method_ii,3.0,6782A,10.0,1.575,review,23,True
BULK-INV-5103-L01,BULK-INV-5103,5103,2026-04-14,130,325,Water Based,method_ii,3.0,6784A,10.0,1.581,review,24,True
BULK-INV-5103-L01,BULK-INV-5103,5103,2026-04-14,130,325,Water Based,method_ii,3.0,6781B,2.0,1.623,review,25,False
BULK-INV-5103-L01,BULK-INV-5103,5103,2026-04-14,130,325,Water Based,method_ii,3.0,6785A,10.0,1.688,review,26,True
BULK-INV-5103-L01,BULK-INV-5103,5103,2026-04-14,130,325,Water Based,method_ii,3.0,6826N-D,5.0,1.84,review,27,True
BULK-INV-5103-L01,BULK-INV-5103,5103,2026-04-14,130,325,Water Based,method_ii,3.0,6781A,10.0,1.929,review,28,True
BULK-INV-5103-L01,BULK-INV-5103,5103,2026-04-14,130,325,Water Based,method_ii,3.0,6812A,10.0,1.955,review,29,True
BULK-INV-5103-L01,BULK-INV-5103,5103,2026-04-14,130,325,Water Based,method_ii,3.0,6827N-A,5.0,1.965,review,30,True
BULK-INV-5103-L01,BULK-INV-5103,5103,2026-04-14,130,325,Water Based,method_ii,3.0,6770A,10.0,2.183,review,31,True
BULK-INV-5103-L02,BULK-INV-5103,5103,2026-04-14,130,325,Water Based,method_ii,2.0,6778N-B,5.0,0.292,excellent,1,True
BULK-INV-5103-L02,BULK-INV-5103,5103,2026-04-14,130,325,Water Based,method_ii,2.0,6823N-D,5.0,0.493,excellent,2,True
BULK-INV-5103-L02,BULK-INV-5103,5103,2026-04-14,130,325,Water Based,method_ii,2.0,6824N-A,5.0,0.52,excellent,3,True
BULK-INV-5103-L02,BULK-INV-5103,5103,2026-04-14,130,325,Water Based,method_ii,2.0,6823N-C,5.0,0.623,strict,4,True
BULK-INV-5103-L02,BULK-INV-5103,5103,2026-04-14,130,325,Water Based,method_ii,2.0,6823N-A,5.0,0.732,strict,5,True
BULK-INV-5103-L02,BULK-INV-5103,5103,2026-04-14,130,325,Water Based,method_ii,2.0,6822N-D,5.0,0.747,strict,6,True
BULK-INV-5103-L02,BULK-INV-5103,5103,2026-04-14,130,325,Water Based,method_ii,2.0,6828N-D,5.0,0.799,strict,7,True
BULK-INV-5103-L02,BULK-INV-5103,5103,2026-04-14,130,325,Water Based,method_ii,2.0,6563A,6.0,0.929,strict,8,True
BULK-INV-5103-L02,BULK-INV-5103,5103,2026-04-14,130,325,Water Based,method_ii,2.0,6764-B,5.0,0.941,strict,9,True
BULK-INV-5103-L02,BULK-INV-5103,5103,2026-04-14,130,325,Water Based,method_ii,2.0,6768A,5.0,0.957,strict,10,True
BULK-INV-5103-L02,BULK-INV-5103,5103,2026-04-14,130,325,Water Based,method_ii,2.0,6828N-A,5.0,0.974,strict,11,True
BULK-INV-5103-L02,BULK-INV-5103,5103,2026-04-14,130,325,Water Based,method_ii,2.0,6828N-C,5.0,1.052,relaxed,12,True
BULK-INV-5103-L02,BULK-INV-5103,5103,2026-04-14,130,325,Water Based,method_ii,2.0,6822N-C,5.0,1.066,relaxed,13,True
BULK-INV-5103-L02,BULK-INV-5103,5103,2026-04-14,130,325,Water Based,method_ii,2.0,6764-A,10.0,1.175,relaxed,14,True
BULK-INV-5103-L02,BULK-INV-5103,5103,2026-04-14,130,325,Water Based,method_ii,2.0,6127A,5.0,1.205,relaxed,15,True
BULK-INV-5103-L02,BULK-INV-5103,5103,2026-04-14,130,325,Water Based,method_ii,2.0,6767A,10.0,1.397,relaxed,16,True
BULK-INV-5103-L02,BULK-INV-5103,5103,2026-04-14,130,325,Water Based,method_ii,2.0,6566A,6.0,1.422,relaxed,17,True
BULK-INV-5103-L02,BULK-INV-5103,5103,2026-04-14,130,325,Water Based,method_ii,2.0,6566A,5.0,1.422,relaxed,18,True
BULK-INV-5103-L02,BULK-INV-5103,5103,2026-04-14,130,325,Water Based,method_ii,2.0,6785B,10.0,1.449,relaxed,19,True
BULK-INV-5103-L02,BULK-INV-5103,5103,2026-04-14,130,325,Water Based,method_ii,2.0,6767B,10.0,1.465,relaxed,20,True
BULK-INV-5103-L02,BULK-INV-5103,5103,2026-04-14,130,325,Water Based,method_ii,2.0,6812B,10.0,1.476,relaxed,21,True
BULK-INV-5103-L02,BULK-INV-5103,5103,2026-04-14,130,325,Water Based,method_ii,2.0,6784B,7.0,1.546,review,22,True
BULK-INV-5103-L02,BULK-INV-5103,5103,2026-04-14,130,325,Water Based,method_ii,2.0,6782A,10.0,1.575,review,23,True
BULK-INV-5103-L02,BULK-INV-5103,5103,2026-04-14,130,325,Water Based,method_ii,2.0,6784A,10.0,1.581,review,24,True
BULK-INV-5103-L02,BULK-INV-5103,5103,2026-04-14,130,325,Water Based,method_ii,2.0,6781B,2.0,1.623,review,25,True
BULK-INV-5103-L02,BULK-INV-5103,5103,2026-04-14,130,325,Water Based,method_ii,2.0,6785A,10.0,1.688,review,26,True
BULK-INV-5103-L02,BULK-INV-5103,5103,2026-04-14,130,325,Water Based,method_ii,2.0,6826N-D,5.0,1.84,review,27,True
BULK-INV-5103-L02,BULK-INV-5103,5103,2026-04-14,130,325,Water Based,method_ii,2.0,6781A,10.0,1.929,review,28,True
BULK-INV-5103-L02,BULK-INV-5103,5103,2026-04-14,130,325,Water Based,method_ii,2.0,6812A,10.0,1.955,review,29,True
BULK-INV-5103-L02,BULK-INV-5103,5103,2026-04-14,130,325,Water Based,method_ii,2.0,6827N-A,5.0,1.965,review,30,True
BULK-INV-5103-L02,BULK-INV-5103,5103,2026-04-14,130,325,Water Based,method_ii,2.0,6770A,10.0,2.183,review,31,True
BULK-INV-5104-L01,BULK-INV-5104,5104,2026-04-15,130,325,Water Based,method_ii,2.5,6778N-B,5.0,0.292,excellent,1,True
BULK-INV-5104-L01,BULK-INV-5104,5104,2026-04-15,130,325,Water Based,method_ii,2.5,6823N-D,5.0,0.493,excellent,2,True
BULK-INV-5104-L01,BULK-INV-5104,5104,2026-04-15,130,325,Water Based,method_ii,2.5,6824N-A,5.0,0.52,excellent,3,True
BULK-INV-5104-L01,BULK-INV-5104,5104,2026-04-15,130,325,Water Based,method_ii,2.5,6823N-C,5.0,0.623,strict,4,True
BULK-INV-5104-L01,BULK-INV-5104,5104,2026-04-15,130,325,Water Based,method_ii,2.5,6823N-A,5.0,0.732,strict,5,True
BULK-INV-5104-L01,BULK-INV-5104,5104,2026-04-15,130,325,Water Based,method_ii,2.5,6822N-D,5.0,0.747,strict,6,True
BULK-INV-5104-L01,BULK-INV-5104,5104,2026-04-15,130,325,Water Based,method_ii,2.5,6828N-D,5.0,0.799,strict,7,True
BULK-INV-5104-L01,BULK-INV-5104,5104,2026-04-15,130,325,Water Based,method_ii,2.5,6563A,6.0,0.929,strict,8,True
BULK-INV-5104-L01,BULK-INV-5104,5104,2026-04-15,130,325,Water Based,method_ii,2.5,6764-B,5.0,0.941,strict,9,True
BULK-INV-5104-L01,BULK-INV-5104,5104,2026-04-15,130,325,Water Based,method_ii,2.5,6768A,5.0,0.957,strict,10,True
BULK-INV-5104-L01,BULK-INV-5104,5104,2026-04-15,130,325,Water Based,method_ii,2.5,6828N-A,5.0,0.974,strict,11,True
BULK-INV-5104-L01,BULK-INV-5104,5104,2026-04-15,130,325,Water Based,method_ii,2.5,6828N-C,5.0,1.052,relaxed,12,True
BULK-INV-5104-L01,BULK-INV-5104,5104,2026-04-15,130,325,Water Based,method_ii,2.5,6822N-C,5.0,1.066,relaxed,13,True
BULK-INV-5104-L01,BULK-INV-5104,5104,2026-04-15,130,325,Water Based,method_ii,2.5,6764-A,10.0,1.175,relaxed,14,True
BULK-INV-5104-L01,BULK-INV-5104,5104,2026-04-15,130,325,Water Based,method_ii,2.5,6127A,5.0,1.205,relaxed,15,True
BULK-INV-5104-L01,BULK-INV-5104,5104,2026-04-15,130,325,Water Based,method_ii,2.5,6767A,10.0,1.397,relaxed,16,True
BULK-INV-5104-L01,BULK-INV-5104,5104,2026-04-15,130,325,Water Based,method_ii,2.5,6566A,6.0,1.422,relaxed,17,True
BULK-INV-5104-L01,BULK-INV-5104,5104,2026-04-15,130,325,Water Based,method_ii,2.5,6566A,5.0,1.422,relaxed,18,True
BULK-INV-5104-L01,BULK-INV-5104,5104,2026-04-15,130,325,Water Based,method_ii,2.5,6785B,10.0,1.449,relaxed,19,True
BULK-INV-5104-L01,BULK-INV-5104,5104,2026-04-15,130,325,Water Based,method_ii,2.5,6767B,10.0,1.465,relaxed,20,True
BULK-INV-5104-L01,BULK-INV-5104,5104,2026-04-15,130,325,Water Based,method_ii,2.5,6812B,10.0,1.476,relaxed,21,True
BULK-INV-5104-L01,BULK-INV-5104,5104,2026-04-15,130,325,Water Based,method_ii,2.5,6784B,7.0,1.546,review,22,True
BULK-INV-5104-L01,BULK-INV-5104,5104,2026-04-15,130,325,Water Based,method_ii,2.5,6782A,10.0,1.575,review,23,True
BULK-INV-5104-L01,BULK-INV-5104,5104,2026-04-15,130,325,Water Based,method_ii,2.5,6784A,10.0,1.581,review,24,True
BULK-INV-5104-L01,BULK-INV-5104,5104,2026-04-15,130,325,Water Based,method_ii,2.5,6781B,2.0,1.623,review,25,False
BULK-INV-5104-L01,BULK-INV-5104,5104,2026-04-15,130,325,Water Based,method_ii,2.5,6785A,10.0,1.688,review,26,True
BULK-INV-5104-L01,BULK-INV-5104,5104,2026-04-15,130,325,Water Based,method_ii,2.5,6826N-D,5.0,1.84,review,27,True
BULK-INV-5104-L01,BULK-INV-5104,5104,2026-04-15,130,325,Water Based,method_ii,2.5,6781A,10.0,1.929,review,28,True
BULK-INV-5104-L01,BULK-INV-5104,5104,2026-04-15,130,325,Water Based,method_ii,2.5,6812A,10.0,1.955,review,29,True
BULK-INV-5104-L01,BULK-INV-5104,5104,2026-04-15,130,325,Water Based,method_ii,2.5,6827N-A,5.0,1.965,review,30,True
BULK-INV-5104-L01,BULK-INV-5104,5104,2026-04-15,130,325,Water Based,method_ii,2.5,6770A,10.0,2.183,review,31,True
BULK-INV-5105-L01,BULK-INV-5105,5105,2026-04-16,130A,3249B,Paint,method_i_b,1.25,6788A,10.0,0.017,excellent,1,True
BULK-INV-5105-L01,BULK-INV-5105,5105,2026-04-16,130A,3249B,Paint,method_i_b,1.25,6787B,7.0,0.07,excellent,2,True
BULK-INV-5105-L01,BULK-INV-5105,5105,2026-04-16,130A,3249B,Paint,method_i_b,1.25,6797B,7.0,0.082,excellent,3,True
BULK-INV-5105-L01,BULK-INV-5105,5105,2026-04-16,130A,3249B,Paint,method_i_b,1.25,6797A,10.0,0.09,excellent,4,True
BULK-INV-5105-L01,BULK-INV-5105,5105,2026-04-16,130A,3249B,Paint,method_i_b,1.25,6787A,10.0,0.101,excellent,5,True
BULK-INV-5105-L01,BULK-INV-5105,5105,2026-04-16,130A,3249B,Paint,method_i_b,1.25,6796B,8.0,0.197,excellent,6,True
BULK-INV-5105-L01,BULK-INV-5105,5105,2026-04-16,130A,3249B,Paint,method_i_b,1.25,6788B,10.0,0.271,excellent,7,True
BULK-INV-5105-L01,BULK-INV-5105,5105,2026-04-16,130A,3249B,Paint,method_i_b,1.25,6796A,10.0,0.331,excellent,8,True
BULK-INV-5105-L01,BULK-INV-5105,5105,2026-04-16,130A,3249B,Paint,method_i_b,1.25,6803B,5.0,0.429,excellent,9,True
BULK-INV-5105-L01,BULK-INV-5105,5105,2026-04-16,130A,3249B,Paint,method_i_b,1.25,6802A,10.0,0.526,excellent,10,True
BULK-INV-5105-L01,BULK-INV-5105,5105,2026-04-16,130A,3249B,Paint,method_i_b,1.25,6801B,4.0,0.59,excellent,11,True
BULK-INV-5105-L01,BULK-INV-5105,5105,2026-04-16,130A,3249B,Paint,method_i_b,1.25,6803A,10.0,0.611,strict,12,True
BULK-INV-5105-L01,BULK-INV-5105,5105,2026-04-16,130A,3249B,Paint,method_i_b,1.25,6822N-A,5.0,0.661,strict,13,True
BULK-INV-5105-L01,BULK-INV-5105,5105,2026-04-16,130A,3249B,Paint,method_i_b,1.25,6833B,10.0,0.708,strict,14,True
BULK-INV-5105-L01,BULK-INV-5105,5105,2026-04-16,130A,3249B,Paint,method_i_b,1.25,6833A,10.0,0.77,strict,15,True
BULK-INV-5105-L01,BULK-INV-5105,5105,2026-04-16,130A,3249B,Paint,method_i_b,1.25,6802B,10.0,0.827,strict,16,True
BULK-INV-5105-L01,BULK-INV-5105,5105,2026-04-16,130A,3249B,Paint,method_i_b,1.25,6548A,4.0,0.833,strict,17,True
BULK-INV-5105-L01,BULK-INV-5105,5105,2026-04-16,130A,3249B,Paint,method_i_b,1.25,6832B,6.0,0.897,strict,18,True
BULK-INV-5105-L01,BULK-INV-5105,5105,2026-04-16,130A,3249B,Paint,method_i_b,1.25,6789A,10.0,0.899,strict,19,True
BULK-INV-5105-L01,BULK-INV-5105,5105,2026-04-16,130A,3249B,Paint,method_i_b,1.25,6801A,10.0,0.915,strict,20,True
BULK-INV-5105-L01,BULK-INV-5105,5105,2026-04-16,130A,3249B,Paint,method_i_b,1.25,6832A,10.0,0.923,strict,21,True
BULK-INV-5105-L01,BULK-INV-5105,5105,2026-04-16,130A,3249B,Paint,method_i_b,1.25,6719N-D,5.0,0.961,strict,22,True
BULK-INV-5105-L01,BULK-INV-5105,5105,2026-04-16,130A,3249B,Paint,method_i_b,1.25,6789B,10.0,1.026,relaxed,23,True
BULK-INV-5105-L01,BULK-INV-5105,5105,2026-04-16,130A,3249B,Paint,method_i_b,1.25,6770B,10.0,1.095,relaxed,24,True
BULK-INV-5105-L01,BULK-INV-5105,5105,2026-04-16,130A,3249B,Paint,method_i_b,1.25,6528A,10.0,1.236,relaxed,25,True
BULK-INV-5105-L01,BULK-INV-5105,5105,2026-04-16,130A,3249B,Paint,method_i_b,1.25,6823N-B,5.0,1.393,relaxed,26,True
BULK-INV-5106-L01,BULK-INV-5106,5106,2026-04-17,130A,3249B,Water Based,method_ii,10.0,6802A,10.0,0.119,excellent,1,True
BULK-INV-5106-L01,BULK-INV-5106,5106,2026-04-17,130A,3249B,Water Based,method_ii,10.0,6796A,10.0,0.161,excellent,2,True
BULK-INV-5106-L01,BULK-INV-5106,5106,2026-04-17,130A,3249B,Water Based,method_ii,10.0,6801A,10.0,0.212,excellent,3,True
BULK-INV-5106-L01,BULK-INV-5106,5106,2026-04-17,130A,3249B,Water Based,method_ii,10.0,6789A,10.0,0.214,excellent,4,True
BULK-INV-5106-L01,BULK-INV-5106,5106,2026-04-17,130A,3249B,Water Based,method_ii,10.0,6822N-A,5.0,0.331,excellent,5,False
BULK-INV-5106-L01,BULK-INV-5106,5106,2026-04-17,130A,3249B,Water Based,method_ii,10.0,6797A,10.0,0.335,excellent,6,True
BULK-INV-5106-L01,BULK-INV-5106,5106,2026-04-17,130A,3249B,Water Based,method_ii,10.0,6787A,10.0,0.35,excellent,7,True
BULK-INV-5106-L01,BULK-INV-5106,5106,2026-04-17,130A,3249B,Water Based,method_ii,10.0,6802B,10.0,0.351,excellent,8,True
BULK-INV-5106-L01,BULK-INV-5106,5106,2026-04-17,130A,3249B,Water Based,method_ii,10.0,6788B,10.0,0.373,excellent,9,True
BULK-INV-5106-L01,BULK-INV-5106,5106,2026-04-17,130A,3249B,Water Based,method_ii,10.0,6796B,8.0,0.375,excellent,10,False
BULK-INV-5106-L01,BULK-INV-5106,5106,2026-04-17,130A,3249B,Water Based,method_ii,10.0,6801B,4.0,0.404,excellent,11,False
BULK-INV-5106-L01,BULK-INV-5106,5106,2026-04-17,130A,3249B,Water Based,method_ii,10.0,6788A,10.0,0.508,excellent,12,True
BULK-INV-5106-L01,BULK-INV-5106,5106,2026-04-17,130A,3249B,Water Based,method_ii,10.0,6797B,7.0,0.685,strict,13,False
BULK-INV-5106-L01,BULK-INV-5106,5106,2026-04-17,130A,3249B,Water Based,method_ii,10.0,6789B,10.0,0.76,strict,14,True
BULK-INV-5106-L01,BULK-INV-5106,5106,2026-04-17,130A,3249B,Water Based,method_ii,10.0,6787B,7.0,0.797,strict,15,False
BULK-INV-5106-L01,BULK-INV-5106,5106,2026-04-17,130A,3249B,Water Based,method_ii,10.0,6548A,4.0,0.904,strict,16,False
BULK-INV-5106-L01,BULK-INV-5106,5106,2026-04-17,130A,3249B,Water Based,method_ii,10.0,6823N-B,5.0,1.056,relaxed,17,False
BULK-INV-5106-L01,BULK-INV-5106,5106,2026-04-17,130A,3249B,Water Based,method_ii,10.0,6833A,10.0,1.074,relaxed,18,True
BULK-INV-5106-L01,BULK-INV-5106,5106,2026-04-17,130A,3249B,Water Based,method_ii,10.0,6719N-D,5.0,1.165,relaxed,19,False
BULK-INV-5106-L01,BULK-INV-5106,5106,2026-04-17,130A,3249B,Water Based,method_ii,10.0,6803B,5.0,1.196,relaxed,20,False
BULK-INV-5106-L01,BULK-INV-5106,5106,2026-04-17,130A,3249B,Water Based,method_ii,10.0,6803A,10.0,1.227,relaxed,21,True
BULK-INV-5106-L01,BULK-INV-5106,5106,2026-04-17,130A,3249B,Water Based,method_ii,10.0,6832A,10.0,1.584,review,22,True
BULK-INV-5106-L01,BULK-INV-5106,5106,2026-04-17,130A,3249B,Water Based,method_ii,10.0,6832B,6.0,1.699,review,23,False
BULK-INV-5106-L01,BULK-INV-5106,5106,2026-04-17,130A,3249B,Water Based,method_ii,10.0,6833B,10.0,2.032,review,24,True
BULK-INV-5106-L01,BULK-INV-5106,5106,2026-04-17,130A,3249B,Water Based,method_ii,10.0,6528A,10.0,2.171,review,25,True
BULK-INV-5106-L01,BULK-INV-5106,5106,2026-04-17,130A,3249B,Water Based,method_ii,10.0,6770B,10.0,2.281,review,26,True
BULK-INV-5107-L01,BULK-INV-5107,5107,2026-04-18,130A,3249B,Water Based,method_ii,3.0,6802A,10.0,0.119,excellent,1,True
BULK-INV-5107-L01,BULK-INV-5107,5107,2026-04-18,130A,3249B,Water Based,method_ii,3.0,6796A,10.0,0.161,excellent,2,True
BULK-INV-5107-L01,BULK-INV-5107,5107,2026-04-18,130A,3249B,Water Based,method_ii,3.0,6801A,10.0,0.212,excellent,3,True
BULK-INV-5107-L01,BULK-INV-5107,5107,2026-04-18,130A,3249B,Water Based,method_ii,3.0,6789A,10.0,0.214,excellent,4,True
BULK-INV-5107-L01,BULK-INV-5107,5107,2026-04-18,130A,3249B,Water Based,method_ii,3.0,6822N-A,5.0,0.331,excellent,5,True
BULK-INV-5107-L01,BULK-INV-5107,5107,2026-04-18,130A,3249B,Water Based,method_ii,3.0,6797A,10.0,0.335,excellent,6,True
BULK-INV-5107-L01,BULK-INV-5107,5107,2026-04-18,130A,3249B,Water Based,method_ii,3.0,6787A,10.0,0.35,excellent,7,True
BULK-INV-5107-L01,BULK-INV-5107,5107,2026-04-18,130A,3249B,Water Based,method_ii,3.0,6802B,10.0,0.351,excellent,8,True
BULK-INV-5107-L01,BULK-INV-5107,5107,2026-04-18,130A,3249B,Water Based,method_ii,3.0,6788B,10.0,0.373,excellent,9,True
BULK-INV-5107-L01,BULK-INV-5107,5107,2026-04-18,130A,3249B,Water Based,method_ii,3.0,6796B,8.0,0.375,excellent,10,True
BULK-INV-5107-L01,BULK-INV-5107,5107,2026-04-18,130A,3249B,Water Based,method_ii,3.0,6801B,4.0,0.404,excellent,11,True
BULK-INV-5107-L01,BULK-INV-5107,5107,2026-04-18,130A,3249B,Water Based,method_ii,3.0,6788A,10.0,0.508,excellent,12,True
BULK-INV-5107-L01,BULK-INV-5107,5107,2026-04-18,130A,3249B,Water Based,method_ii,3.0,6797B,7.0,0.685,strict,13,True
BULK-INV-5107-L01,BULK-INV-5107,5107,2026-04-18,130A,3249B,Water Based,method_ii,3.0,6789B,10.0,0.76,strict,14,True
BULK-INV-5107-L01,BULK-INV-5107,5107,2026-04-18,130A,3249B,Water Based,method_ii,3.0,6787B,7.0,0.797,strict,15,True
BULK-INV-5107-L01,BULK-INV-5107,5107,2026-04-18,130A,3249B,Water Based,method_ii,3.0,6548A,4.0,0.904,strict,16,True
BULK-INV-5107-L01,BULK-INV-5107,5107,2026-04-18,130A,3249B,Water Based,method_ii,3.0,6823N-B,5.0,1.056,relaxed,17,True
BULK-INV-5107-L01,BULK-INV-5107,5107,2026-04-18,130A,3249B,Water Based,method_ii,3.0,6833A,10.0,1.074,relaxed,18,True
BULK-INV-5107-L01,BULK-INV-5107,5107,2026-04-18,130A,3249B,Water Based,method_ii,3.0,6719N-D,5.0,1.165,relaxed,19,True
BULK-INV-5107-L01,BULK-INV-5107,5107,2026-04-18,130A,3249B,Water Based,method_ii,3.0,6803B,5.0,1.196,relaxed,20,True
BULK-INV-5107-L01,BULK-INV-5107,5107,2026-04-18,130A,3249B,Water Based,method_ii,3.0,6803A,10.0,1.227,relaxed,21,True
BULK-INV-5107-L01,BULK-INV-5107,5107,2026-04-18,130A,3249B,Water Based,method_ii,3.0,6832A,10.0,1.584,review,22,True
BULK-INV-5107-L01,BULK-INV-5107,5107,2026-04-18,130A,3249B,Water Based,method_ii,3.0,6832B,6.0,1.699,review,23,True
BULK-INV-5107-L01,BULK-INV-5107,5107,2026-04-18,130A,3249B,Water Based,method_ii,3.0,6833B,10.0,2.032,review,24,True
BULK-INV-5107-L01,BULK-INV-5107,5107,2026-04-18,130A,3249B,Water Based,method_ii,3.0,6528A,10.0,2.171,review,25,True
BULK-INV-5107-L01,BULK-INV-5107,5107,2026-04-18,130A,3249B,Water Based,method_ii,3.0,6770B,10.0,2.281,review,26,True
BULK-INV-5108-L01,BULK-INV-5108,5108,2026-04-19,130A,3249B,Water Based,method_ii,20.0,6802A,10.0,0.119,excellent,1,False
BULK-INV-5108-L01,BULK-INV-5108,5108,2026-04-19,130A,3249B,Water Based,method_ii,20.0,6796A,10.0,0.161,excellent,2,False
BULK-INV-5108-L01,BULK-INV-5108,5108,2026-04-19,130A,3249B,Water Based,method_ii,20.0,6801A,10.0,0.212,excellent,3,False
BULK-INV-5108-L01,BULK-INV-5108,5108,2026-04-19,130A,3249B,Water Based,method_ii,20.0,6789A,10.0,0.214,excellent,4,False
BULK-INV-5108-L01,BULK-INV-5108,5108,2026-04-19,130A,3249B,Water Based,method_ii,20.0,6822N-A,5.0,0.331,excellent,5,False
BULK-INV-5108-L01,BULK-INV-5108,5108,2026-04-19,130A,3249B,Water Based,method_ii,20.0,6797A,10.0,0.335,excellent,6,False
BULK-INV-5108-L01,BULK-INV-5108,5108,2026-04-19,130A,3249B,Water Based,method_ii,20.0,6787A,10.0,0.35,excellent,7,False
BULK-INV-5108-L01,BULK-INV-5108,5108,2026-04-19,130A,3249B,Water Based,method_ii,20.0,6802B,10.0,0.351,excellent,8,False
BULK-INV-5108-L01,BULK-INV-5108,5108,2026-04-19,130A,3249B,Water Based,method_ii,20.0,6788B,10.0,0.373,excellent,9,False
BULK-INV-5108-L01,BULK-INV-5108,5108,2026-04-19,130A,3249B,Water Based,method_ii,20.0,6796B,8.0,0.375,excellent,10,False
BULK-INV-5108-L01,BULK-INV-5108,5108,2026-04-19,130A,3249B,Water Based,method_ii,20.0,6801B,4.0,0.404,excellent,11,False
BULK-INV-5108-L01,BULK-INV-5108,5108,2026-04-19,130A,3249B,Water Based,method_ii,20.0,6788A,10.0,0.508,excellent,12,False
BULK-INV-5108-L01,BULK-INV-5108,5108,2026-04-19,130A,3249B,Water Based,method_ii,20.0,6797B,7.0,0.685,strict,13,False
BULK-INV-5108-L01,BULK-INV-5108,5108,2026-04-19,130A,3249B,Water Based,method_ii,20.0,6789B,10.0,0.76,strict,14,False
BULK-INV-5108-L01,BULK-INV-5108,5108,2026-04-19,130A,3249B,Water Based,method_ii,20.0,6787B,7.0,0.797,strict,15,False
BULK-INV-5108-L01,BULK-INV-5108,5108,2026-04-19,130A,3249B,Water Based,method_ii,20.0,6548A,4.0,0.904,strict,16,False
BULK-INV-5108-L01,BULK-INV-5108,5108,2026-04-19,130A,3249B,Water Based,method_ii,20.0,6823N-B,5.0,1.056,relaxed,17,False
BULK-INV-5108-L01,BULK-INV-5108,5108,2026-04-19,130A,3249B,Water Based,method_ii,20.0,6833A,10.0,1.074,relaxed,18,False
BULK-INV-5108-L01,BULK-INV-5108,5108,2026-04-19,130A,3249B,Water Based,method_ii,20.0,6719N-D,5.0,1.165,relaxed,19,False
BULK-INV-5108-L01,BULK-INV-5108,5108,2026-04-19,130A,3249B,Water Based,method_ii,20.0,6803B,5.0,1.196,relaxed,20,False
BULK-INV-5108-L01,BULK-INV-5108,5108,2026-04-19,130A,3249B,Water Based,method_ii,20.0,6803A,10.0,1.227,relaxed,21,False
BULK-INV-5108-L01,BULK-INV-5108,5108,2026-04-19,130A,3249B,Water Based,method_ii,20.0,6832A,10.0,1.584,review,22,False
BULK-INV-5108-L01,BULK-INV-5108,5108,2026-04-19,130A,3249B,Water Based,method_ii,20.0,6832B,6.0,1.699,review,23,False
BULK-INV-5108-L01,BULK-INV-5108,5108,2026-04-19,130A,3249B,Water Based,method_ii,20.0,6833B,10.0,2.032,review,24,False
BULK-INV-5108-L01,BULK-INV-5108,5108,2026-04-19,130A,3249B,Water Based,method_ii,20.0,6528A,10.0,2.171,review,25,False
BULK-INV-5108-L01,BULK-INV-5108,5108,2026-04-19,130A,3249B,Water Based,method_ii,20.0,6770B,10.0,2.281,review,26,False
BULK-INV-5109-L01,BULK-INV-5109,5109,2026-04-20,130,325,Water Based,method_ii,0.75,6778N-B,5.0,0.292,excellent,1,True
BULK-INV-5109-L01,BULK-INV-5109,5109,2026-04-20,130,325,Water Based,method_ii,0.75,6823N-D,5.0,0.493,excellent,2,True
BULK-INV-5109-L01,BULK-INV-5109,5109,2026-04-20,130,325,Water Based,method_ii,0.75,6824N-A,5.0,0.52,excellent,3,True
BULK-INV-5109-L01,BULK-INV-5109,5109,2026-04-20,130,325,Water Based,method_ii,0.75,6823N-C,5.0,0.623,strict,4,True
BULK-INV-5109-L01,BULK-INV-5109,5109,2026-04-20,130,325,Water Based,method_ii,0.75,6823N-A,5.0,0.732,strict,5,True
BULK-INV-5109-L01,BULK-INV-5109,5109,2026-04-20,130,325,Water Based,method_ii,0.75,6822N-D,5.0,0.747,strict,6,True
BULK-INV-5109-L01,BULK-INV-5109,5109,2026-04-20,130,325,Water Based,method_ii,0.75,6828N-D,5.0,0.799,strict,7,True
BULK-INV-5109-L01,BULK-INV-5109,5109,2026-04-20,130,325,Water Based,method_ii,0.75,6563A,6.0,0.929,strict,8,True
BULK-INV-5109-L01,BULK-INV-5109,5109,2026-04-20,130,325,Water Based,method_ii,0.75,6764-B,5.0,0.941,strict,9,True
BULK-INV-5109-L01,BULK-INV-5109,5109,2026-04-20,130,325,Water Based,method_ii,0.75,6768A,5.0,0.957,strict,10,True
BULK-INV-5109-L01,BULK-INV-5109,5109,2026-04-20,130,325,Water Based,method_ii,0.75,6828N-A,5.0,0.974,strict,11,True
BULK-INV-5109-L01,BULK-INV-5109,5109,2026-04-20,130,325,Water Based,method_ii,0.75,6828N-C,5.0,1.052,relaxed,12,True
BULK-INV-5109-L01,BULK-INV-5109,5109,2026-04-20,130,325,Water Based,method_ii,0.75,6822N-C,5.0,1.066,relaxed,13,True
BULK-INV-5109-L01,BULK-INV-5109,5109,2026-04-20,130,325,Water Based,method_ii,0.75,6764-A,10.0,1.175,relaxed,14,True
BULK-INV-5109-L01,BULK-INV-5109,5109,2026-04-20,130,325,Water Based,method_ii,0.75,6127A,5.0,1.205,relaxed,15,True
BULK-INV-5109-L01,BULK-INV-5109,5109,2026-04-20,130,325,Water Based,method_ii,0.75,6767A,10.0,1.397,relaxed,16,True
BULK-INV-5109-L01,BULK-INV-5109,5109,2026-04-20,130,325,Water Based,method_ii,0.75,6566A,6.0,1.422,relaxed,17,True
BULK-INV-5109-L01,BULK-INV-5109,5109,2026-04-20,130,325,Water Based,method_ii,0.75,6566A,5.0,1.422,relaxed,18,True
BULK-INV-5109-L01,BULK-INV-5109,5109,2026-04-20,130,325,Water Based,method_ii,0.75,6785B,10.0,1.449,relaxed,19,True
BULK-INV-5109-L01,BULK-INV-5109,5109,2026-04-20,130,325,Water Based,method_ii,0.75,6767B,10.0,1.465,relaxed,20,True
BULK-INV-5109-L01,BULK-INV-5109,5109,2026-04-20,130,325,Water Based,method_ii,0.75,6812B,10.0,1.476,relaxed,21,True
BULK-INV-5109-L01,BULK-INV-5109,5109,2026-04-20,130,325,Water Based,method_ii,0.75,6784B,7.0,1.546,review,22,True
BULK-INV-5109-L01,BULK-INV-5109,5109,2026-04-20,130,325,Water Based,method_ii,0.75,6782A,10.0,1.575,review,23,True
BULK-INV-5109-L01,BULK-INV-5109,5109,2026-04-20,130,325,Water Based,method_ii,0.75,6784A,10.0,1.581,review,24,True
BULK-INV-5109-L01,BULK-INV-5109,5109,2026-04-20,130,325,Water Based,method_ii,0.75,6781B,2.0,1.623,review,25,True
BULK-INV-5109-L01,BULK-INV-5109,5109,2026-04-20,130,325,Water Based,method_ii,0.75,6785A,10.0,1.688,review,26,True
BULK-INV-5109-L01,BULK-INV-5109,5109,2026-04-20,130,325,Water Based,method_ii,0.75,6826N-D,5.0,1.84,review,27,True
BULK-INV-5109-L01,BULK-INV-5109,5109,2026-04-20,130,325,Water Based,method_ii,0.75,6781A,10.0,1.929,review,28,True
BULK-INV-5109-L01,BULK-INV-5109,5109,2026-04-20,130,325,Water Based,method_ii,0.75,6812A,10.0,1.955,review,29,True
BULK-INV-5109-L01,BULK-INV-5109,5109,2026-04-20,130,325,Water Based,method_ii,0.75,6827N-A,5.0,1.965,review,30,True
BULK-INV-5109-L01,BULK-INV-5109,5109,2026-04-20,130,325,Water Based,method_ii,0.75,6770A,10.0,2.183,review,31,True
BULK-INV-5111-L01,BULK-INV-5111,5111,2026-04-22,130,325,Water Based,method_ii,2.0,6778N-B,5.0,0.292,excellent,1,True
BULK-INV-5111-L01,BULK-INV-5111,5111,2026-04-22,130,325,Water Based,method_ii,2.0,6823N-D,5.0,0.493,excellent,2,True
BULK-INV-5111-L01,BULK-INV-5111,5111,2026-04-22,130,325,Water Based,method_ii,2.0,6824N-A,5.0,0.52,excellent,3,True
BULK-INV-5111-L01,BULK-INV-5111,5111,2026-04-22,130,325,Water Based,method_ii,2.0,6823N-C,5.0,0.623,strict,4,True
BULK-INV-5111-L01,BULK-INV-5111,5111,2026-04-22,130,325,Water Based,method_ii,2.0,6823N-A,5.0,0.732,strict,5,True
BULK-INV-5111-L01,BULK-INV-5111,5111,2026-04-22,130,325,Water Based,method_ii,2.0,6822N-D,5.0,0.747,strict,6,True
BULK-INV-5111-L01,BULK-INV-5111,5111,2026-04-22,130,325,Water Based,method_ii,2.0,6828N-D,5.0,0.799,strict,7,True
BULK-INV-5111-L01,BULK-INV-5111,5111,2026-04-22,130,325,Water Based,method_ii,2.0,6563A,6.0,0.929,strict,8,True
BULK-INV-5111-L01,BULK-INV-5111,5111,2026-04-22,130,325,Water Based,method_ii,2.0,6764-B,5.0,0.941,strict,9,True
BULK-INV-5111-L01,BULK-INV-5111,5111,2026-04-22,130,325,Water Based,method_ii,2.0,6768A,5.0,0.957,strict,10,True
BULK-INV-5111-L01,BULK-INV-5111,5111,2026-04-22,130,325,Water Based,method_ii,2.0,6828N-A,5.0,0.974,strict,11,True
BULK-INV-5111-L01,BULK-INV-5111,5111,2026-04-22,130,325,Water Based,method_ii,2.0,6828N-C,5.0,1.052,relaxed,12,True
BULK-INV-5111-L01,BULK-INV-5111,5111,2026-04-22,130,325,Water Based,method_ii,2.0,6822N-C,5.0,1.066,relaxed,13,True
BULK-INV-5111-L01,BULK-INV-5111,5111,2026-04-22,130,325,Water Based,method_ii,2.0,6764-A,10.0,1.175,relaxed,14,True
BULK-INV-5111-L01,BULK-INV-5111,5111,2026-04-22,130,325,Water Based,method_ii,2.0,6127A,5.0,1.205,relaxed,15,True
BULK-INV-5111-L01,BULK-INV-5111,5111,2026-04-22,130,325,Water Based,method_ii,2.0,6767A,10.0,1.397,relaxed,16,True
BULK-INV-5111-L01,BULK-INV-5111,5111,2026-04-22,130,325,Water Based,method_ii,2.0,6566A,6.0,1.422,relaxed,17,True
BULK-INV-5111-L01,BULK-INV-5111,5111,2026-04-22,130,325,Water Based,method_ii,2.0,6566A,5.0,1.422,relaxed,18,True
BULK-INV-5111-L01,BULK-INV-5111,5111,2026-04-22,130,325,Water Based,method_ii,2.0,6785B,10.0,1.449,relaxed,19,True
BULK-INV-5111-L01,BULK-INV-5111,5111,2026-04-22,130,325,Water Based,method_ii,2.0,6767B,10.0,1.465,relaxed,20,True
BULK-INV-5111-L01,BULK-INV-5111,5111,2026-04-22,130,325,Water Based,method_ii,2.0,6812B,10.0,1.476,relaxed,21,True
BULK-INV-5111-L01,BULK-INV-5111,5111,2026-04-22,130,325,Water Based,method_ii,2.0,6784B,7.0,1.546,review,22,True
BULK-INV-5111-L01,BULK-INV-5111,5111,2026-04-22,130,325,Water Based,method_ii,2.0,6782A,10.0,1.575,review,23,True
BULK-INV-5111-L01,BULK-INV-5111,5111,2026-04-22,130,325,Water Based,method_ii,2.0,6784A,10.0,1.581,review,24,True
BULK-INV-5111-L01,BULK-INV-5111,5111,2026-04-22,130,325,Water Based,method_ii,2.0,6781B,2.0,1.623,review,25,True
BULK-INV-5111-L01,BULK-INV-5111,5111,2026-04-22,130,325,Water Based,method_ii,2.0,6785A,10.0,1.688,review,26,True
BULK-INV-5111-L01,BULK-INV-5111,5111,2026-04-22,130,325,Water Based,method_ii,2.0,6826N-D,5.0,1.84,review,27,True
BULK-INV-5111-L01,BULK-INV-5111,5111,2026-04-22,130,325,Water Based,method_ii,2.0,6781A,10.0,1.929,review,28,True
BULK-INV-5111-L01,BULK-INV-5111,5111,2026-04-22,130,325,Water Based,method_ii,2.0,6812A,10.0,1.955,review,29,True
BULK-INV-5111-L01,BULK-INV-5111,5111,2026-04-22,130,325,Water Based,method_ii,2.0,6827N-A,5.0,1.965,review,30,True
BULK-INV-5111-L01,BULK-INV-5111,5111,2026-04-22,130,325,Water Based,method_ii,2.0,6770A,10.0,2.183,review,31,True
BULK-INV-5112-L01,BULK-INV-5112,5112,2026-04-23,130,325,Paint,method_i_b,0.75,6764-B,5.0,0.13,excellent,1,True
BULK-INV-5112-L01,BULK-INV-5112,5112,2026-04-23,130,325,Paint,method_i_b,0.75,6767A,10.0,0.269,excellent,2,True
BULK-INV-5112-L01,BULK-INV-5112,5112,2026-04-23,130,325,Paint,method_i_b,0.75,6823N-C,5.0,0.269,excellent,3,True
BULK-INV-5112-L01,BULK-INV-5112,5112,2026-04-23,130,325,Paint,method_i_b,0.75,6768A,5.0,0.284,excellent,4,True
BULK-INV-5112-L01,BULK-INV-5112,5112,2026-04-23,130,325,Paint,method_i_b,0.75,6764-A,10.0,0.297,excellent,5,True
BULK-INV-5112-L01,BULK-INV-5112,5112,2026-04-23,130,325,Paint,method_i_b,0.75,6782A,10.0,0.297,excellent,6,True
BULK-INV-5112-L01,BULK-INV-5112,5112,2026-04-23,130,325,Paint,method_i_b,0.75,6781A,10.0,0.309,excellent,7,True
BULK-INV-5112-L01,BULK-INV-5112,5112,2026-04-23,130,325,Paint,method_i_b,0.75,6781B,2.0,0.311,excellent,8,True
BULK-INV-5112-L01,BULK-INV-5112,5112,2026-04-23,130,325,Paint,method_i_b,0.75,6785A,10.0,0.323,excellent,9,True
BULK-INV-5112-L01,BULK-INV-5112,5112,2026-04-23,130,325,Paint,method_i_b,0.75,6823N-D,5.0,0.342,excellent,10,True
BULK-INV-5112-L01,BULK-INV-5112,5112,2026-04-23,130,325,Paint,method_i_b,0.75,6824N-A,5.0,0.363,excellent,11,True
BULK-INV-5112-L01,BULK-INV-5112,5112,2026-04-23,130,325,Paint,method_i_b,0.75,6822N-C,5.0,0.369,excellent,12,True
BULK-INV-5112-L01,BULK-INV-5112,5112,2026-04-23,130,325,Paint,method_i_b,0.75,6767B,10.0,0.371,excellent,13,True
BULK-INV-5112-L01,BULK-INV-5112,5112,2026-04-23,130,325,Paint,method_i_b,0.75,6828N-A,5.0,0.371,excellent,14,True
BULK-INV-5112-L01,BULK-INV-5112,5112,2026-04-23,130,325,Paint,method_i_b,0.75,6770A,10.0,0.387,excellent,15,True
BULK-INV-5112-L01,BULK-INV-5112,5112,2026-04-23,130,325,Paint,method_i_b,0.75,6784B,7.0,0.396,excellent,16,True
BULK-INV-5112-L01,BULK-INV-5112,5112,2026-04-23,130,325,Paint,method_i_b,0.75,6784A,10.0,0.415,excellent,17,True
BULK-INV-5112-L01,BULK-INV-5112,5112,2026-04-23,130,325,Paint,method_i_b,0.75,6828N-D,5.0,0.446,excellent,18,True
BULK-INV-5112-L01,BULK-INV-5112,5112,2026-04-23,130,325,Paint,method_i_b,0.75,6785B,10.0,0.453,excellent,19,True
BULK-INV-5112-L01,BULK-INV-5112,5112,2026-04-23,130,325,Paint,method_i_b,0.75,6563A,6.0,0.54,excellent,20,True
BULK-INV-5112-L01,BULK-INV-5112,5112,2026-04-23,130,325,Paint,method_i_b,0.75,6822N-D,5.0,0.559,excellent,21,True
BULK-INV-5112-L01,BULK-INV-5112,5112,2026-04-23,130,325,Paint,method_i_b,0.75,6823N-A,5.0,0.602,strict,22,True
BULK-INV-5112-L01,BULK-INV-5112,5112,2026-04-23,130,325,Paint,method_i_b,0.75,6127A,5.0,0.633,strict,23,True
BULK-INV-5112-L01,BULK-INV-5112,5112,2026-04-23,130,325,Paint,method_i_b,0.75,6828N-C,5.0,0.661,strict,24,True
BULK-INV-5112-L01,BULK-INV-5112,5112,2026-04-23,130,325,Paint,method_i_b,0.75,6812B,10.0,0.72,strict,25,True
BULK-INV-5112-L01,BULK-INV-5112,5112,2026-04-23,130,325,Paint,method_i_b,0.75,6812A,10.0,0.836,strict,26,True
BULK-INV-5112-L01,BULK-INV-5112,5112,2026-04-23,130,325,Paint,method_i_b,0.75,6566A,6.0,0.872,strict,27,True
BULK-INV-5112-L01,BULK-INV-5112,5112,2026-04-23,130,325,Paint,method_i_b,0.75,6566A,5.0,0.872,strict,28,True
BULK-INV-5112-L01,BULK-INV-5112,5112,2026-04-23,130,325,Paint,method_i_b,0.75,6778N-B,5.0,1.01,relaxed,29,True
BULK-INV-5112-L01,BULK-INV-5112,5112,2026-04-23,130,325,Paint,method_i_b,0.75,6826N-D,5.0,1.094,relaxed,30,True
BULK-INV-5112-L01,BULK-INV-5112,5112,2026-04-23,130,325,Paint,method_i_b,0.75,6827N-A,5.0,1.231,relaxed,31,True
BULK-INV-5112-L02,BULK-INV-5112,5112,2026-04-23,130A,3249B,Paint,method_i_b,2.5,6788A,10.0,0.017,excellent,1,True
BULK-INV-5112-L02,BULK-INV-5112,5112,2026-04-23,130A,3249B,Paint,method_i_b,2.5,6787B,7.0,0.07,excellent,2,True
BULK-INV-5112-L02,BULK-INV-5112,5112,2026-04-23,130A,3249B,Paint,method_i_b,2.5,6797B,7.0,0.082,excellent,3,True
BULK-INV-5112-L02,BULK-INV-5112,5112,2026-04-23,130A,3249B,Paint,method_i_b,2.5,6797A,10.0,0.09,excellent,4,True
BULK-INV-5112-L02,BULK-INV-5112,5112,2026-04-23,130A,3249B,Paint,method_i_b,2.5,6787A,10.0,0.101,excellent,5,True
BULK-INV-5112-L02,BULK-INV-5112,5112,2026-04-23,130A,3249B,Paint,method_i_b,2.5,6796B,8.0,0.197,excellent,6,True
BULK-INV-5112-L02,BULK-INV-5112,5112,2026-04-23,130A,3249B,Paint,method_i_b,2.5,6788B,10.0,0.271,excellent,7,True
BULK-INV-5112-L02,BULK-INV-5112,5112,2026-04-23,130A,3249B,Paint,method_i_b,2.5,6796A,10.0,0.331,excellent,8,True
BULK-INV-5112-L02,BULK-INV-5112,5112,2026-04-23,130A,3249B,Paint,method_i_b,2.5,6803B,5.0,0.429,excellent,9,True
BULK-INV-5112-L02,BULK-INV-5112,5112,2026-04-23,130A,3249B,Paint,method_i_b,2.5,6802A,10.0,0.526,excellent,10,True
BULK-INV-5112-L02,BULK-INV-5112,5112,2026-04-23,130A,3249B,Paint,method_i_b,2.5,6801B,4.0,0.59,excellent,11,True
BULK-INV-5112-L02,BULK-INV-5112,5112,2026-04-23,130A,3249B,Paint,method_i_b,2.5,6803A,10.0,0.611,strict,12,True
BULK-INV-5112-L02,BULK-INV-5112,5112,2026-04-23,130A,3249B,Paint,method_i_b,2.5,6822N-A,5.0,0.661,strict,13,True
BULK-INV-5112-L02,BULK-INV-5112,5112,2026-04-23,130A,3249B,Paint,method_i_b,2.5,6833B,10.0,0.708,strict,14,True
BULK-INV-5112-L02,BULK-INV-5112,5112,2026-04-23,130A,3249B,Paint,method_i_b,2.5,6833A,10.0,0.77,strict,15,True
BULK-INV-5112-L02,BULK-INV-5112,5112,2026-04-23,130A,3249B,Paint,method_i_b,2.5,6802B,10.0,0.827,strict,16,True
BULK-INV-5112-L02,BULK-INV-5112,5112,2026-04-23,130A,3249B,Paint,method_i_b,2.5,6548A,4.0,0.833,strict,17,True
BULK-INV-5112-L02,BULK-INV-5112,5112,2026-04-23,130A,3249B,Paint,method_i_b,2.5,6832B,6.0,0.897,strict,18,True
BULK-INV-5112-L02,BULK-INV-5112,5112,2026-04-23,130A,3249B,Paint,method_i_b,2.5,6789A,10.0,0.899,strict,19,True
BULK-INV-5112-L02,BULK-INV-5112,5112,2026-04-23,130A,3249B,Paint,method_i_b,2.5,6801A,10.0,0.915,strict,20,True
BULK-INV-5112-L02,BULK-INV-5112,5112,2026-04-23,130A,3249B,Paint,method_i_b,2.5,6832A,10.0,0.923,strict,21,True
BULK-INV-5112-L02,BULK-INV-5112,5112,2026-04-23,130A,3249B,Paint,method_i_b,2.5,6719N-D,5.0,0.961,strict,22,True
BULK-INV-5112-L02,BULK-INV-5112,5112,2026-04-23,130A,3249B,Paint,method_i_b,2.5,6789B,10.0,1.026,relaxed,23,True
BULK-INV-5112-L02,BULK-INV-5112,5112,2026-04-23,130A,3249B,Paint,method_i_b,2.5,6770B,10.0,1.095,relaxed,24,True
BULK-INV-5112-L02,BULK-INV-5112,5112,2026-04-23,130A,3249B,Paint,method_i_b,2.5,6528A,10.0,1.236,relaxed,25,True
BULK-INV-5112-L02,BULK-INV-5112,5112,2026-04-23,130A,3249B,Paint,method_i_b,2.5,6823N-B,5.0,1.393,relaxed,26,True
BULK-INV-5114-L01,BULK-INV-5114,5114,2026-04-25,130,325,Paint,method_i_b,1.0,6764-B,5.0,0.13,excellent,1,True
BULK-INV-5114-L01,BULK-INV-5114,5114,2026-04-25,130,325,Paint,method_i_b,1.0,6767A,10.0,0.269,excellent,2,True
BULK-INV-5114-L01,BULK-INV-5114,5114,2026-04-25,130,325,Paint,method_i_b,1.0,6823N-C,5.0,0.269,excellent,3,True
BULK-INV-5114-L01,BULK-INV-5114,5114,2026-04-25,130,325,Paint,method_i_b,1.0,6768A,5.0,0.284,excellent,4,True
BULK-INV-5114-L01,BULK-INV-5114,5114,2026-04-25,130,325,Paint,method_i_b,1.0,6764-A,10.0,0.297,excellent,5,True
BULK-INV-5114-L01,BULK-INV-5114,5114,2026-04-25,130,325,Paint,method_i_b,1.0,6782A,10.0,0.297,excellent,6,True
BULK-INV-5114-L01,BULK-INV-5114,5114,2026-04-25,130,325,Paint,method_i_b,1.0,6781A,10.0,0.309,excellent,7,True
BULK-INV-5114-L01,BULK-INV-5114,5114,2026-04-25,130,325,Paint,method_i_b,1.0,6781B,2.0,0.311,excellent,8,True
BULK-INV-5114-L01,BULK-INV-5114,5114,2026-04-25,130,325,Paint,method_i_b,1.0,6785A,10.0,0.323,excellent,9,True
BULK-INV-5114-L01,BULK-INV-5114,5114,2026-04-25,130,325,Paint,method_i_b,1.0,6823N-D,5.0,0.342,excellent,10,True
BULK-INV-5114-L01,BULK-INV-5114,5114,2026-04-25,130,325,Paint,method_i_b,1.0,6824N-A,5.0,0.363,excellent,11,True
BULK-INV-5114-L01,BULK-INV-5114,5114,2026-04-25,130,325,Paint,method_i_b,1.0,6822N-C,5.0,0.369,excellent,12,True
BULK-INV-5114-L01,BULK-INV-5114,5114,2026-04-25,130,325,Paint,method_i_b,1.0,6767B,10.0,0.371,excellent,13,True
BULK-INV-5114-L01,BULK-INV-5114,5114,2026-04-25,130,325,Paint,method_i_b,1.0,6828N-A,5.0,0.371,excellent,14,True
BULK-INV-5114-L01,BULK-INV-5114,5114,2026-04-25,130,325,Paint,method_i_b,1.0,6770A,10.0,0.387,excellent,15,True
BULK-INV-5114-L01,BULK-INV-5114,5114,2026-04-25,130,325,Paint,method_i_b,1.0,6784B,7.0,0.396,excellent,16,True
BULK-INV-5114-L01,BULK-INV-5114,5114,2026-04-25,130,325,Paint,method_i_b,1.0,6784A,10.0,0.415,excellent,17,True
BULK-INV-5114-L01,BULK-INV-5114,5114,2026-04-25,130,325,Paint,method_i_b,1.0,6828N-D,5.0,0.446,excellent,18,True
BULK-INV-5114-L01,BULK-INV-5114,5114,2026-04-25,130,325,Paint,method_i_b,1.0,6785B,10.0,0.453,excellent,19,True
BULK-INV-5114-L01,BULK-INV-5114,5114,2026-04-25,130,325,Paint,method_i_b,1.0,6563A,6.0,0.54,excellent,20,True
BULK-INV-5114-L01,BULK-INV-5114,5114,2026-04-25,130,325,Paint,method_i_b,1.0,6822N-D,5.0,0.559,excellent,21,True
BULK-INV-5114-L01,BULK-INV-5114,5114,2026-04-25,130,325,Paint,method_i_b,1.0,6823N-A,5.0,0.602,strict,22,True
BULK-INV-5114-L01,BULK-INV-5114,5114,2026-04-25,130,325,Paint,method_i_b,1.0,6127A,5.0,0.633,strict,23,True
BULK-INV-5114-L01,BULK-INV-5114,5114,2026-04-25,130,325,Paint,method_i_b,1.0,6828N-C,5.0,0.661,strict,24,True
BULK-INV-5114-L01,BULK-INV-5114,5114,2026-04-25,130,325,Paint,method_i_b,1.0,6812B,10.0,0.72,strict,25,True
BULK-INV-5114-L01,BULK-INV-5114,5114,2026-04-25,130,325,Paint,method_i_b,1.0,6812A,10.0,0.836,strict,26,True
BULK-INV-5114-L01,BULK-INV-5114,5114,2026-04-25,130,325,Paint,method_i_b,1.0,6566A,6.0,0.872,strict,27,True
BULK-INV-5114-L01,BULK-INV-5114,5114,2026-04-25,130,325,Paint,method_i_b,1.0,6566A,5.0,0.872,strict,28,True
BULK-INV-5114-L01,BULK-INV-5114,5114,2026-04-25,130,325,Paint,method_i_b,1.0,6778N-B,5.0,1.01,relaxed,29,True
BULK-INV-5114-L01,BULK-INV-5114,5114,2026-04-25,130,325,Paint,method_i_b,1.0,6826N-D,5.0,1.094,relaxed,30,True
BULK-INV-5114-L01,BULK-INV-5114,5114,2026-04-25,130,325,Paint,method_i_b,1.0,6827N-A,5.0,1.231,relaxed,31,True
BULK-INV-5115-L01,BULK-INV-5115,5115,2026-04-26,130A,3249B,Paint,method_i_b,7.5,6788A,10.0,0.017,excellent,1,True
BULK-INV-5115-L01,BULK-INV-5115,5115,2026-04-26,130A,3249B,Paint,method_i_b,7.5,6787B,7.0,0.07,excellent,2,False
BULK-INV-5115-L01,BULK-INV-5115,5115,2026-04-26,130A,3249B,Paint,method_i_b,7.5,6797B,7.0,0.082,excellent,3,False
BULK-INV-5115-L01,BULK-INV-5115,5115,2026-04-26,130A,3249B,Paint,method_i_b,7.5,6797A,10.0,0.09,excellent,4,True
BULK-INV-5115-L01,BULK-INV-5115,5115,2026-04-26,130A,3249B,Paint,method_i_b,7.5,6787A,10.0,0.101,excellent,5,True
BULK-INV-5115-L01,BULK-INV-5115,5115,2026-04-26,130A,3249B,Paint,method_i_b,7.5,6796B,8.0,0.197,excellent,6,True
BULK-INV-5115-L01,BULK-INV-5115,5115,2026-04-26,130A,3249B,Paint,method_i_b,7.5,6788B,10.0,0.271,excellent,7,True
BULK-INV-5115-L01,BULK-INV-5115,5115,2026-04-26,130A,3249B,Paint,method_i_b,7.5,6796A,10.0,0.331,excellent,8,True
BULK-INV-5115-L01,BULK-INV-5115,5115,2026-04-26,130A,3249B,Paint,method_i_b,7.5,6803B,5.0,0.429,excellent,9,False
BULK-INV-5115-L01,BULK-INV-5115,5115,2026-04-26,130A,3249B,Paint,method_i_b,7.5,6802A,10.0,0.526,excellent,10,True
BULK-INV-5115-L01,BULK-INV-5115,5115,2026-04-26,130A,3249B,Paint,method_i_b,7.5,6801B,4.0,0.59,excellent,11,False
BULK-INV-5115-L01,BULK-INV-5115,5115,2026-04-26,130A,3249B,Paint,method_i_b,7.5,6803A,10.0,0.611,strict,12,True
BULK-INV-5115-L01,BULK-INV-5115,5115,2026-04-26,130A,3249B,Paint,method_i_b,7.5,6822N-A,5.0,0.661,strict,13,False
BULK-INV-5115-L01,BULK-INV-5115,5115,2026-04-26,130A,3249B,Paint,method_i_b,7.5,6833B,10.0,0.708,strict,14,True
BULK-INV-5115-L01,BULK-INV-5115,5115,2026-04-26,130A,3249B,Paint,method_i_b,7.5,6833A,10.0,0.77,strict,15,True
BULK-INV-5115-L01,BULK-INV-5115,5115,2026-04-26,130A,3249B,Paint,method_i_b,7.5,6802B,10.0,0.827,strict,16,True
BULK-INV-5115-L01,BULK-INV-5115,5115,2026-04-26,130A,3249B,Paint,method_i_b,7.5,6548A,4.0,0.833,strict,17,False
BULK-INV-5115-L01,BULK-INV-5115,5115,2026-04-26,130A,3249B,Paint,method_i_b,7.5,6832B,6.0,0.897,strict,18,False
BULK-INV-5115-L01,BULK-INV-5115,5115,2026-04-26,130A,3249B,Paint,method_i_b,7.5,6789A,10.0,0.899,strict,19,True
BULK-INV-5115-L01,BULK-INV-5115,5115,2026-04-26,130A,3249B,Paint,method_i_b,7.5,6801A,10.0,0.915,strict,20,True
BULK-INV-5115-L01,BULK-INV-5115,5115,2026-04-26,130A,3249B,Paint,method_i_b,7.5,6832A,10.0,0.923,strict,21,True
BULK-INV-5115-L01,BULK-INV-5115,5115,2026-04-26,130A,3249B,Paint,method_i_b,7.5,6719N-D,5.0,0.961,strict,22,False
BULK-INV-5115-L01,BULK-INV-5115,5115,2026-04-26,130A,3249B,Paint,method_i_b,7.5,6789B,10.0,1.026,relaxed,23,True
BULK-INV-5115-L01,BULK-INV-5115,5115,2026-04-26,130A,3249B,Paint,method_i_b,7.5,6770B,10.0,1.095,relaxed,24,True
BULK-INV-5115-L01,BULK-INV-5115,5115,2026-04-26,130A,3249B,Paint,method_i_b,7.5,6528A,10.0,1.236,relaxed,25,True
BULK-INV-5115-L01,BULK-INV-5115,5115,2026-04-26,130A,3249B,Paint,method_i_b,7.5,6823N-B,5.0,1.393,relaxed,26,False
BULK-INV-5116-L01,BULK-INV-5116,5116,2026-04-27,130,325,Paint,method_i_b,1.5,6764-B,5.0,0.13,excellent,1,True
BULK-INV-5116-L01,BULK-INV-5116,5116,2026-04-27,130,325,Paint,method_i_b,1.5,6767A,10.0,0.269,excellent,2,True
BULK-INV-5116-L01,BULK-INV-5116,5116,2026-04-27,130,325,Paint,method_i_b,1.5,6823N-C,5.0,0.269,excellent,3,True
BULK-INV-5116-L01,BULK-INV-5116,5116,2026-04-27,130,325,Paint,method_i_b,1.5,6768A,5.0,0.284,excellent,4,True
BULK-INV-5116-L01,BULK-INV-5116,5116,2026-04-27,130,325,Paint,method_i_b,1.5,6764-A,10.0,0.297,excellent,5,True
BULK-INV-5116-L01,BULK-INV-5116,5116,2026-04-27,130,325,Paint,method_i_b,1.5,6782A,10.0,0.297,excellent,6,True
BULK-INV-5116-L01,BULK-INV-5116,5116,2026-04-27,130,325,Paint,method_i_b,1.5,6781A,10.0,0.309,excellent,7,True
BULK-INV-5116-L01,BULK-INV-5116,5116,2026-04-27,130,325,Paint,method_i_b,1.5,6781B,2.0,0.311,excellent,8,True
BULK-INV-5116-L01,BULK-INV-5116,5116,2026-04-27,130,325,Paint,method_i_b,1.5,6785A,10.0,0.323,excellent,9,True
BULK-INV-5116-L01,BULK-INV-5116,5116,2026-04-27,130,325,Paint,method_i_b,1.5,6823N-D,5.0,0.342,excellent,10,True
BULK-INV-5116-L01,BULK-INV-5116,5116,2026-04-27,130,325,Paint,method_i_b,1.5,6824N-A,5.0,0.363,excellent,11,True
BULK-INV-5116-L01,BULK-INV-5116,5116,2026-04-27,130,325,Paint,method_i_b,1.5,6822N-C,5.0,0.369,excellent,12,True
BULK-INV-5116-L01,BULK-INV-5116,5116,2026-04-27,130,325,Paint,method_i_b,1.5,6767B,10.0,0.371,excellent,13,True
BULK-INV-5116-L01,BULK-INV-5116,5116,2026-04-27,130,325,Paint,method_i_b,1.5,6828N-A,5.0,0.371,excellent,14,True
BULK-INV-5116-L01,BULK-INV-5116,5116,2026-04-27,130,325,Paint,method_i_b,1.5,6770A,10.0,0.387,excellent,15,True
BULK-INV-5116-L01,BULK-INV-5116,5116,2026-04-27,130,325,Paint,method_i_b,1.5,6784B,7.0,0.396,excellent,16,True
BULK-INV-5116-L01,BULK-INV-5116,5116,2026-04-27,130,325,Paint,method_i_b,1.5,6784A,10.0,0.415,excellent,17,True
BULK-INV-5116-L01,BULK-INV-5116,5116,2026-04-27,130,325,Paint,method_i_b,1.5,6828N-D,5.0,0.446,excellent,18,True
BULK-INV-5116-L01,BULK-INV-5116,5116,2026-04-27,130,325,Paint,method_i_b,1.5,6785B,10.0,0.453,excellent,19,True
BULK-INV-5116-L01,BULK-INV-5116,5116,2026-04-27,130,325,Paint,method_i_b,1.5,6563A,6.0,0.54,excellent,20,True
BULK-INV-5116-L01,BULK-INV-5116,5116,2026-04-27,130,325,Paint,method_i_b,1.5,6822N-D,5.0,0.559,excellent,21,True
BULK-INV-5116-L01,BULK-INV-5116,5116,2026-04-27,130,325,Paint,method_i_b,1.5,6823N-A,5.0,0.602,strict,22,True
BULK-INV-5116-L01,BULK-INV-5116,5116,2026-04-27,130,325,Paint,method_i_b,1.5,6127A,5.0,0.633,strict,23,True
BULK-INV-5116-L01,BULK-INV-5116,5116,2026-04-27,130,325,Paint,method_i_b,1.5,6828N-C,5.0,0.661,strict,24,True
BULK-INV-5116-L01,BULK-INV-5116,5116,2026-04-27,130,325,Paint,method_i_b,1.5,6812B,10.0,0.72,strict,25,True
BULK-INV-5116-L01,BULK-INV-5116,5116,2026-04-27,130,325,Paint,method_i_b,1.5,6812A,10.0,0.836,strict,26,True
BULK-INV-5116-L01,BULK-INV-5116,5116,2026-04-27,130,325,Paint,method_i_b,1.5,6566A,6.0,0.872,strict,27,True
BULK-INV-5116-L01,BULK-INV-5116,5116,2026-04-27,130,325,Paint,method_i_b,1.5,6566A,5.0,0.872,strict,28,True
BULK-INV-5116-L01,BULK-INV-5116,5116,2026-04-27,130,325,Paint,method_i_b,1.5,6778N-B,5.0,1.01,relaxed,29,True
BULK-INV-5116-L01,BULK-INV-5116,5116,2026-04-27,130,325,Paint,method_i_b,1.5,6826N-D,5.0,1.094,relaxed,30,True
BULK-INV-5116-L01,BULK-INV-5116,5116,2026-04-27,130,325,Paint,method_i_b,1.5,6827N-A,5.0,1.231,relaxed,31,True
BULK-INV-5116-L02,BULK-INV-5116,5116,2026-04-27,130A,3249B,Paint,method_i_b,1.5,6788A,10.0,0.017,excellent,1,True
BULK-INV-5116-L02,BULK-INV-5116,5116,2026-04-27,130A,3249B,Paint,method_i_b,1.5,6787B,7.0,0.07,excellent,2,True
BULK-INV-5116-L02,BULK-INV-5116,5116,2026-04-27,130A,3249B,Paint,method_i_b,1.5,6797B,7.0,0.082,excellent,3,True
BULK-INV-5116-L02,BULK-INV-5116,5116,2026-04-27,130A,3249B,Paint,method_i_b,1.5,6797A,10.0,0.09,excellent,4,True
BULK-INV-5116-L02,BULK-INV-5116,5116,2026-04-27,130A,3249B,Paint,method_i_b,1.5,6787A,10.0,0.101,excellent,5,True
BULK-INV-5116-L02,BULK-INV-5116,5116,2026-04-27,130A,3249B,Paint,method_i_b,1.5,6796B,8.0,0.197,excellent,6,True
BULK-INV-5116-L02,BULK-INV-5116,5116,2026-04-27,130A,3249B,Paint,method_i_b,1.5,6788B,10.0,0.271,excellent,7,True
BULK-INV-5116-L02,BULK-INV-5116,5116,2026-04-27,130A,3249B,Paint,method_i_b,1.5,6796A,10.0,0.331,excellent,8,True
BULK-INV-5116-L02,BULK-INV-5116,5116,2026-04-27,130A,3249B,Paint,method_i_b,1.5,6803B,5.0,0.429,excellent,9,True
BULK-INV-5116-L02,BULK-INV-5116,5116,2026-04-27,130A,3249B,Paint,method_i_b,1.5,6802A,10.0,0.526,excellent,10,True
BULK-INV-5116-L02,BULK-INV-5116,5116,2026-04-27,130A,3249B,Paint,method_i_b,1.5,6801B,4.0,0.59,excellent,11,True
BULK-INV-5116-L02,BULK-INV-5116,5116,2026-04-27,130A,3249B,Paint,method_i_b,1.5,6803A,10.0,0.611,strict,12,True
BULK-INV-5116-L02,BULK-INV-5116,5116,2026-04-27,130A,3249B,Paint,method_i_b,1.5,6822N-A,5.0,0.661,strict,13,True
BULK-INV-5116-L02,BULK-INV-5116,5116,2026-04-27,130A,3249B,Paint,method_i_b,1.5,6833B,10.0,0.708,strict,14,True
BULK-INV-5116-L02,BULK-INV-5116,5116,2026-04-27,130A,3249B,Paint,method_i_b,1.5,6833A,10.0,0.77,strict,15,True
BULK-INV-5116-L02,BULK-INV-5116,5116,2026-04-27,130A,3249B,Paint,method_i_b,1.5,6802B,10.0,0.827,strict,16,True
BULK-INV-5116-L02,BULK-INV-5116,5116,2026-04-27,130A,3249B,Paint,method_i_b,1.5,6548A,4.0,0.833,strict,17,True
BULK-INV-5116-L02,BULK-INV-5116,5116,2026-04-27,130A,3249B,Paint,method_i_b,1.5,6832B,6.0,0.897,strict,18,True
BULK-INV-5116-L02,BULK-INV-5116,5116,2026-04-27,130A,3249B,Paint,method_i_b,1.5,6789A,10.0,0.899,strict,19,True
BULK-INV-5116-L02,BULK-INV-5116,5116,2026-04-27,130A,3249B,Paint,method_i_b,1.5,6801A,10.0,0.915,strict,20,True
BULK-INV-5116-L02,BULK-INV-5116,5116,2026-04-27,130A,3249B,Paint,method_i_b,1.5,6832A,10.0,0.923,strict,21,True
BULK-INV-5116-L02,BULK-INV-5116,5116,2026-04-27,130A,3249B,Paint,method_i_b,1.5,6719N-D,5.0,0.961,strict,22,True
BULK-INV-5116-L02,BULK-INV-5116,5116,2026-04-27,130A,3249B,Paint,method_i_b,1.5,6789B,10.0,1.026,relaxed,23,True
BULK-INV-5116-L02,BULK-INV-5116,5116,2026-04-27,130A,3249B,Paint,method_i_b,1.5,6770B,10.0,1.095,relaxed,24,True
BULK-INV-5116-L02,BULK-INV-5116,5116,2026-04-27,130A,3249B,Paint,method_i_b,1.5,6528A,10.0,1.236,relaxed,25,True
BULK-INV-5116-L02,BULK-INV-5116,5116,2026-04-27,130A,3249B,Paint,method_i_b,1.5,6823N-B,5.0,1.393,relaxed,26,True
BULK-INV-5117-L01,BULK-INV-5117,5117,2026-04-28,130A,3249B,Water Based,method_ii,2.0,6802A,10.0,0.119,excellent,1,True
BULK-INV-5117-L01,BULK-INV-5117,5117,2026-04-28,130A,3249B,Water Based,method_ii,2.0,6796A,10.0,0.161,excellent,2,True
BULK-INV-5117-L01,BULK-INV-5117,5117,2026-04-28,130A,3249B,Water Based,method_ii,2.0,6801A,10.0,0.212,excellent,3,True
BULK-INV-5117-L01,BULK-INV-5117,5117,2026-04-28,130A,3249B,Water Based,method_ii,2.0,6789A,10.0,0.214,excellent,4,True
BULK-INV-5117-L01,BULK-INV-5117,5117,2026-04-28,130A,3249B,Water Based,method_ii,2.0,6822N-A,5.0,0.331,excellent,5,True
BULK-INV-5117-L01,BULK-INV-5117,5117,2026-04-28,130A,3249B,Water Based,method_ii,2.0,6797A,10.0,0.335,excellent,6,True
BULK-INV-5117-L01,BULK-INV-5117,5117,2026-04-28,130A,3249B,Water Based,method_ii,2.0,6787A,10.0,0.35,excellent,7,True
BULK-INV-5117-L01,BULK-INV-5117,5117,2026-04-28,130A,3249B,Water Based,method_ii,2.0,6802B,10.0,0.351,excellent,8,True
BULK-INV-5117-L01,BULK-INV-5117,5117,2026-04-28,130A,3249B,Water Based,method_ii,2.0,6788B,10.0,0.373,excellent,9,True
BULK-INV-5117-L01,BULK-INV-5117,5117,2026-04-28,130A,3249B,Water Based,method_ii,2.0,6796B,8.0,0.375,excellent,10,True
BULK-INV-5117-L01,BULK-INV-5117,5117,2026-04-28,130A,3249B,Water Based,method_ii,2.0,6801B,4.0,0.404,excellent,11,True
BULK-INV-5117-L01,BULK-INV-5117,5117,2026-04-28,130A,3249B,Water Based,method_ii,2.0,6788A,10.0,0.508,excellent,12,True
BULK-INV-5117-L01,BULK-INV-5117,5117,2026-04-28,130A,3249B,Water Based,method_ii,2.0,6797B,7.0,0.685,strict,13,True
BULK-INV-5117-L01,BULK-INV-5117,5117,2026-04-28,130A,3249B,Water Based,method_ii,2.0,6789B,10.0,0.76,strict,14,True
BULK-INV-5117-L01,BULK-INV-5117,5117,2026-04-28,130A,3249B,Water Based,method_ii,2.0,6787B,7.0,0.797,strict,15,True
BULK-INV-5117-L01,BULK-INV-5117,5117,2026-04-28,130A,3249B,Water Based,method_ii,2.0,6548A,4.0,0.904,strict,16,True
BULK-INV-5117-L01,BULK-INV-5117,5117,2026-04-28,130A,3249B,Water Based,method_ii,2.0,6823N-B,5.0,1.056,relaxed,17,True
BULK-INV-5117-L01,BULK-INV-5117,5117,2026-04-28,130A,3249B,Water Based,method_ii,2.0,6833A,10.0,1.074,relaxed,18,True
BULK-INV-5117-L01,BULK-INV-5117,5117,2026-04-28,130A,3249B,Water Based,method_ii,2.0,6719N-D,5.0,1.165,relaxed,19,True
BULK-INV-5117-L01,BULK-INV-5117,5117,2026-04-28,130A,3249B,Water Based,method_ii,2.0,6803B,5.0,1.196,relaxed,20,True
BULK-INV-5117-L01,BULK-INV-5117,5117,2026-04-28,130A,3249B,Water Based,method_ii,2.0,6803A,10.0,1.227,relaxed,21,True
BULK-INV-5117-L01,BULK-INV-5117,5117,2026-04-28,130A,3249B,Water Based,method_ii,2.0,6832A,10.0,1.584,review,22,True
BULK-INV-5117-L01,BULK-INV-5117,5117,2026-04-28,130A,3249B,Water Based,method_ii,2.0,6832B,6.0,1.699,review,23,True
BULK-INV-5117-L01,BULK-INV-5117,5117,2026-04-28,130A,3249B,Water Based,method_ii,2.0,6833B,10.0,2.032,review,24,True
BULK-INV-5117-L01,BULK-INV-5117,5117,2026-04-28,130A,3249B,Water Based,method_ii,2.0,6528A,10.0,2.171,review,25,True
BULK-INV-5117-L01,BULK-INV-5117,5117,2026-04-28,130A,3249B,Water Based,method_ii,2.0,6770B,10.0,2.281,review,26,True
BULK-INV-5117-L02,BULK-INV-5117,5117,2026-04-28,130A,3249B,Paint,method_i_b,1.5,6788A,10.0,0.017,excellent,1,True
BULK-INV-5117-L02,BULK-INV-5117,5117,2026-04-28,130A,3249B,Paint,method_i_b,1.5,6787B,7.0,0.07,excellent,2,True
BULK-INV-5117-L02,BULK-INV-5117,5117,2026-04-28,130A,3249B,Paint,method_i_b,1.5,6797B,7.0,0.082,excellent,3,True
BULK-INV-5117-L02,BULK-INV-5117,5117,2026-04-28,130A,3249B,Paint,method_i_b,1.5,6797A,10.0,0.09,excellent,4,True
BULK-INV-5117-L02,BULK-INV-5117,5117,2026-04-28,130A,3249B,Paint,method_i_b,1.5,6787A,10.0,0.101,excellent,5,True
BULK-INV-5117-L02,BULK-INV-5117,5117,2026-04-28,130A,3249B,Paint,method_i_b,1.5,6796B,8.0,0.197,excellent,6,True
BULK-INV-5117-L02,BULK-INV-5117,5117,2026-04-28,130A,3249B,Paint,method_i_b,1.5,6788B,10.0,0.271,excellent,7,True
BULK-INV-5117-L02,BULK-INV-5117,5117,2026-04-28,130A,3249B,Paint,method_i_b,1.5,6796A,10.0,0.331,excellent,8,True
BULK-INV-5117-L02,BULK-INV-5117,5117,2026-04-28,130A,3249B,Paint,method_i_b,1.5,6803B,5.0,0.429,excellent,9,True
BULK-INV-5117-L02,BULK-INV-5117,5117,2026-04-28,130A,3249B,Paint,method_i_b,1.5,6802A,10.0,0.526,excellent,10,True
BULK-INV-5117-L02,BULK-INV-5117,5117,2026-04-28,130A,3249B,Paint,method_i_b,1.5,6801B,4.0,0.59,excellent,11,True
BULK-INV-5117-L02,BULK-INV-5117,5117,2026-04-28,130A,3249B,Paint,method_i_b,1.5,6803A,10.0,0.611,strict,12,True
BULK-INV-5117-L02,BULK-INV-5117,5117,2026-04-28,130A,3249B,Paint,method_i_b,1.5,6822N-A,5.0,0.661,strict,13,True
BULK-INV-5117-L02,BULK-INV-5117,5117,2026-04-28,130A,3249B,Paint,method_i_b,1.5,6833B,10.0,0.708,strict,14,True
BULK-INV-5117-L02,BULK-INV-5117,5117,2026-04-28,130A,3249B,Paint,method_i_b,1.5,6833A,10.0,0.77,strict,15,True
BULK-INV-5117-L02,BULK-INV-5117,5117,2026-04-28,130A,3249B,Paint,method_i_b,1.5,6802B,10.0,0.827,strict,16,True
BULK-INV-5117-L02,BULK-INV-5117,5117,2026-04-28,130A,3249B,Paint,method_i_b,1.5,6548A,4.0,0.833,strict,17,True
BULK-INV-5117-L02,BULK-INV-5117,5117,2026-04-28,130A,3249B,Paint,method_i_b,1.5,6832B,6.0,0.897,strict,18,True
BULK-INV-5117-L02,BULK-INV-5117,5117,2026-04-28,130A,3249B,Paint,method_i_b,1.5,6789A,10.0,0.899,strict,19,True
BULK-INV-5117-L02,BULK-INV-5117,5117,2026-04-28,130A,3249B,Paint,method_i_b,1.5,6801A,10.0,0.915,strict,20,True
BULK-INV-5117-L02,BULK-INV-5117,5117,2026-04-28,130A,3249B,Paint,method_i_b,1.5,6832A,10.0,0.923,strict,21,True
BULK-INV-5117-L02,BULK-INV-5117,5117,2026-04-28,130A,3249B,Paint,method_i_b,1.5,6719N-D,5.0,0.961,strict,22,True
BULK-INV-5117-L02,BULK-INV-5117,5117,2026-04-28,130A,3249B,Paint,method_i_b,1.5,6789B,10.0,1.026,relaxed,23,True
BULK-INV-5117-L02,BULK-INV-5117,5117,2026-04-28,130A,3249B,Paint,method_i_b,1.5,6770B,10.0,1.095,relaxed,24,True
BULK-INV-5117-L02,BULK-INV-5117,5117,2026-04-28,130A,3249B,Paint,method_i_b,1.5,6528A,10.0,1.236,relaxed,25,True
BULK-INV-5117-L02,BULK-INV-5117,5117,2026-04-28,130A,3249B,Paint,method_i_b,1.5,6823N-B,5.0,1.393,relaxed,26,True
BULK-INV-5118-L01,BULK-INV-5118,5118,2026-04-29,130A,3249B,Water Based,method_ii,2.5,6802A,10.0,0.119,excellent,1,True
BULK-INV-5118-L01,BULK-INV-5118,5118,2026-04-29,130A,3249B,Water Based,method_ii,2.5,6796A,10.0,0.161,excellent,2,True
BULK-INV-5118-L01,BULK-INV-5118,5118,2026-04-29,130A,3249B,Water Based,method_ii,2.5,6801A,10.0,0.212,excellent,3,True
BULK-INV-5118-L01,BULK-INV-5118,5118,2026-04-29,130A,3249B,Water Based,method_ii,2.5,6789A,10.0,0.214,excellent,4,True
BULK-INV-5118-L01,BULK-INV-5118,5118,2026-04-29,130A,3249B,Water Based,method_ii,2.5,6822N-A,5.0,0.331,excellent,5,True
BULK-INV-5118-L01,BULK-INV-5118,5118,2026-04-29,130A,3249B,Water Based,method_ii,2.5,6797A,10.0,0.335,excellent,6,True
BULK-INV-5118-L01,BULK-INV-5118,5118,2026-04-29,130A,3249B,Water Based,method_ii,2.5,6787A,10.0,0.35,excellent,7,True
BULK-INV-5118-L01,BULK-INV-5118,5118,2026-04-29,130A,3249B,Water Based,method_ii,2.5,6802B,10.0,0.351,excellent,8,True
BULK-INV-5118-L01,BULK-INV-5118,5118,2026-04-29,130A,3249B,Water Based,method_ii,2.5,6788B,10.0,0.373,excellent,9,True
BULK-INV-5118-L01,BULK-INV-5118,5118,2026-04-29,130A,3249B,Water Based,method_ii,2.5,6796B,8.0,0.375,excellent,10,True
BULK-INV-5118-L01,BULK-INV-5118,5118,2026-04-29,130A,3249B,Water Based,method_ii,2.5,6801B,4.0,0.404,excellent,11,True
BULK-INV-5118-L01,BULK-INV-5118,5118,2026-04-29,130A,3249B,Water Based,method_ii,2.5,6788A,10.0,0.508,excellent,12,True
BULK-INV-5118-L01,BULK-INV-5118,5118,2026-04-29,130A,3249B,Water Based,method_ii,2.5,6797B,7.0,0.685,strict,13,True
BULK-INV-5118-L01,BULK-INV-5118,5118,2026-04-29,130A,3249B,Water Based,method_ii,2.5,6789B,10.0,0.76,strict,14,True
BULK-INV-5118-L01,BULK-INV-5118,5118,2026-04-29,130A,3249B,Water Based,method_ii,2.5,6787B,7.0,0.797,strict,15,True
BULK-INV-5118-L01,BULK-INV-5118,5118,2026-04-29,130A,3249B,Water Based,method_ii,2.5,6548A,4.0,0.904,strict,16,True
BULK-INV-5118-L01,BULK-INV-5118,5118,2026-04-29,130A,3249B,Water Based,method_ii,2.5,6823N-B,5.0,1.056,relaxed,17,True
BULK-INV-5118-L01,BULK-INV-5118,5118,2026-04-29,130A,3249B,Water Based,method_ii,2.5,6833A,10.0,1.074,relaxed,18,True
BULK-INV-5118-L01,BULK-INV-5118,5118,2026-04-29,130A,3249B,Water Based,method_ii,2.5,6719N-D,5.0,1.165,relaxed,19,True
BULK-INV-5118-L01,BULK-INV-5118,5118,2026-04-29,130A,3249B,Water Based,method_ii,2.5,6803B,5.0,1.196,relaxed,20,True
BULK-INV-5118-L01,BULK-INV-5118,5118,2026-04-29,130A,3249B,Water Based,method_ii,2.5,6803A,10.0,1.227,relaxed,21,True
BULK-INV-5118-L01,BULK-INV-5118,5118,2026-04-29,130A,3249B,Water Based,method_ii,2.5,6832A,10.0,1.584,review,22,True
BULK-INV-5118-L01,BULK-INV-5118,5118,2026-04-29,130A,3249B,Water Based,method_ii,2.5,6832B,6.0,1.699,review,23,True
BULK-INV-5118-L01,BULK-INV-5118,5118,2026-04-29,130A,3249B,Water Based,method_ii,2.5,6833B,10.0,2.032,review,24,True
BULK-INV-5118-L01,BULK-INV-5118,5118,2026-04-29,130A,3249B,Water Based,method_ii,2.5,6528A,10.0,2.171,review,25,True
BULK-INV-5118-L01,BULK-INV-5118,5118,2026-04-29,130A,3249B,Water Based,method_ii,2.5,6770B,10.0,2.281,review,26,True
BULK-INV-5119-L01,BULK-INV-5119,5119,2026-04-30,130A,3249B,Paint,method_i_b,20.0,6788A,10.0,0.017,excellent,1,False
BULK-INV-5119-L01,BULK-INV-5119,5119,2026-04-30,130A,3249B,Paint,method_i_b,20.0,6787B,7.0,0.07,excellent,2,False
BULK-INV-5119-L01,BULK-INV-5119,5119,2026-04-30,130A,3249B,Paint,method_i_b,20.0,6797B,7.0,0.082,excellent,3,False
BULK-INV-5119-L01,BULK-INV-5119,5119,2026-04-30,130A,3249B,Paint,method_i_b,20.0,6797A,10.0,0.09,excellent,4,False
BULK-INV-5119-L01,BULK-INV-5119,5119,2026-04-30,130A,3249B,Paint,method_i_b,20.0,6787A,10.0,0.101,excellent,5,False
BULK-INV-5119-L01,BULK-INV-5119,5119,2026-04-30,130A,3249B,Paint,method_i_b,20.0,6796B,8.0,0.197,excellent,6,False
BULK-INV-5119-L01,BULK-INV-5119,5119,2026-04-30,130A,3249B,Paint,method_i_b,20.0,6788B,10.0,0.271,excellent,7,False
BULK-INV-5119-L01,BULK-INV-5119,5119,2026-04-30,130A,3249B,Paint,method_i_b,20.0,6796A,10.0,0.331,excellent,8,False
BULK-INV-5119-L01,BULK-INV-5119,5119,2026-04-30,130A,3249B,Paint,method_i_b,20.0,6803B,5.0,0.429,excellent,9,False
BULK-INV-5119-L01,BULK-INV-5119,5119,2026-04-30,130A,3249B,Paint,method_i_b,20.0,6802A,10.0,0.526,excellent,10,False
BULK-INV-5119-L01,BULK-INV-5119,5119,2026-04-30,130A,3249B,Paint,method_i_b,20.0,6801B,4.0,0.59,excellent,11,False
BULK-INV-5119-L01,BULK-INV-5119,5119,2026-04-30,130A,3249B,Paint,method_i_b,20.0,6803A,10.0,0.611,strict,12,False
BULK-INV-5119-L01,BULK-INV-5119,5119,2026-04-30,130A,3249B,Paint,method_i_b,20.0,6822N-A,5.0,0.661,strict,13,False
BULK-INV-5119-L01,BULK-INV-5119,5119,2026-04-30,130A,3249B,Paint,method_i_b,20.0,6833B,10.0,0.708,strict,14,False
BULK-INV-5119-L01,BULK-INV-5119,5119,2026-04-30,130A,3249B,Paint,method_i_b,20.0,6833A,10.0,0.77,strict,15,False
BULK-INV-5119-L01,BULK-INV-5119,5119,2026-04-30,130A,3249B,Paint,method_i_b,20.0,6802B,10.0,0.827,strict,16,False
BULK-INV-5119-L01,BULK-INV-5119,5119,2026-04-30,130A,3249B,Paint,method_i_b,20.0,6548A,4.0,0.833,strict,17,False
BULK-INV-5119-L01,BULK-INV-5119,5119,2026-04-30,130A,3249B,Paint,method_i_b,20.0,6832B,6.0,0.897,strict,18,False
BULK-INV-5119-L01,BULK-INV-5119,5119,2026-04-30,130A,3249B,Paint,method_i_b,20.0,6789A,10.0,0.899,strict,19,False
BULK-INV-5119-L01,BULK-INV-5119,5119,2026-04-30,130A,3249B,Paint,method_i_b,20.0,6801A,10.0,0.915,strict,20,False
BULK-INV-5119-L01,BULK-INV-5119,5119,2026-04-30,130A,3249B,Paint,method_i_b,20.0,6832A,10.0,0.923,strict,21,False
BULK-INV-5119-L01,BULK-INV-5119,5119,2026-04-30,130A,3249B,Paint,method_i_b,20.0,6719N-D,5.0,0.961,strict,22,False
BULK-INV-5119-L01,BULK-INV-5119,5119,2026-04-30,130A,3249B,Paint,method_i_b,20.0,6789B,10.0,1.026,relaxed,23,False
BULK-INV-5119-L01,BULK-INV-5119,5119,2026-04-30,130A,3249B,Paint,method_i_b,20.0,6770B,10.0,1.095,relaxed,24,False
BULK-INV-5119-L01,BULK-INV-5119,5119,2026-04-30,130A,3249B,Paint,method_i_b,20.0,6528A,10.0,1.236,relaxed,25,False
BULK-INV-5119-L01,BULK-INV-5119,5119,2026-04-30,130A,3249B,Paint,method_i_b,20.0,6823N-B,5.0,1.393,relaxed,26,False
BULK-INV-5120-L01,BULK-INV-5120,5120,2026-05-01,130A,3249B,Water Based,method_ii,12.0,6802A,10.0,0.119,excellent,1,False
BULK-INV-5120-L01,BULK-INV-5120,5120,2026-05-01,130A,3249B,Water Based,method_ii,12.0,6796A,10.0,0.161,excellent,2,False
BULK-INV-5120-L01,BULK-INV-5120,5120,2026-05-01,130A,3249B,Water Based,method_ii,12.0,6801A,10.0,0.212,excellent,3,False
BULK-INV-5120-L01,BULK-INV-5120,5120,2026-05-01,130A,3249B,Water Based,method_ii,12.0,6789A,10.0,0.214,excellent,4,False
BULK-INV-5120-L01,BULK-INV-5120,5120,2026-05-01,130A,3249B,Water Based,method_ii,12.0,6822N-A,5.0,0.331,excellent,5,False
BULK-INV-5120-L01,BULK-INV-5120,5120,2026-05-01,130A,3249B,Water Based,method_ii,12.0,6797A,10.0,0.335,excellent,6,False
BULK-INV-5120-L01,BULK-INV-5120,5120,2026-05-01,130A,3249B,Water Based,method_ii,12.0,6787A,10.0,0.35,excellent,7,False
BULK-INV-5120-L01,BULK-INV-5120,5120,2026-05-01,130A,3249B,Water Based,method_ii,12.0,6802B,10.0,0.351,excellent,8,False
BULK-INV-5120-L01,BULK-INV-5120,5120,2026-05-01,130A,3249B,Water Based,method_ii,12.0,6788B,10.0,0.373,excellent,9,False
BULK-INV-5120-L01,BULK-INV-5120,5120,2026-05-01,130A,3249B,Water Based,method_ii,12.0,6796B,8.0,0.375,excellent,10,False
BULK-INV-5120-L01,BULK-INV-5120,5120,2026-05-01,130A,3249B,Water Based,method_ii,12.0,6801B,4.0,0.404,excellent,11,False
BULK-INV-5120-L01,BULK-INV-5120,5120,2026-05-01,130A,3249B,Water Based,method_ii,12.0,6788A,10.0,0.508,excellent,12,False
BULK-INV-5120-L01,BULK-INV-5120,5120,2026-05-01,130A,3249B,Water Based,method_ii,12.0,6797B,7.0,0.685,strict,13,False
BULK-INV-5120-L01,BULK-INV-5120,5120,2026-05-01,130A,3249B,Water Based,method_ii,12.0,6789B,10.0,0.76,strict,14,False
BULK-INV-5120-L01,BULK-INV-5120,5120,2026-05-01,130A,3249B,Water Based,method_ii,12.0,6787B,7.0,0.797,strict,15,False
BULK-INV-5120-L01,BULK-INV-5120,5120,2026-05-01,130A,3249B,Water Based,method_ii,12.0,6548A,4.0,0.904,strict,16,False
BULK-INV-5120-L01,BULK-INV-5120,5120,2026-05-01,130A,3249B,Water Based,method_ii,12.0,6823N-B,5.0,1.056,relaxed,17,False
BULK-INV-5120-L01,BULK-INV-5120,5120,2026-05-01,130A,3249B,Water Based,method_ii,12.0,6833A,10.0,1.074,relaxed,18,False
BULK-INV-5120-L01,BULK-INV-5120,5120,2026-05-01,130A,3249B,Water Based,method_ii,12.0,6719N-D,5.0,1.165,relaxed,19,False
BULK-INV-5120-L01,BULK-INV-5120,5120,2026-05-01,130A,3249B,Water Based,method_ii,12.0,6803B,5.0,1.196,relaxed,20,False
BULK-INV-5120-L01,BULK-INV-5120,5120,2026-05-01,130A,3249B,Water Based,method_ii,12.0,6803A,10.0,1.227,relaxed,21,False
BULK-INV-5120-L01,BULK-INV-5120,5120,2026-05-01,130A,3249B,Water Based,method_ii,12.0,6832A,10.0,1.584,review,22,False
BULK-INV-5120-L01,BULK-INV-5120,5120,2026-05-01,130A,3249B,Water Based,method_ii,12.0,6832B,6.0,1.699,review,23,False
BULK-INV-5120-L01,BULK-INV-5120,5120,2026-05-01,130A,3249B,Water Based,method_ii,12.0,6833B,10.0,2.032,review,24,False
BULK-INV-5120-L01,BULK-INV-5120,5120,2026-05-01,130A,3249B,Water Based,method_ii,12.0,6528A,10.0,2.171,review,25,False
BULK-INV-5120-L01,BULK-INV-5120,5120,2026-05-01,130A,3249B,Water Based,method_ii,12.0,6770B,10.0,2.281,review,26,False
BULK-INV-5121-L01,BULK-INV-5121,5121,2026-05-02,130A,3249B,Paint,method_i_b,25.0,6788A,10.0,0.017,excellent,1,False
BULK-INV-5121-L01,BULK-INV-5121,5121,2026-05-02,130A,3249B,Paint,method_i_b,25.0,6787B,7.0,0.07,excellent,2,False
BULK-INV-5121-L01,BULK-INV-5121,5121,2026-05-02,130A,3249B,Paint,method_i_b,25.0,6797B,7.0,0.082,excellent,3,False
BULK-INV-5121-L01,BULK-INV-5121,5121,2026-05-02,130A,3249B,Paint,method_i_b,25.0,6797A,10.0,0.09,excellent,4,False
BULK-INV-5121-L01,BULK-INV-5121,5121,2026-05-02,130A,3249B,Paint,method_i_b,25.0,6787A,10.0,0.101,excellent,5,False
BULK-INV-5121-L01,BULK-INV-5121,5121,2026-05-02,130A,3249B,Paint,method_i_b,25.0,6796B,8.0,0.197,excellent,6,False
BULK-INV-5121-L01,BULK-INV-5121,5121,2026-05-02,130A,3249B,Paint,method_i_b,25.0,6788B,10.0,0.271,excellent,7,False
BULK-INV-5121-L01,BULK-INV-5121,5121,2026-05-02,130A,3249B,Paint,method_i_b,25.0,6796A,10.0,0.331,excellent,8,False
BULK-INV-5121-L01,BULK-INV-5121,5121,2026-05-02,130A,3249B,Paint,method_i_b,25.0,6803B,5.0,0.429,excellent,9,False
BULK-INV-5121-L01,BULK-INV-5121,5121,2026-05-02,130A,3249B,Paint,method_i_b,25.0,6802A,10.0,0.526,excellent,10,False
BULK-INV-5121-L01,BULK-INV-5121,5121,2026-05-02,130A,3249B,Paint,method_i_b,25.0,6801B,4.0,0.59,excellent,11,False
BULK-INV-5121-L01,BULK-INV-5121,5121,2026-05-02,130A,3249B,Paint,method_i_b,25.0,6803A,10.0,0.611,strict,12,False
BULK-INV-5121-L01,BULK-INV-5121,5121,2026-05-02,130A,3249B,Paint,method_i_b,25.0,6822N-A,5.0,0.661,strict,13,False
BULK-INV-5121-L01,BULK-INV-5121,5121,2026-05-02,130A,3249B,Paint,method_i_b,25.0,6833B,10.0,0.708,strict,14,False
BULK-INV-5121-L01,BULK-INV-5121,5121,2026-05-02,130A,3249B,Paint,method_i_b,25.0,6833A,10.0,0.77,strict,15,False
BULK-INV-5121-L01,BULK-INV-5121,5121,2026-05-02,130A,3249B,Paint,method_i_b,25.0,6802B,10.0,0.827,strict,16,False
BULK-INV-5121-L01,BULK-INV-5121,5121,2026-05-02,130A,3249B,Paint,method_i_b,25.0,6548A,4.0,0.833,strict,17,False
BULK-INV-5121-L01,BULK-INV-5121,5121,2026-05-02,130A,3249B,Paint,method_i_b,25.0,6832B,6.0,0.897,strict,18,False
BULK-INV-5121-L01,BULK-INV-5121,5121,2026-05-02,130A,3249B,Paint,method_i_b,25.0,6789A,10.0,0.899,strict,19,False
BULK-INV-5121-L01,BULK-INV-5121,5121,2026-05-02,130A,3249B,Paint,method_i_b,25.0,6801A,10.0,0.915,strict,20,False
BULK-INV-5121-L01,BULK-INV-5121,5121,2026-05-02,130A,3249B,Paint,method_i_b,25.0,6832A,10.0,0.923,strict,21,False
BULK-INV-5121-L01,BULK-INV-5121,5121,2026-05-02,130A,3249B,Paint,method_i_b,25.0,6719N-D,5.0,0.961,strict,22,False
BULK-INV-5121-L01,BULK-INV-5121,5121,2026-05-02,130A,3249B,Paint,method_i_b,25.0,6789B,10.0,1.026,relaxed,23,False
BULK-INV-5121-L01,BULK-INV-5121,5121,2026-05-02,130A,3249B,Paint,method_i_b,25.0,6770B,10.0,1.095,relaxed,24,False
BULK-INV-5121-L01,BULK-INV-5121,5121,2026-05-02,130A,3249B,Paint,method_i_b,25.0,6528A,10.0,1.236,relaxed,25,False
BULK-INV-5121-L01,BULK-INV-5121,5121,2026-05-02,130A,3249B,Paint,method_i_b,25.0,6823N-B,5.0,1.393,relaxed,26,False
BULK-INV-5122-L01,BULK-INV-5122,5122,2026-05-03,130A,3249B,Water Based,method_ii,1.25,6802A,10.0,0.119,excellent,1,True
BULK-INV-5122-L01,BULK-INV-5122,5122,2026-05-03,130A,3249B,Water Based,method_ii,1.25,6796A,10.0,0.161,excellent,2,True
BULK-INV-5122-L01,BULK-INV-5122,5122,2026-05-03,130A,3249B,Water Based,method_ii,1.25,6801A,10.0,0.212,excellent,3,True
BULK-INV-5122-L01,BULK-INV-5122,5122,2026-05-03,130A,3249B,Water Based,method_ii,1.25,6789A,10.0,0.214,excellent,4,True
BULK-INV-5122-L01,BULK-INV-5122,5122,2026-05-03,130A,3249B,Water Based,method_ii,1.25,6822N-A,5.0,0.331,excellent,5,True
BULK-INV-5122-L01,BULK-INV-5122,5122,2026-05-03,130A,3249B,Water Based,method_ii,1.25,6797A,10.0,0.335,excellent,6,True
BULK-INV-5122-L01,BULK-INV-5122,5122,2026-05-03,130A,3249B,Water Based,method_ii,1.25,6787A,10.0,0.35,excellent,7,True
BULK-INV-5122-L01,BULK-INV-5122,5122,2026-05-03,130A,3249B,Water Based,method_ii,1.25,6802B,10.0,0.351,excellent,8,True
BULK-INV-5122-L01,BULK-INV-5122,5122,2026-05-03,130A,3249B,Water Based,method_ii,1.25,6788B,10.0,0.373,excellent,9,True
BULK-INV-5122-L01,BULK-INV-5122,5122,2026-05-03,130A,3249B,Water Based,method_ii,1.25,6796B,8.0,0.375,excellent,10,True
BULK-INV-5122-L01,BULK-INV-5122,5122,2026-05-03,130A,3249B,Water Based,method_ii,1.25,6801B,4.0,0.404,excellent,11,True
BULK-INV-5122-L01,BULK-INV-5122,5122,2026-05-03,130A,3249B,Water Based,method_ii,1.25,6788A,10.0,0.508,excellent,12,True
BULK-INV-5122-L01,BULK-INV-5122,5122,2026-05-03,130A,3249B,Water Based,method_ii,1.25,6797B,7.0,0.685,strict,13,True
BULK-INV-5122-L01,BULK-INV-5122,5122,2026-05-03,130A,3249B,Water Based,method_ii,1.25,6789B,10.0,0.76,strict,14,True
BULK-INV-5122-L01,BULK-INV-5122,5122,2026-05-03,130A,3249B,Water Based,method_ii,1.25,6787B,7.0,0.797,strict,15,True
BULK-INV-5122-L01,BULK-INV-5122,5122,2026-05-03,130A,3249B,Water Based,method_ii,1.25,6548A,4.0,0.904,strict,16,True
BULK-INV-5122-L01,BULK-INV-5122,5122,2026-05-03,130A,3249B,Water Based,method_ii,1.25,6823N-B,5.0,1.056,relaxed,17,True
BULK-INV-5122-L01,BULK-INV-5122,5122,2026-05-03,130A,3249B,Water Based,method_ii,1.25,6833A,10.0,1.074,relaxed,18,True
BULK-INV-5122-L01,BULK-INV-5122,5122,2026-05-03,130A,3249B,Water Based,method_ii,1.25,6719N-D,5.0,1.165,relaxed,19,True
BULK-INV-5122-L01,BULK-INV-5122,5122,2026-05-03,130A,3249B,Water Based,method_ii,1.25,6803B,5.0,1.196,relaxed,20,True
BULK-INV-5122-L01,BULK-INV-5122,5122,2026-05-03,130A,3249B,Water Based,method_ii,1.25,6803A,10.0,1.227,relaxed,21,True
BULK-INV-5122-L01,BULK-INV-5122,5122,2026-05-03,130A,3249B,Water Based,method_ii,1.25,6832A,10.0,1.584,review,22,True
BULK-INV-5122-L01,BULK-INV-5122,5122,2026-05-03,130A,3249B,Water Based,method_ii,1.25,6832B,6.0,1.699,review,23,True
BULK-INV-5122-L01,BULK-INV-5122,5122,2026-05-03,130A,3249B,Water Based,method_ii,1.25,6833B,10.0,2.032,review,24,True
BULK-INV-5122-L01,BULK-INV-5122,5122,2026-05-03,130A,3249B,Water Based,method_ii,1.25,6528A,10.0,2.171,review,25,True
BULK-INV-5122-L01,BULK-INV-5122,5122,2026-05-03,130A,3249B,Water Based,method_ii,1.25,6770B,10.0,2.281,review,26,True
BULK-INV-5123-L01,BULK-INV-5123,5123,2026-05-04,130,325,Paint,method_i_b,1.25,6764-B,5.0,0.13,excellent,1,True
BULK-INV-5123-L01,BULK-INV-5123,5123,2026-05-04,130,325,Paint,method_i_b,1.25,6767A,10.0,0.269,excellent,2,True
BULK-INV-5123-L01,BULK-INV-5123,5123,2026-05-04,130,325,Paint,method_i_b,1.25,6823N-C,5.0,0.269,excellent,3,True
BULK-INV-5123-L01,BULK-INV-5123,5123,2026-05-04,130,325,Paint,method_i_b,1.25,6768A,5.0,0.284,excellent,4,True
BULK-INV-5123-L01,BULK-INV-5123,5123,2026-05-04,130,325,Paint,method_i_b,1.25,6764-A,10.0,0.297,excellent,5,True
BULK-INV-5123-L01,BULK-INV-5123,5123,2026-05-04,130,325,Paint,method_i_b,1.25,6782A,10.0,0.297,excellent,6,True
BULK-INV-5123-L01,BULK-INV-5123,5123,2026-05-04,130,325,Paint,method_i_b,1.25,6781A,10.0,0.309,excellent,7,True
BULK-INV-5123-L01,BULK-INV-5123,5123,2026-05-04,130,325,Paint,method_i_b,1.25,6781B,2.0,0.311,excellent,8,True
BULK-INV-5123-L01,BULK-INV-5123,5123,2026-05-04,130,325,Paint,method_i_b,1.25,6785A,10.0,0.323,excellent,9,True
BULK-INV-5123-L01,BULK-INV-5123,5123,2026-05-04,130,325,Paint,method_i_b,1.25,6823N-D,5.0,0.342,excellent,10,True
BULK-INV-5123-L01,BULK-INV-5123,5123,2026-05-04,130,325,Paint,method_i_b,1.25,6824N-A,5.0,0.363,excellent,11,True
BULK-INV-5123-L01,BULK-INV-5123,5123,2026-05-04,130,325,Paint,method_i_b,1.25,6822N-C,5.0,0.369,excellent,12,True
BULK-INV-5123-L01,BULK-INV-5123,5123,2026-05-04,130,325,Paint,method_i_b,1.25,6767B,10.0,0.371,excellent,13,True
BULK-INV-5123-L01,BULK-INV-5123,5123,2026-05-04,130,325,Paint,method_i_b,1.25,6828N-A,5.0,0.371,excellent,14,True
BULK-INV-5123-L01,BULK-INV-5123,5123,2026-05-04,130,325,Paint,method_i_b,1.25,6770A,10.0,0.387,excellent,15,True
BULK-INV-5123-L01,BULK-INV-5123,5123,2026-05-04,130,325,Paint,method_i_b,1.25,6784B,7.0,0.396,excellent,16,True
BULK-INV-5123-L01,BULK-INV-5123,5123,2026-05-04,130,325,Paint,method_i_b,1.25,6784A,10.0,0.415,excellent,17,True
BULK-INV-5123-L01,BULK-INV-5123,5123,2026-05-04,130,325,Paint,method_i_b,1.25,6828N-D,5.0,0.446,excellent,18,True
BULK-INV-5123-L01,BULK-INV-5123,5123,2026-05-04,130,325,Paint,method_i_b,1.25,6785B,10.0,0.453,excellent,19,True
BULK-INV-5123-L01,BULK-INV-5123,5123,2026-05-04,130,325,Paint,method_i_b,1.25,6563A,6.0,0.54,excellent,20,True
BULK-INV-5123-L01,BULK-INV-5123,5123,2026-05-04,130,325,Paint,method_i_b,1.25,6822N-D,5.0,0.559,excellent,21,True
BULK-INV-5123-L01,BULK-INV-5123,5123,2026-05-04,130,325,Paint,method_i_b,1.25,6823N-A,5.0,0.602,strict,22,True
BULK-INV-5123-L01,BULK-INV-5123,5123,2026-05-04,130,325,Paint,method_i_b,1.25,6127A,5.0,0.633,strict,23,True
BULK-INV-5123-L01,BULK-INV-5123,5123,2026-05-04,130,325,Paint,method_i_b,1.25,6828N-C,5.0,0.661,strict,24,True
BULK-INV-5123-L01,BULK-INV-5123,5123,2026-05-04,130,325,Paint,method_i_b,1.25,6812B,10.0,0.72,strict,25,True
BULK-INV-5123-L01,BULK-INV-5123,5123,2026-05-04,130,325,Paint,method_i_b,1.25,6812A,10.0,0.836,strict,26,True
BULK-INV-5123-L01,BULK-INV-5123,5123,2026-05-04,130,325,Paint,method_i_b,1.25,6566A,6.0,0.872,strict,27,True
BULK-INV-5123-L01,BULK-INV-5123,5123,2026-05-04,130,325,Paint,method_i_b,1.25,6566A,5.0,0.872,strict,28,True
BULK-INV-5123-L01,BULK-INV-5123,5123,2026-05-04,130,325,Paint,method_i_b,1.25,6778N-B,5.0,1.01,relaxed,29,True
BULK-INV-5123-L01,BULK-INV-5123,5123,2026-05-04,130,325,Paint,method_i_b,1.25,6826N-D,5.0,1.094,relaxed,30,True
BULK-INV-5123-L01,BULK-INV-5123,5123,2026-05-04,130,325,Paint,method_i_b,1.25,6827N-A,5.0,1.231,relaxed,31,True
BULK-INV-5123-L02,BULK-INV-5123,5123,2026-05-04,130A,3249B,Paint,method_i_b,0.75,6788A,10.0,0.017,excellent,1,True
BULK-INV-5123-L02,BULK-INV-5123,5123,2026-05-04,130A,3249B,Paint,method_i_b,0.75,6787B,7.0,0.07,excellent,2,True
BULK-INV-5123-L02,BULK-INV-5123,5123,2026-05-04,130A,3249B,Paint,method_i_b,0.75,6797B,7.0,0.082,excellent,3,True
BULK-INV-5123-L02,BULK-INV-5123,5123,2026-05-04,130A,3249B,Paint,method_i_b,0.75,6797A,10.0,0.09,excellent,4,True
BULK-INV-5123-L02,BULK-INV-5123,5123,2026-05-04,130A,3249B,Paint,method_i_b,0.75,6787A,10.0,0.101,excellent,5,True
BULK-INV-5123-L02,BULK-INV-5123,5123,2026-05-04,130A,3249B,Paint,method_i_b,0.75,6796B,8.0,0.197,excellent,6,True
BULK-INV-5123-L02,BULK-INV-5123,5123,2026-05-04,130A,3249B,Paint,method_i_b,0.75,6788B,10.0,0.271,excellent,7,True
BULK-INV-5123-L02,BULK-INV-5123,5123,2026-05-04,130A,3249B,Paint,method_i_b,0.75,6796A,10.0,0.331,excellent,8,True
BULK-INV-5123-L02,BULK-INV-5123,5123,2026-05-04,130A,3249B,Paint,method_i_b,0.75,6803B,5.0,0.429,excellent,9,True
BULK-INV-5123-L02,BULK-INV-5123,5123,2026-05-04,130A,3249B,Paint,method_i_b,0.75,6802A,10.0,0.526,excellent,10,True
BULK-INV-5123-L02,BULK-INV-5123,5123,2026-05-04,130A,3249B,Paint,method_i_b,0.75,6801B,4.0,0.59,excellent,11,True
BULK-INV-5123-L02,BULK-INV-5123,5123,2026-05-04,130A,3249B,Paint,method_i_b,0.75,6803A,10.0,0.611,strict,12,True
BULK-INV-5123-L02,BULK-INV-5123,5123,2026-05-04,130A,3249B,Paint,method_i_b,0.75,6822N-A,5.0,0.661,strict,13,True
BULK-INV-5123-L02,BULK-INV-5123,5123,2026-05-04,130A,3249B,Paint,method_i_b,0.75,6833B,10.0,0.708,strict,14,True
BULK-INV-5123-L02,BULK-INV-5123,5123,2026-05-04,130A,3249B,Paint,method_i_b,0.75,6833A,10.0,0.77,strict,15,True
BULK-INV-5123-L02,BULK-INV-5123,5123,2026-05-04,130A,3249B,Paint,method_i_b,0.75,6802B,10.0,0.827,strict,16,True
BULK-INV-5123-L02,BULK-INV-5123,5123,2026-05-04,130A,3249B,Paint,method_i_b,0.75,6548A,4.0,0.833,strict,17,True
BULK-INV-5123-L02,BULK-INV-5123,5123,2026-05-04,130A,3249B,Paint,method_i_b,0.75,6832B,6.0,0.897,strict,18,True
BULK-INV-5123-L02,BULK-INV-5123,5123,2026-05-04,130A,3249B,Paint,method_i_b,0.75,6789A,10.0,0.899,strict,19,True
BULK-INV-5123-L02,BULK-INV-5123,5123,2026-05-04,130A,3249B,Paint,method_i_b,0.75,6801A,10.0,0.915,strict,20,True
BULK-INV-5123-L02,BULK-INV-5123,5123,2026-05-04,130A,3249B,Paint,method_i_b,0.75,6832A,10.0,0.923,strict,21,True
BULK-INV-5123-L02,BULK-INV-5123,5123,2026-05-04,130A,3249B,Paint,method_i_b,0.75,6719N-D,5.0,0.961,strict,22,True
BULK-INV-5123-L02,BULK-INV-5123,5123,2026-05-04,130A,3249B,Paint,method_i_b,0.75,6789B,10.0,1.026,relaxed,23,True
BULK-INV-5123-L02,BULK-INV-5123,5123,2026-05-04,130A,3249B,Paint,method_i_b,0.75,6770B,10.0,1.095,relaxed,24,True
BULK-INV-5123-L02,BULK-INV-5123,5123,2026-05-04,130A,3249B,Paint,method_i_b,0.75,6528A,10.0,1.236,relaxed,25,True
BULK-INV-5123-L02,BULK-INV-5123,5123,2026-05-04,130A,3249B,Paint,method_i_b,0.75,6823N-B,5.0,1.393,relaxed,26,True
BULK-INV-5124-L01,BULK-INV-5124,5124,2026-05-05,130,325,Water Based,method_ii,20.0,6778N-B,5.0,0.292,excellent,1,False
BULK-INV-5124-L01,BULK-INV-5124,5124,2026-05-05,130,325,Water Based,method_ii,20.0,6823N-D,5.0,0.493,excellent,2,False
BULK-INV-5124-L01,BULK-INV-5124,5124,2026-05-05,130,325,Water Based,method_ii,20.0,6824N-A,5.0,0.52,excellent,3,False
BULK-INV-5124-L01,BULK-INV-5124,5124,2026-05-05,130,325,Water Based,method_ii,20.0,6823N-C,5.0,0.623,strict,4,False
BULK-INV-5124-L01,BULK-INV-5124,5124,2026-05-05,130,325,Water Based,method_ii,20.0,6823N-A,5.0,0.732,strict,5,False
BULK-INV-5124-L01,BULK-INV-5124,5124,2026-05-05,130,325,Water Based,method_ii,20.0,6822N-D,5.0,0.747,strict,6,False
BULK-INV-5124-L01,BULK-INV-5124,5124,2026-05-05,130,325,Water Based,method_ii,20.0,6828N-D,5.0,0.799,strict,7,False
BULK-INV-5124-L01,BULK-INV-5124,5124,2026-05-05,130,325,Water Based,method_ii,20.0,6563A,6.0,0.929,strict,8,False
BULK-INV-5124-L01,BULK-INV-5124,5124,2026-05-05,130,325,Water Based,method_ii,20.0,6764-B,5.0,0.941,strict,9,False
BULK-INV-5124-L01,BULK-INV-5124,5124,2026-05-05,130,325,Water Based,method_ii,20.0,6768A,5.0,0.957,strict,10,False
BULK-INV-5124-L01,BULK-INV-5124,5124,2026-05-05,130,325,Water Based,method_ii,20.0,6828N-A,5.0,0.974,strict,11,False
BULK-INV-5124-L01,BULK-INV-5124,5124,2026-05-05,130,325,Water Based,method_ii,20.0,6828N-C,5.0,1.052,relaxed,12,False
BULK-INV-5124-L01,BULK-INV-5124,5124,2026-05-05,130,325,Water Based,method_ii,20.0,6822N-C,5.0,1.066,relaxed,13,False
BULK-INV-5124-L01,BULK-INV-5124,5124,2026-05-05,130,325,Water Based,method_ii,20.0,6764-A,10.0,1.175,relaxed,14,False
BULK-INV-5124-L01,BULK-INV-5124,5124,2026-05-05,130,325,Water Based,method_ii,20.0,6127A,5.0,1.205,relaxed,15,False
BULK-INV-5124-L01,BULK-INV-5124,5124,2026-05-05,130,325,Water Based,method_ii,20.0,6767A,10.0,1.397,relaxed,16,False
BULK-INV-5124-L01,BULK-INV-5124,5124,2026-05-05,130,325,Water Based,method_ii,20.0,6566A,6.0,1.422,relaxed,17,False
BULK-INV-5124-L01,BULK-INV-5124,5124,2026-05-05,130,325,Water Based,method_ii,20.0,6566A,5.0,1.422,relaxed,18,False
BULK-INV-5124-L01,BULK-INV-5124,5124,2026-05-05,130,325,Water Based,method_ii,20.0,6785B,10.0,1.449,relaxed,19,False
BULK-INV-5124-L01,BULK-INV-5124,5124,2026-05-05,130,325,Water Based,method_ii,20.0,6767B,10.0,1.465,relaxed,20,False
BULK-INV-5124-L01,BULK-INV-5124,5124,2026-05-05,130,325,Water Based,method_ii,20.0,6812B,10.0,1.476,relaxed,21,False
BULK-INV-5124-L01,BULK-INV-5124,5124,2026-05-05,130,325,Water Based,method_ii,20.0,6784B,7.0,1.546,review,22,False
BULK-INV-5124-L01,BULK-INV-5124,5124,2026-05-05,130,325,Water Based,method_ii,20.0,6782A,10.0,1.575,review,23,False
BULK-INV-5124-L01,BULK-INV-5124,5124,2026-05-05,130,325,Water Based,method_ii,20.0,6784A,10.0,1.581,review,24,False
BULK-INV-5124-L01,BULK-INV-5124,5124,2026-05-05,130,325,Water Based,method_ii,20.0,6781B,2.0,1.623,review,25,False
BULK-INV-5124-L01,BULK-INV-5124,5124,2026-05-05,130,325,Water Based,method_ii,20.0,6785A,10.0,1.688,review,26,False
BULK-INV-5124-L01,BULK-INV-5124,5124,2026-05-05,130,325,Water Based,method_ii,20.0,6826N-D,5.0,1.84,review,27,False
BULK-INV-5124-L01,BULK-INV-5124,5124,2026-05-05,130,325,Water Based,method_ii,20.0,6781A,10.0,1.929,review,28,False
BULK-INV-5124-L01,BULK-INV-5124,5124,2026-05-05,130,325,Water Based,method_ii,20.0,6812A,10.0,1.955,review,29,False
BULK-INV-5124-L01,BULK-INV-5124,5124,2026-05-05,130,325,Water Based,method_ii,20.0,6827N-A,5.0,1.965,review,30,False
BULK-INV-5124-L01,BULK-INV-5124,5124,2026-05-05,130,325,Water Based,method_ii,20.0,6770A,10.0,2.183,review,31,False
BULK-INV-5125-L01,BULK-INV-5125,5125,2026-05-06,130,325,Paint,method_i_b,0.75,6764-B,5.0,0.13,excellent,1,True
BULK-INV-5125-L01,BULK-INV-5125,5125,2026-05-06,130,325,Paint,method_i_b,0.75,6767A,10.0,0.269,excellent,2,True
BULK-INV-5125-L01,BULK-INV-5125,5125,2026-05-06,130,325,Paint,method_i_b,0.75,6823N-C,5.0,0.269,excellent,3,True
BULK-INV-5125-L01,BULK-INV-5125,5125,2026-05-06,130,325,Paint,method_i_b,0.75,6768A,5.0,0.284,excellent,4,True
BULK-INV-5125-L01,BULK-INV-5125,5125,2026-05-06,130,325,Paint,method_i_b,0.75,6764-A,10.0,0.297,excellent,5,True
BULK-INV-5125-L01,BULK-INV-5125,5125,2026-05-06,130,325,Paint,method_i_b,0.75,6782A,10.0,0.297,excellent,6,True
BULK-INV-5125-L01,BULK-INV-5125,5125,2026-05-06,130,325,Paint,method_i_b,0.75,6781A,10.0,0.309,excellent,7,True
BULK-INV-5125-L01,BULK-INV-5125,5125,2026-05-06,130,325,Paint,method_i_b,0.75,6781B,2.0,0.311,excellent,8,True
BULK-INV-5125-L01,BULK-INV-5125,5125,2026-05-06,130,325,Paint,method_i_b,0.75,6785A,10.0,0.323,excellent,9,True
BULK-INV-5125-L01,BULK-INV-5125,5125,2026-05-06,130,325,Paint,method_i_b,0.75,6823N-D,5.0,0.342,excellent,10,True
BULK-INV-5125-L01,BULK-INV-5125,5125,2026-05-06,130,325,Paint,method_i_b,0.75,6824N-A,5.0,0.363,excellent,11,True
BULK-INV-5125-L01,BULK-INV-5125,5125,2026-05-06,130,325,Paint,method_i_b,0.75,6822N-C,5.0,0.369,excellent,12,True
BULK-INV-5125-L01,BULK-INV-5125,5125,2026-05-06,130,325,Paint,method_i_b,0.75,6767B,10.0,0.371,excellent,13,True
BULK-INV-5125-L01,BULK-INV-5125,5125,2026-05-06,130,325,Paint,method_i_b,0.75,6828N-A,5.0,0.371,excellent,14,True
BULK-INV-5125-L01,BULK-INV-5125,5125,2026-05-06,130,325,Paint,method_i_b,0.75,6770A,10.0,0.387,excellent,15,True
BULK-INV-5125-L01,BULK-INV-5125,5125,2026-05-06,130,325,Paint,method_i_b,0.75,6784B,7.0,0.396,excellent,16,True
BULK-INV-5125-L01,BULK-INV-5125,5125,2026-05-06,130,325,Paint,method_i_b,0.75,6784A,10.0,0.415,excellent,17,True
BULK-INV-5125-L01,BULK-INV-5125,5125,2026-05-06,130,325,Paint,method_i_b,0.75,6828N-D,5.0,0.446,excellent,18,True
BULK-INV-5125-L01,BULK-INV-5125,5125,2026-05-06,130,325,Paint,method_i_b,0.75,6785B,10.0,0.453,excellent,19,True
BULK-INV-5125-L01,BULK-INV-5125,5125,2026-05-06,130,325,Paint,method_i_b,0.75,6563A,6.0,0.54,excellent,20,True
BULK-INV-5125-L01,BULK-INV-5125,5125,2026-05-06,130,325,Paint,method_i_b,0.75,6822N-D,5.0,0.559,excellent,21,True
BULK-INV-5125-L01,BULK-INV-5125,5125,2026-05-06,130,325,Paint,method_i_b,0.75,6823N-A,5.0,0.602,strict,22,True
BULK-INV-5125-L01,BULK-INV-5125,5125,2026-05-06,130,325,Paint,method_i_b,0.75,6127A,5.0,0.633,strict,23,True
BULK-INV-5125-L01,BULK-INV-5125,5125,2026-05-06,130,325,Paint,method_i_b,0.75,6828N-C,5.0,0.661,strict,24,True
BULK-INV-5125-L01,BULK-INV-5125,5125,2026-05-06,130,325,Paint,method_i_b,0.75,6812B,10.0,0.72,strict,25,True
BULK-INV-5125-L01,BULK-INV-5125,5125,2026-05-06,130,325,Paint,method_i_b,0.75,6812A,10.0,0.836,strict,26,True
BULK-INV-5125-L01,BULK-INV-5125,5125,2026-05-06,130,325,Paint,method_i_b,0.75,6566A,6.0,0.872,strict,27,True
BULK-INV-5125-L01,BULK-INV-5125,5125,2026-05-06,130,325,Paint,method_i_b,0.75,6566A,5.0,0.872,strict,28,True
BULK-INV-5125-L01,BULK-INV-5125,5125,2026-05-06,130,325,Paint,method_i_b,0.75,6778N-B,5.0,1.01,relaxed,29,True
BULK-INV-5125-L01,BULK-INV-5125,5125,2026-05-06,130,325,Paint,method_i_b,0.75,6826N-D,5.0,1.094,relaxed,30,True
BULK-INV-5125-L01,BULK-INV-5125,5125,2026-05-06,130,325,Paint,method_i_b,0.75,6827N-A,5.0,1.231,relaxed,31,True
BULK-INV-5125-L02,BULK-INV-5125,5125,2026-05-06,130,325,Water Based,method_ii,0.75,6778N-B,5.0,0.292,excellent,1,True
BULK-INV-5125-L02,BULK-INV-5125,5125,2026-05-06,130,325,Water Based,method_ii,0.75,6823N-D,5.0,0.493,excellent,2,True
BULK-INV-5125-L02,BULK-INV-5125,5125,2026-05-06,130,325,Water Based,method_ii,0.75,6824N-A,5.0,0.52,excellent,3,True
BULK-INV-5125-L02,BULK-INV-5125,5125,2026-05-06,130,325,Water Based,method_ii,0.75,6823N-C,5.0,0.623,strict,4,True
BULK-INV-5125-L02,BULK-INV-5125,5125,2026-05-06,130,325,Water Based,method_ii,0.75,6823N-A,5.0,0.732,strict,5,True
BULK-INV-5125-L02,BULK-INV-5125,5125,2026-05-06,130,325,Water Based,method_ii,0.75,6822N-D,5.0,0.747,strict,6,True
BULK-INV-5125-L02,BULK-INV-5125,5125,2026-05-06,130,325,Water Based,method_ii,0.75,6828N-D,5.0,0.799,strict,7,True
BULK-INV-5125-L02,BULK-INV-5125,5125,2026-05-06,130,325,Water Based,method_ii,0.75,6563A,6.0,0.929,strict,8,True
BULK-INV-5125-L02,BULK-INV-5125,5125,2026-05-06,130,325,Water Based,method_ii,0.75,6764-B,5.0,0.941,strict,9,True
BULK-INV-5125-L02,BULK-INV-5125,5125,2026-05-06,130,325,Water Based,method_ii,0.75,6768A,5.0,0.957,strict,10,True
BULK-INV-5125-L02,BULK-INV-5125,5125,2026-05-06,130,325,Water Based,method_ii,0.75,6828N-A,5.0,0.974,strict,11,True
BULK-INV-5125-L02,BULK-INV-5125,5125,2026-05-06,130,325,Water Based,method_ii,0.75,6828N-C,5.0,1.052,relaxed,12,True
BULK-INV-5125-L02,BULK-INV-5125,5125,2026-05-06,130,325,Water Based,method_ii,0.75,6822N-C,5.0,1.066,relaxed,13,True
BULK-INV-5125-L02,BULK-INV-5125,5125,2026-05-06,130,325,Water Based,method_ii,0.75,6764-A,10.0,1.175,relaxed,14,True
BULK-INV-5125-L02,BULK-INV-5125,5125,2026-05-06,130,325,Water Based,method_ii,0.75,6127A,5.0,1.205,relaxed,15,True
BULK-INV-5125-L02,BULK-INV-5125,5125,2026-05-06,130,325,Water Based,method_ii,0.75,6767A,10.0,1.397,relaxed,16,True
BULK-INV-5125-L02,BULK-INV-5125,5125,2026-05-06,130,325,Water Based,method_ii,0.75,6566A,6.0,1.422,relaxed,17,True
BULK-INV-5125-L02,BULK-INV-5125,5125,2026-05-06,130,325,Water Based,method_ii,0.75,6566A,5.0,1.422,relaxed,18,True
BULK-INV-5125-L02,BULK-INV-5125,5125,2026-05-06,130,325,Water Based,method_ii,0.75,6785B,10.0,1.449,relaxed,19,True
BULK-INV-5125-L02,BULK-INV-5125,5125,2026-05-06,130,325,Water Based,method_ii,0.75,6767B,10.0,1.465,relaxed,20,True
BULK-INV-5125-L02,BULK-INV-5125,5125,2026-05-06,130,325,Water Based,method_ii,0.75,6812B,10.0,1.476,relaxed,21,True
BULK-INV-5125-L02,BULK-INV-5125,5125,2026-05-06,130,325,Water Based,method_ii,0.75,6784B,7.0,1.546,review,22,True
BULK-INV-5125-L02,BULK-INV-5125,5125,2026-05-06,130,325,Water Based,method_ii,0.75,6782A,10.0,1.575,review,23,True
BULK-INV-5125-L02,BULK-INV-5125,5125,2026-05-06,130,325,Water Based,method_ii,0.75,6784A,10.0,1.581,review,24,True
BULK-INV-5125-L02,BULK-INV-5125,5125,2026-05-06,130,325,Water Based,method_ii,0.75,6781B,2.0,1.623,review,25,True
BULK-INV-5125-L02,BULK-INV-5125,5125,2026-05-06,130,325,Water Based,method_ii,0.75,6785A,10.0,1.688,review,26,True
BULK-INV-5125-L02,BULK-INV-5125,5125,2026-05-06,130,325,Water Based,method_ii,0.75,6826N-D,5.0,1.84,review,27,True
BULK-INV-5125-L02,BULK-INV-5125,5125,2026-05-06,130,325,Water Based,method_ii,0.75,6781A,10.0,1.929,review,28,True
BULK-INV-5125-L02,BULK-INV-5125,5125,2026-05-06,130,325,Water Based,method_ii,0.75,6812A,10.0,1.955,review,29,True
BULK-INV-5125-L02,BULK-INV-5125,5125,2026-05-06,130,325,Water Based,method_ii,0.75,6827N-A,5.0,1.965,review,30,True
BULK-INV-5125-L02,BULK-INV-5125,5125,2026-05-06,130,325,Water Based,method_ii,0.75,6770A,10.0,2.183,review,31,True
BULK-INV-5126-L01,BULK-INV-5126,5126,2026-05-07,130A,3249B,Water Based,method_ii,1.5,6802A,10.0,0.119,excellent,1,True
BULK-INV-5126-L01,BULK-INV-5126,5126,2026-05-07,130A,3249B,Water Based,method_ii,1.5,6796A,10.0,0.161,excellent,2,True
BULK-INV-5126-L01,BULK-INV-5126,5126,2026-05-07,130A,3249B,Water Based,method_ii,1.5,6801A,10.0,0.212,excellent,3,True
BULK-INV-5126-L01,BULK-INV-5126,5126,2026-05-07,130A,3249B,Water Based,method_ii,1.5,6789A,10.0,0.214,excellent,4,True
BULK-INV-5126-L01,BULK-INV-5126,5126,2026-05-07,130A,3249B,Water Based,method_ii,1.5,6822N-A,5.0,0.331,excellent,5,True
BULK-INV-5126-L01,BULK-INV-5126,5126,2026-05-07,130A,3249B,Water Based,method_ii,1.5,6797A,10.0,0.335,excellent,6,True
BULK-INV-5126-L01,BULK-INV-5126,5126,2026-05-07,130A,3249B,Water Based,method_ii,1.5,6787A,10.0,0.35,excellent,7,True
BULK-INV-5126-L01,BULK-INV-5126,5126,2026-05-07,130A,3249B,Water Based,method_ii,1.5,6802B,10.0,0.351,excellent,8,True
BULK-INV-5126-L01,BULK-INV-5126,5126,2026-05-07,130A,3249B,Water Based,method_ii,1.5,6788B,10.0,0.373,excellent,9,True
BULK-INV-5126-L01,BULK-INV-5126,5126,2026-05-07,130A,3249B,Water Based,method_ii,1.5,6796B,8.0,0.375,excellent,10,True
BULK-INV-5126-L01,BULK-INV-5126,5126,2026-05-07,130A,3249B,Water Based,method_ii,1.5,6801B,4.0,0.404,excellent,11,True
BULK-INV-5126-L01,BULK-INV-5126,5126,2026-05-07,130A,3249B,Water Based,method_ii,1.5,6788A,10.0,0.508,excellent,12,True
BULK-INV-5126-L01,BULK-INV-5126,5126,2026-05-07,130A,3249B,Water Based,method_ii,1.5,6797B,7.0,0.685,strict,13,True
BULK-INV-5126-L01,BULK-INV-5126,5126,2026-05-07,130A,3249B,Water Based,method_ii,1.5,6789B,10.0,0.76,strict,14,True
BULK-INV-5126-L01,BULK-INV-5126,5126,2026-05-07,130A,3249B,Water Based,method_ii,1.5,6787B,7.0,0.797,strict,15,True
BULK-INV-5126-L01,BULK-INV-5126,5126,2026-05-07,130A,3249B,Water Based,method_ii,1.5,6548A,4.0,0.904,strict,16,True
BULK-INV-5126-L01,BULK-INV-5126,5126,2026-05-07,130A,3249B,Water Based,method_ii,1.5,6823N-B,5.0,1.056,relaxed,17,True
BULK-INV-5126-L01,BULK-INV-5126,5126,2026-05-07,130A,3249B,Water Based,method_ii,1.5,6833A,10.0,1.074,relaxed,18,True
BULK-INV-5126-L01,BULK-INV-5126,5126,2026-05-07,130A,3249B,Water Based,method_ii,1.5,6719N-D,5.0,1.165,relaxed,19,True
BULK-INV-5126-L01,BULK-INV-5126,5126,2026-05-07,130A,3249B,Water Based,method_ii,1.5,6803B,5.0,1.196,relaxed,20,True
BULK-INV-5126-L01,BULK-INV-5126,5126,2026-05-07,130A,3249B,Water Based,method_ii,1.5,6803A,10.0,1.227,relaxed,21,True
BULK-INV-5126-L01,BULK-INV-5126,5126,2026-05-07,130A,3249B,Water Based,method_ii,1.5,6832A,10.0,1.584,review,22,True
BULK-INV-5126-L01,BULK-INV-5126,5126,2026-05-07,130A,3249B,Water Based,method_ii,1.5,6832B,6.0,1.699,review,23,True
BULK-INV-5126-L01,BULK-INV-5126,5126,2026-05-07,130A,3249B,Water Based,method_ii,1.5,6833B,10.0,2.032,review,24,True
BULK-INV-5126-L01,BULK-INV-5126,5126,2026-05-07,130A,3249B,Water Based,method_ii,1.5,6528A,10.0,2.171,review,25,True
BULK-INV-5126-L01,BULK-INV-5126,5126,2026-05-07,130A,3249B,Water Based,method_ii,1.5,6770B,10.0,2.281,review,26,True
BULK-INV-5127-L01,BULK-INV-5127,5127,2026-05-08,130,325,Paint,method_i_b,7.5,6764-B,5.0,0.13,excellent,1,False
BULK-INV-5127-L01,BULK-INV-5127,5127,2026-05-08,130,325,Paint,method_i_b,7.5,6767A,10.0,0.269,excellent,2,True
BULK-INV-5127-L01,BULK-INV-5127,5127,2026-05-08,130,325,Paint,method_i_b,7.5,6823N-C,5.0,0.269,excellent,3,False
BULK-INV-5127-L01,BULK-INV-5127,5127,2026-05-08,130,325,Paint,method_i_b,7.5,6768A,5.0,0.284,excellent,4,False
BULK-INV-5127-L01,BULK-INV-5127,5127,2026-05-08,130,325,Paint,method_i_b,7.5,6764-A,10.0,0.297,excellent,5,True
BULK-INV-5127-L01,BULK-INV-5127,5127,2026-05-08,130,325,Paint,method_i_b,7.5,6782A,10.0,0.297,excellent,6,True
BULK-INV-5127-L01,BULK-INV-5127,5127,2026-05-08,130,325,Paint,method_i_b,7.5,6781A,10.0,0.309,excellent,7,True
BULK-INV-5127-L01,BULK-INV-5127,5127,2026-05-08,130,325,Paint,method_i_b,7.5,6781B,2.0,0.311,excellent,8,False
BULK-INV-5127-L01,BULK-INV-5127,5127,2026-05-08,130,325,Paint,method_i_b,7.5,6785A,10.0,0.323,excellent,9,True
BULK-INV-5127-L01,BULK-INV-5127,5127,2026-05-08,130,325,Paint,method_i_b,7.5,6823N-D,5.0,0.342,excellent,10,False
BULK-INV-5127-L01,BULK-INV-5127,5127,2026-05-08,130,325,Paint,method_i_b,7.5,6824N-A,5.0,0.363,excellent,11,False
BULK-INV-5127-L01,BULK-INV-5127,5127,2026-05-08,130,325,Paint,method_i_b,7.5,6822N-C,5.0,0.369,excellent,12,False
BULK-INV-5127-L01,BULK-INV-5127,5127,2026-05-08,130,325,Paint,method_i_b,7.5,6767B,10.0,0.371,excellent,13,True
BULK-INV-5127-L01,BULK-INV-5127,5127,2026-05-08,130,325,Paint,method_i_b,7.5,6828N-A,5.0,0.371,excellent,14,False
BULK-INV-5127-L01,BULK-INV-5127,5127,2026-05-08,130,325,Paint,method_i_b,7.5,6770A,10.0,0.387,excellent,15,True
BULK-INV-5127-L01,BULK-INV-5127,5127,2026-05-08,130,325,Paint,method_i_b,7.5,6784B,7.0,0.396,excellent,16,False
BULK-INV-5127-L01,BULK-INV-5127,5127,2026-05-08,130,325,Paint,method_i_b,7.5,6784A,10.0,0.415,excellent,17,True
BULK-INV-5127-L01,BULK-INV-5127,5127,2026-05-08,130,325,Paint,method_i_b,7.5,6828N-D,5.0,0.446,excellent,18,False
BULK-INV-5127-L01,BULK-INV-5127,5127,2026-05-08,130,325,Paint,method_i_b,7.5,6785B,10.0,0.453,excellent,19,True
BULK-INV-5127-L01,BULK-INV-5127,5127,2026-05-08,130,325,Paint,method_i_b,7.5,6563A,6.0,0.54,excellent,20,False
BULK-INV-5127-L01,BULK-INV-5127,5127,2026-05-08,130,325,Paint,method_i_b,7.5,6822N-D,5.0,0.559,excellent,21,False
BULK-INV-5127-L01,BULK-INV-5127,5127,2026-05-08,130,325,Paint,method_i_b,7.5,6823N-A,5.0,0.602,strict,22,False
BULK-INV-5127-L01,BULK-INV-5127,5127,2026-05-08,130,325,Paint,method_i_b,7.5,6127A,5.0,0.633,strict,23,False
BULK-INV-5127-L01,BULK-INV-5127,5127,2026-05-08,130,325,Paint,method_i_b,7.5,6828N-C,5.0,0.661,strict,24,False
BULK-INV-5127-L01,BULK-INV-5127,5127,2026-05-08,130,325,Paint,method_i_b,7.5,6812B,10.0,0.72,strict,25,True
BULK-INV-5127-L01,BULK-INV-5127,5127,2026-05-08,130,325,Paint,method_i_b,7.5,6812A,10.0,0.836,strict,26,True
BULK-INV-5127-L01,BULK-INV-5127,5127,2026-05-08,130,325,Paint,method_i_b,7.5,6566A,6.0,0.872,strict,27,False
BULK-INV-5127-L01,BULK-INV-5127,5127,2026-05-08,130,325,Paint,method_i_b,7.5,6566A,5.0,0.872,strict,28,False
BULK-INV-5127-L01,BULK-INV-5127,5127,2026-05-08,130,325,Paint,method_i_b,7.5,6778N-B,5.0,1.01,relaxed,29,False
BULK-INV-5127-L01,BULK-INV-5127,5127,2026-05-08,130,325,Paint,method_i_b,7.5,6826N-D,5.0,1.094,relaxed,30,False
BULK-INV-5127-L01,BULK-INV-5127,5127,2026-05-08,130,325,Paint,method_i_b,7.5,6827N-A,5.0,1.231,relaxed,31,False
BULK-INV-5128-L01,BULK-INV-5128,5128,2026-05-09,130A,3249B,Paint,method_i_b,20.0,6788A,10.0,0.017,excellent,1,False
BULK-INV-5128-L01,BULK-INV-5128,5128,2026-05-09,130A,3249B,Paint,method_i_b,20.0,6787B,7.0,0.07,excellent,2,False
BULK-INV-5128-L01,BULK-INV-5128,5128,2026-05-09,130A,3249B,Paint,method_i_b,20.0,6797B,7.0,0.082,excellent,3,False
BULK-INV-5128-L01,BULK-INV-5128,5128,2026-05-09,130A,3249B,Paint,method_i_b,20.0,6797A,10.0,0.09,excellent,4,False
BULK-INV-5128-L01,BULK-INV-5128,5128,2026-05-09,130A,3249B,Paint,method_i_b,20.0,6787A,10.0,0.101,excellent,5,False
BULK-INV-5128-L01,BULK-INV-5128,5128,2026-05-09,130A,3249B,Paint,method_i_b,20.0,6796B,8.0,0.197,excellent,6,False
BULK-INV-5128-L01,BULK-INV-5128,5128,2026-05-09,130A,3249B,Paint,method_i_b,20.0,6788B,10.0,0.271,excellent,7,False
BULK-INV-5128-L01,BULK-INV-5128,5128,2026-05-09,130A,3249B,Paint,method_i_b,20.0,6796A,10.0,0.331,excellent,8,False
BULK-INV-5128-L01,BULK-INV-5128,5128,2026-05-09,130A,3249B,Paint,method_i_b,20.0,6803B,5.0,0.429,excellent,9,False
BULK-INV-5128-L01,BULK-INV-5128,5128,2026-05-09,130A,3249B,Paint,method_i_b,20.0,6802A,10.0,0.526,excellent,10,False
BULK-INV-5128-L01,BULK-INV-5128,5128,2026-05-09,130A,3249B,Paint,method_i_b,20.0,6801B,4.0,0.59,excellent,11,False
BULK-INV-5128-L01,BULK-INV-5128,5128,2026-05-09,130A,3249B,Paint,method_i_b,20.0,6803A,10.0,0.611,strict,12,False
BULK-INV-5128-L01,BULK-INV-5128,5128,2026-05-09,130A,3249B,Paint,method_i_b,20.0,6822N-A,5.0,0.661,strict,13,False
BULK-INV-5128-L01,BULK-INV-5128,5128,2026-05-09,130A,3249B,Paint,method_i_b,20.0,6833B,10.0,0.708,strict,14,False
BULK-INV-5128-L01,BULK-INV-5128,5128,2026-05-09,130A,3249B,Paint,method_i_b,20.0,6833A,10.0,0.77,strict,15,False
BULK-INV-5128-L01,BULK-INV-5128,5128,2026-05-09,130A,3249B,Paint,method_i_b,20.0,6802B,10.0,0.827,strict,16,False
BULK-INV-5128-L01,BULK-INV-5128,5128,2026-05-09,130A,3249B,Paint,method_i_b,20.0,6548A,4.0,0.833,strict,17,False
BULK-INV-5128-L01,BULK-INV-5128,5128,2026-05-09,130A,3249B,Paint,method_i_b,20.0,6832B,6.0,0.897,strict,18,False
BULK-INV-5128-L01,BULK-INV-5128,5128,2026-05-09,130A,3249B,Paint,method_i_b,20.0,6789A,10.0,0.899,strict,19,False
BULK-INV-5128-L01,BULK-INV-5128,5128,2026-05-09,130A,3249B,Paint,method_i_b,20.0,6801A,10.0,0.915,strict,20,False
BULK-INV-5128-L01,BULK-INV-5128,5128,2026-05-09,130A,3249B,Paint,method_i_b,20.0,6832A,10.0,0.923,strict,21,False
BULK-INV-5128-L01,BULK-INV-5128,5128,2026-05-09,130A,3249B,Paint,method_i_b,20.0,6719N-D,5.0,0.961,strict,22,False
BULK-INV-5128-L01,BULK-INV-5128,5128,2026-05-09,130A,3249B,Paint,method_i_b,20.0,6789B,10.0,1.026,relaxed,23,False
BULK-INV-5128-L01,BULK-INV-5128,5128,2026-05-09,130A,3249B,Paint,method_i_b,20.0,6770B,10.0,1.095,relaxed,24,False
BULK-INV-5128-L01,BULK-INV-5128,5128,2026-05-09,130A,3249B,Paint,method_i_b,20.0,6528A,10.0,1.236,relaxed,25,False
BULK-INV-5128-L01,BULK-INV-5128,5128,2026-05-09,130A,3249B,Paint,method_i_b,20.0,6823N-B,5.0,1.393,relaxed,26,False
BULK-INV-5129-L01,BULK-INV-5129,5129,2026-05-10,130A,3249B,Paint,method_i_b,2.5,6788A,10.0,0.017,excellent,1,True
BULK-INV-5129-L01,BULK-INV-5129,5129,2026-05-10,130A,3249B,Paint,method_i_b,2.5,6787B,7.0,0.07,excellent,2,True
BULK-INV-5129-L01,BULK-INV-5129,5129,2026-05-10,130A,3249B,Paint,method_i_b,2.5,6797B,7.0,0.082,excellent,3,True
BULK-INV-5129-L01,BULK-INV-5129,5129,2026-05-10,130A,3249B,Paint,method_i_b,2.5,6797A,10.0,0.09,excellent,4,True
BULK-INV-5129-L01,BULK-INV-5129,5129,2026-05-10,130A,3249B,Paint,method_i_b,2.5,6787A,10.0,0.101,excellent,5,True
BULK-INV-5129-L01,BULK-INV-5129,5129,2026-05-10,130A,3249B,Paint,method_i_b,2.5,6796B,8.0,0.197,excellent,6,True
BULK-INV-5129-L01,BULK-INV-5129,5129,2026-05-10,130A,3249B,Paint,method_i_b,2.5,6788B,10.0,0.271,excellent,7,True
BULK-INV-5129-L01,BULK-INV-5129,5129,2026-05-10,130A,3249B,Paint,method_i_b,2.5,6796A,10.0,0.331,excellent,8,True
BULK-INV-5129-L01,BULK-INV-5129,5129,2026-05-10,130A,3249B,Paint,method_i_b,2.5,6803B,5.0,0.429,excellent,9,True
BULK-INV-5129-L01,BULK-INV-5129,5129,2026-05-10,130A,3249B,Paint,method_i_b,2.5,6802A,10.0,0.526,excellent,10,True
BULK-INV-5129-L01,BULK-INV-5129,5129,2026-05-10,130A,3249B,Paint,method_i_b,2.5,6801B,4.0,0.59,excellent,11,True
BULK-INV-5129-L01,BULK-INV-5129,5129,2026-05-10,130A,3249B,Paint,method_i_b,2.5,6803A,10.0,0.611,strict,12,True
BULK-INV-5129-L01,BULK-INV-5129,5129,2026-05-10,130A,3249B,Paint,method_i_b,2.5,6822N-A,5.0,0.661,strict,13,True
BULK-INV-5129-L01,BULK-INV-5129,5129,2026-05-10,130A,3249B,Paint,method_i_b,2.5,6833B,10.0,0.708,strict,14,True
BULK-INV-5129-L01,BULK-INV-5129,5129,2026-05-10,130A,3249B,Paint,method_i_b,2.5,6833A,10.0,0.77,strict,15,True
BULK-INV-5129-L01,BULK-INV-5129,5129,2026-05-10,130A,3249B,Paint,method_i_b,2.5,6802B,10.0,0.827,strict,16,True
BULK-INV-5129-L01,BULK-INV-5129,5129,2026-05-10,130A,3249B,Paint,method_i_b,2.5,6548A,4.0,0.833,strict,17,True
BULK-INV-5129-L01,BULK-INV-5129,5129,2026-05-10,130A,3249B,Paint,method_i_b,2.5,6832B,6.0,0.897,strict,18,True
BULK-INV-5129-L01,BULK-INV-5129,5129,2026-05-10,130A,3249B,Paint,method_i_b,2.5,6789A,10.0,0.899,strict,19,True
BULK-INV-5129-L01,BULK-INV-5129,5129,2026-05-10,130A,3249B,Paint,method_i_b,2.5,6801A,10.0,0.915,strict,20,True
BULK-INV-5129-L01,BULK-INV-5129,5129,2026-05-10,130A,3249B,Paint,method_i_b,2.5,6832A,10.0,0.923,strict,21,True
BULK-INV-5129-L01,BULK-INV-5129,5129,2026-05-10,130A,3249B,Paint,method_i_b,2.5,6719N-D,5.0,0.961,strict,22,True
BULK-INV-5129-L01,BULK-INV-5129,5129,2026-05-10,130A,3249B,Paint,method_i_b,2.5,6789B,10.0,1.026,relaxed,23,True
BULK-INV-5129-L01,BULK-INV-5129,5129,2026-05-10,130A,3249B,Paint,method_i_b,2.5,6770B,10.0,1.095,relaxed,24,True
BULK-INV-5129-L01,BULK-INV-5129,5129,2026-05-10,130A,3249B,Paint,method_i_b,2.5,6528A,10.0,1.236,relaxed,25,True
BULK-INV-5129-L01,BULK-INV-5129,5129,2026-05-10,130A,3249B,Paint,method_i_b,2.5,6823N-B,5.0,1.393,relaxed,26,True
BULK-INV-5130-L01,BULK-INV-5130,5130,2026-05-11,130A,3249B,Paint,method_i_b,10.0,6788A,10.0,0.017,excellent,1,True
BULK-INV-5130-L01,BULK-INV-5130,5130,2026-05-11,130A,3249B,Paint,method_i_b,10.0,6787B,7.0,0.07,excellent,2,False
BULK-INV-5130-L01,BULK-INV-5130,5130,2026-05-11,130A,3249B,Paint,method_i_b,10.0,6797B,7.0,0.082,excellent,3,False
BULK-INV-5130-L01,BULK-INV-5130,5130,2026-05-11,130A,3249B,Paint,method_i_b,10.0,6797A,10.0,0.09,excellent,4,True
BULK-INV-5130-L01,BULK-INV-5130,5130,2026-05-11,130A,3249B,Paint,method_i_b,10.0,6787A,10.0,0.101,excellent,5,True
BULK-INV-5130-L01,BULK-INV-5130,5130,2026-05-11,130A,3249B,Paint,method_i_b,10.0,6796B,8.0,0.197,excellent,6,False
BULK-INV-5130-L01,BULK-INV-5130,5130,2026-05-11,130A,3249B,Paint,method_i_b,10.0,6788B,10.0,0.271,excellent,7,True
BULK-INV-5130-L01,BULK-INV-5130,5130,2026-05-11,130A,3249B,Paint,method_i_b,10.0,6796A,10.0,0.331,excellent,8,True
BULK-INV-5130-L01,BULK-INV-5130,5130,2026-05-11,130A,3249B,Paint,method_i_b,10.0,6803B,5.0,0.429,excellent,9,False
BULK-INV-5130-L01,BULK-INV-5130,5130,2026-05-11,130A,3249B,Paint,method_i_b,10.0,6802A,10.0,0.526,excellent,10,True
BULK-INV-5130-L01,BULK-INV-5130,5130,2026-05-11,130A,3249B,Paint,method_i_b,10.0,6801B,4.0,0.59,excellent,11,False
BULK-INV-5130-L01,BULK-INV-5130,5130,2026-05-11,130A,3249B,Paint,method_i_b,10.0,6803A,10.0,0.611,strict,12,True
BULK-INV-5130-L01,BULK-INV-5130,5130,2026-05-11,130A,3249B,Paint,method_i_b,10.0,6822N-A,5.0,0.661,strict,13,False
BULK-INV-5130-L01,BULK-INV-5130,5130,2026-05-11,130A,3249B,Paint,method_i_b,10.0,6833B,10.0,0.708,strict,14,True
BULK-INV-5130-L01,BULK-INV-5130,5130,2026-05-11,130A,3249B,Paint,method_i_b,10.0,6833A,10.0,0.77,strict,15,True
BULK-INV-5130-L01,BULK-INV-5130,5130,2026-05-11,130A,3249B,Paint,method_i_b,10.0,6802B,10.0,0.827,strict,16,True
BULK-INV-5130-L01,BULK-INV-5130,5130,2026-05-11,130A,3249B,Paint,method_i_b,10.0,6548A,4.0,0.833,strict,17,False
BULK-INV-5130-L01,BULK-INV-5130,5130,2026-05-11,130A,3249B,Paint,method_i_b,10.0,6832B,6.0,0.897,strict,18,False
BULK-INV-5130-L01,BULK-INV-5130,5130,2026-05-11,130A,3249B,Paint,method_i_b,10.0,6789A,10.0,0.899,strict,19,True
BULK-INV-5130-L01,BULK-INV-5130,5130,2026-05-11,130A,3249B,Paint,method_i_b,10.0,6801A,10.0,0.915,strict,20,True
BULK-INV-5130-L01,BULK-INV-5130,5130,2026-05-11,130A,3249B,Paint,method_i_b,10.0,6832A,10.0,0.923,strict,21,True
BULK-INV-5130-L01,BULK-INV-5130,5130,2026-05-11,130A,3249B,Paint,method_i_b,10.0,6719N-D,5.0,0.961,strict,22,False
BULK-INV-5130-L01,BULK-INV-5130,5130,2026-05-11,130A,3249B,Paint,method_i_b,10.0,6789B,10.0,1.026,relaxed,23,True
BULK-INV-5130-L01,BULK-INV-5130,5130,2026-05-11,130A,3249B,Paint,method_i_b,10.0,6770B,10.0,1.095,relaxed,24,True
BULK-INV-5130-L01,BULK-INV-5130,5130,2026-05-11,130A,3249B,Paint,method_i_b,10.0,6528A,10.0,1.236,relaxed,25,True
BULK-INV-5130-L01,BULK-INV-5130,5130,2026-05-11,130A,3249B,Paint,method_i_b,10.0,6823N-B,5.0,1.393,relaxed,26,False
BULK-INV-5131-L01,BULK-INV-5131,5131,2026-05-12,130,325,Water Based,method_ii,12.0,6778N-B,5.0,0.292,excellent,1,False
BULK-INV-5131-L01,BULK-INV-5131,5131,2026-05-12,130,325,Water Based,method_ii,12.0,6823N-D,5.0,0.493,excellent,2,False
BULK-INV-5131-L01,BULK-INV-5131,5131,2026-05-12,130,325,Water Based,method_ii,12.0,6824N-A,5.0,0.52,excellent,3,False
BULK-INV-5131-L01,BULK-INV-5131,5131,2026-05-12,130,325,Water Based,method_ii,12.0,6823N-C,5.0,0.623,strict,4,False
BULK-INV-5131-L01,BULK-INV-5131,5131,2026-05-12,130,325,Water Based,method_ii,12.0,6823N-A,5.0,0.732,strict,5,False
BULK-INV-5131-L01,BULK-INV-5131,5131,2026-05-12,130,325,Water Based,method_ii,12.0,6822N-D,5.0,0.747,strict,6,False
BULK-INV-5131-L01,BULK-INV-5131,5131,2026-05-12,130,325,Water Based,method_ii,12.0,6828N-D,5.0,0.799,strict,7,False
BULK-INV-5131-L01,BULK-INV-5131,5131,2026-05-12,130,325,Water Based,method_ii,12.0,6563A,6.0,0.929,strict,8,False
BULK-INV-5131-L01,BULK-INV-5131,5131,2026-05-12,130,325,Water Based,method_ii,12.0,6764-B,5.0,0.941,strict,9,False
BULK-INV-5131-L01,BULK-INV-5131,5131,2026-05-12,130,325,Water Based,method_ii,12.0,6768A,5.0,0.957,strict,10,False
BULK-INV-5131-L01,BULK-INV-5131,5131,2026-05-12,130,325,Water Based,method_ii,12.0,6828N-A,5.0,0.974,strict,11,False
BULK-INV-5131-L01,BULK-INV-5131,5131,2026-05-12,130,325,Water Based,method_ii,12.0,6828N-C,5.0,1.052,relaxed,12,False
BULK-INV-5131-L01,BULK-INV-5131,5131,2026-05-12,130,325,Water Based,method_ii,12.0,6822N-C,5.0,1.066,relaxed,13,False
BULK-INV-5131-L01,BULK-INV-5131,5131,2026-05-12,130,325,Water Based,method_ii,12.0,6764-A,10.0,1.175,relaxed,14,False
BULK-INV-5131-L01,BULK-INV-5131,5131,2026-05-12,130,325,Water Based,method_ii,12.0,6127A,5.0,1.205,relaxed,15,False
BULK-INV-5131-L01,BULK-INV-5131,5131,2026-05-12,130,325,Water Based,method_ii,12.0,6767A,10.0,1.397,relaxed,16,False
BULK-INV-5131-L01,BULK-INV-5131,5131,2026-05-12,130,325,Water Based,method_ii,12.0,6566A,6.0,1.422,relaxed,17,False
BULK-INV-5131-L01,BULK-INV-5131,5131,2026-05-12,130,325,Water Based,method_ii,12.0,6566A,5.0,1.422,relaxed,18,False
BULK-INV-5131-L01,BULK-INV-5131,5131,2026-05-12,130,325,Water Based,method_ii,12.0,6785B,10.0,1.449,relaxed,19,False
BULK-INV-5131-L01,BULK-INV-5131,5131,2026-05-12,130,325,Water Based,method_ii,12.0,6767B,10.0,1.465,relaxed,20,False
BULK-INV-5131-L01,BULK-INV-5131,5131,2026-05-12,130,325,Water Based,method_ii,12.0,6812B,10.0,1.476,relaxed,21,False
BULK-INV-5131-L01,BULK-INV-5131,5131,2026-05-12,130,325,Water Based,method_ii,12.0,6784B,7.0,1.546,review,22,False
BULK-INV-5131-L01,BULK-INV-5131,5131,2026-05-12,130,325,Water Based,method_ii,12.0,6782A,10.0,1.575,review,23,False
BULK-INV-5131-L01,BULK-INV-5131,5131,2026-05-12,130,325,Water Based,method_ii,12.0,6784A,10.0,1.581,review,24,False
BULK-INV-5131-L01,BULK-INV-5131,5131,2026-05-12,130,325,Water Based,method_ii,12.0,6781B,2.0,1.623,review,25,False
BULK-INV-5131-L01,BULK-INV-5131,5131,2026-05-12,130,325,Water Based,method_ii,12.0,6785A,10.0,1.688,review,26,False
BULK-INV-5131-L01,BULK-INV-5131,5131,2026-05-12,130,325,Water Based,method_ii,12.0,6826N-D,5.0,1.84,review,27,False
BULK-INV-5131-L01,BULK-INV-5131,5131,2026-05-12,130,325,Water Based,method_ii,12.0,6781A,10.0,1.929,review,28,False
BULK-INV-5131-L01,BULK-INV-5131,5131,2026-05-12,130,325,Water Based,method_ii,12.0,6812A,10.0,1.955,review,29,False
BULK-INV-5131-L01,BULK-INV-5131,5131,2026-05-12,130,325,Water Based,method_ii,12.0,6827N-A,5.0,1.965,review,30,False
BULK-INV-5131-L01,BULK-INV-5131,5131,2026-05-12,130,325,Water Based,method_ii,12.0,6770A,10.0,2.183,review,31,False
BULK-INV-5132-L01,BULK-INV-5132,5132,2026-05-13,130,325,Paint,method_i_b,4.0,6764-B,5.0,0.13,excellent,1,True
BULK-INV-5132-L01,BULK-INV-5132,5132,2026-05-13,130,325,Paint,method_i_b,4.0,6767A,10.0,0.269,excellent,2,True
BULK-INV-5132-L01,BULK-INV-5132,5132,2026-05-13,130,325,Paint,method_i_b,4.0,6823N-C,5.0,0.269,excellent,3,True
BULK-INV-5132-L01,BULK-INV-5132,5132,2026-05-13,130,325,Paint,method_i_b,4.0,6768A,5.0,0.284,excellent,4,True
BULK-INV-5132-L01,BULK-INV-5132,5132,2026-05-13,130,325,Paint,method_i_b,4.0,6764-A,10.0,0.297,excellent,5,True
BULK-INV-5132-L01,BULK-INV-5132,5132,2026-05-13,130,325,Paint,method_i_b,4.0,6782A,10.0,0.297,excellent,6,True
BULK-INV-5132-L01,BULK-INV-5132,5132,2026-05-13,130,325,Paint,method_i_b,4.0,6781A,10.0,0.309,excellent,7,True
BULK-INV-5132-L01,BULK-INV-5132,5132,2026-05-13,130,325,Paint,method_i_b,4.0,6781B,2.0,0.311,excellent,8,False
BULK-INV-5132-L01,BULK-INV-5132,5132,2026-05-13,130,325,Paint,method_i_b,4.0,6785A,10.0,0.323,excellent,9,True
BULK-INV-5132-L01,BULK-INV-5132,5132,2026-05-13,130,325,Paint,method_i_b,4.0,6823N-D,5.0,0.342,excellent,10,True
BULK-INV-5132-L01,BULK-INV-5132,5132,2026-05-13,130,325,Paint,method_i_b,4.0,6824N-A,5.0,0.363,excellent,11,True
BULK-INV-5132-L01,BULK-INV-5132,5132,2026-05-13,130,325,Paint,method_i_b,4.0,6822N-C,5.0,0.369,excellent,12,True
BULK-INV-5132-L01,BULK-INV-5132,5132,2026-05-13,130,325,Paint,method_i_b,4.0,6767B,10.0,0.371,excellent,13,True
BULK-INV-5132-L01,BULK-INV-5132,5132,2026-05-13,130,325,Paint,method_i_b,4.0,6828N-A,5.0,0.371,excellent,14,True
BULK-INV-5132-L01,BULK-INV-5132,5132,2026-05-13,130,325,Paint,method_i_b,4.0,6770A,10.0,0.387,excellent,15,True
BULK-INV-5132-L01,BULK-INV-5132,5132,2026-05-13,130,325,Paint,method_i_b,4.0,6784B,7.0,0.396,excellent,16,True
BULK-INV-5132-L01,BULK-INV-5132,5132,2026-05-13,130,325,Paint,method_i_b,4.0,6784A,10.0,0.415,excellent,17,True
BULK-INV-5132-L01,BULK-INV-5132,5132,2026-05-13,130,325,Paint,method_i_b,4.0,6828N-D,5.0,0.446,excellent,18,True
BULK-INV-5132-L01,BULK-INV-5132,5132,2026-05-13,130,325,Paint,method_i_b,4.0,6785B,10.0,0.453,excellent,19,True
BULK-INV-5132-L01,BULK-INV-5132,5132,2026-05-13,130,325,Paint,method_i_b,4.0,6563A,6.0,0.54,excellent,20,True
BULK-INV-5132-L01,BULK-INV-5132,5132,2026-05-13,130,325,Paint,method_i_b,4.0,6822N-D,5.0,0.559,excellent,21,True
BULK-INV-5132-L01,BULK-INV-5132,5132,2026-05-13,130,325,Paint,method_i_b,4.0,6823N-A,5.0,0.602,strict,22,True
BULK-INV-5132-L01,BULK-INV-5132,5132,2026-05-13,130,325,Paint,method_i_b,4.0,6127A,5.0,0.633,strict,23,True
BULK-INV-5132-L01,BULK-INV-5132,5132,2026-05-13,130,325,Paint,method_i_b,4.0,6828N-C,5.0,0.661,strict,24,True
BULK-INV-5132-L01,BULK-INV-5132,5132,2026-05-13,130,325,Paint,method_i_b,4.0,6812B,10.0,0.72,strict,25,True
BULK-INV-5132-L01,BULK-INV-5132,5132,2026-05-13,130,325,Paint,method_i_b,4.0,6812A,10.0,0.836,strict,26,True
BULK-INV-5132-L01,BULK-INV-5132,5132,2026-05-13,130,325,Paint,method_i_b,4.0,6566A,6.0,0.872,strict,27,True
BULK-INV-5132-L01,BULK-INV-5132,5132,2026-05-13,130,325,Paint,method_i_b,4.0,6566A,5.0,0.872,strict,28,True
BULK-INV-5132-L01,BULK-INV-5132,5132,2026-05-13,130,325,Paint,method_i_b,4.0,6778N-B,5.0,1.01,relaxed,29,True
BULK-INV-5132-L01,BULK-INV-5132,5132,2026-05-13,130,325,Paint,method_i_b,4.0,6826N-D,5.0,1.094,relaxed,30,True
BULK-INV-5132-L01,BULK-INV-5132,5132,2026-05-13,130,325,Paint,method_i_b,4.0,6827N-A,5.0,1.231,relaxed,31,True
BULK-INV-5133-L01,BULK-INV-5133,5133,2026-05-14,130A,3249B,Water Based,method_ii,5.0,6802A,10.0,0.119,excellent,1,True
BULK-INV-5133-L01,BULK-INV-5133,5133,2026-05-14,130A,3249B,Water Based,method_ii,5.0,6796A,10.0,0.161,excellent,2,True
BULK-INV-5133-L01,BULK-INV-5133,5133,2026-05-14,130A,3249B,Water Based,method_ii,5.0,6801A,10.0,0.212,excellent,3,True
BULK-INV-5133-L01,BULK-INV-5133,5133,2026-05-14,130A,3249B,Water Based,method_ii,5.0,6789A,10.0,0.214,excellent,4,True
BULK-INV-5133-L01,BULK-INV-5133,5133,2026-05-14,130A,3249B,Water Based,method_ii,5.0,6822N-A,5.0,0.331,excellent,5,True
BULK-INV-5133-L01,BULK-INV-5133,5133,2026-05-14,130A,3249B,Water Based,method_ii,5.0,6797A,10.0,0.335,excellent,6,True
BULK-INV-5133-L01,BULK-INV-5133,5133,2026-05-14,130A,3249B,Water Based,method_ii,5.0,6787A,10.0,0.35,excellent,7,True
BULK-INV-5133-L01,BULK-INV-5133,5133,2026-05-14,130A,3249B,Water Based,method_ii,5.0,6802B,10.0,0.351,excellent,8,True
BULK-INV-5133-L01,BULK-INV-5133,5133,2026-05-14,130A,3249B,Water Based,method_ii,5.0,6788B,10.0,0.373,excellent,9,True
BULK-INV-5133-L01,BULK-INV-5133,5133,2026-05-14,130A,3249B,Water Based,method_ii,5.0,6796B,8.0,0.375,excellent,10,True
BULK-INV-5133-L01,BULK-INV-5133,5133,2026-05-14,130A,3249B,Water Based,method_ii,5.0,6801B,4.0,0.404,excellent,11,False
BULK-INV-5133-L01,BULK-INV-5133,5133,2026-05-14,130A,3249B,Water Based,method_ii,5.0,6788A,10.0,0.508,excellent,12,True
BULK-INV-5133-L01,BULK-INV-5133,5133,2026-05-14,130A,3249B,Water Based,method_ii,5.0,6797B,7.0,0.685,strict,13,True
BULK-INV-5133-L01,BULK-INV-5133,5133,2026-05-14,130A,3249B,Water Based,method_ii,5.0,6789B,10.0,0.76,strict,14,True
BULK-INV-5133-L01,BULK-INV-5133,5133,2026-05-14,130A,3249B,Water Based,method_ii,5.0,6787B,7.0,0.797,strict,15,True
BULK-INV-5133-L01,BULK-INV-5133,5133,2026-05-14,130A,3249B,Water Based,method_ii,5.0,6548A,4.0,0.904,strict,16,False
BULK-INV-5133-L01,BULK-INV-5133,5133,2026-05-14,130A,3249B,Water Based,method_ii,5.0,6823N-B,5.0,1.056,relaxed,17,True
BULK-INV-5133-L01,BULK-INV-5133,5133,2026-05-14,130A,3249B,Water Based,method_ii,5.0,6833A,10.0,1.074,relaxed,18,True
BULK-INV-5133-L01,BULK-INV-5133,5133,2026-05-14,130A,3249B,Water Based,method_ii,5.0,6719N-D,5.0,1.165,relaxed,19,True
BULK-INV-5133-L01,BULK-INV-5133,5133,2026-05-14,130A,3249B,Water Based,method_ii,5.0,6803B,5.0,1.196,relaxed,20,True
BULK-INV-5133-L01,BULK-INV-5133,5133,2026-05-14,130A,3249B,Water Based,method_ii,5.0,6803A,10.0,1.227,relaxed,21,True
BULK-INV-5133-L01,BULK-INV-5133,5133,2026-05-14,130A,3249B,Water Based,method_ii,5.0,6832A,10.0,1.584,review,22,True
BULK-INV-5133-L01,BULK-INV-5133,5133,2026-05-14,130A,3249B,Water Based,method_ii,5.0,6832B,6.0,1.699,review,23,True
BULK-INV-5133-L01,BULK-INV-5133,5133,2026-05-14,130A,3249B,Water Based,method_ii,5.0,6833B,10.0,2.032,review,24,True
BULK-INV-5133-L01,BULK-INV-5133,5133,2026-05-14,130A,3249B,Water Based,method_ii,5.0,6528A,10.0,2.171,review,25,True
BULK-INV-5133-L01,BULK-INV-5133,5133,2026-05-14,130A,3249B,Water Based,method_ii,5.0,6770B,10.0,2.281,review,26,True
BULK-INV-5133-L02,BULK-INV-5133,5133,2026-05-14,130A,3249B,Water Based,method_ii,2.5,6802A,10.0,0.119,excellent,1,True
BULK-INV-5133-L02,BULK-INV-5133,5133,2026-05-14,130A,3249B,Water Based,method_ii,2.5,6796A,10.0,0.161,excellent,2,True
BULK-INV-5133-L02,BULK-INV-5133,5133,2026-05-14,130A,3249B,Water Based,method_ii,2.5,6801A,10.0,0.212,excellent,3,True
BULK-INV-5133-L02,BULK-INV-5133,5133,2026-05-14,130A,3249B,Water Based,method_ii,2.5,6789A,10.0,0.214,excellent,4,True
BULK-INV-5133-L02,BULK-INV-5133,5133,2026-05-14,130A,3249B,Water Based,method_ii,2.5,6822N-A,5.0,0.331,excellent,5,True
BULK-INV-5133-L02,BULK-INV-5133,5133,2026-05-14,130A,3249B,Water Based,method_ii,2.5,6797A,10.0,0.335,excellent,6,True
BULK-INV-5133-L02,BULK-INV-5133,5133,2026-05-14,130A,3249B,Water Based,method_ii,2.5,6787A,10.0,0.35,excellent,7,True
BULK-INV-5133-L02,BULK-INV-5133,5133,2026-05-14,130A,3249B,Water Based,method_ii,2.5,6802B,10.0,0.351,excellent,8,True
BULK-INV-5133-L02,BULK-INV-5133,5133,2026-05-14,130A,3249B,Water Based,method_ii,2.5,6788B,10.0,0.373,excellent,9,True
BULK-INV-5133-L02,BULK-INV-5133,5133,2026-05-14,130A,3249B,Water Based,method_ii,2.5,6796B,8.0,0.375,excellent,10,True
BULK-INV-5133-L02,BULK-INV-5133,5133,2026-05-14,130A,3249B,Water Based,method_ii,2.5,6801B,4.0,0.404,excellent,11,True
BULK-INV-5133-L02,BULK-INV-5133,5133,2026-05-14,130A,3249B,Water Based,method_ii,2.5,6788A,10.0,0.508,excellent,12,True
BULK-INV-5133-L02,BULK-INV-5133,5133,2026-05-14,130A,3249B,Water Based,method_ii,2.5,6797B,7.0,0.685,strict,13,True
BULK-INV-5133-L02,BULK-INV-5133,5133,2026-05-14,130A,3249B,Water Based,method_ii,2.5,6789B,10.0,0.76,strict,14,True
BULK-INV-5133-L02,BULK-INV-5133,5133,2026-05-14,130A,3249B,Water Based,method_ii,2.5,6787B,7.0,0.797,strict,15,True
BULK-INV-5133-L02,BULK-INV-5133,5133,2026-05-14,130A,3249B,Water Based,method_ii,2.5,6548A,4.0,0.904,strict,16,True
BULK-INV-5133-L02,BULK-INV-5133,5133,2026-05-14,130A,3249B,Water Based,method_ii,2.5,6823N-B,5.0,1.056,relaxed,17,True
BULK-INV-5133-L02,BULK-INV-5133,5133,2026-05-14,130A,3249B,Water Based,method_ii,2.5,6833A,10.0,1.074,relaxed,18,True
BULK-INV-5133-L02,BULK-INV-5133,5133,2026-05-14,130A,3249B,Water Based,method_ii,2.5,6719N-D,5.0,1.165,relaxed,19,True
BULK-INV-5133-L02,BULK-INV-5133,5133,2026-05-14,130A,3249B,Water Based,method_ii,2.5,6803B,5.0,1.196,relaxed,20,True
BULK-INV-5133-L02,BULK-INV-5133,5133,2026-05-14,130A,3249B,Water Based,method_ii,2.5,6803A,10.0,1.227,relaxed,21,True
BULK-INV-5133-L02,BULK-INV-5133,5133,2026-05-14,130A,3249B,Water Based,method_ii,2.5,6832A,10.0,1.584,review,22,True
BULK-INV-5133-L02,BULK-INV-5133,5133,2026-05-14,130A,3249B,Water Based,method_ii,2.5,6832B,6.0,1.699,review,23,True
BULK-INV-5133-L02,BULK-INV-5133,5133,2026-05-14,130A,3249B,Water Based,method_ii,2.5,6833B,10.0,2.032,review,24,True
BULK-INV-5133-L02,BULK-INV-5133,5133,2026-05-14,130A,3249B,Water Based,method_ii,2.5,6528A,10.0,2.171,review,25,True
BULK-INV-5133-L02,BULK-INV-5133,5133,2026-05-14,130A,3249B,Water Based,method_ii,2.5,6770B,10.0,2.281,review,26,True
BULK-INV-5134-L01,BULK-INV-5134,5134,2026-05-15,130A,3249B,Water Based,method_ii,7.5,6802A,10.0,0.119,excellent,1,True
BULK-INV-5134-L01,BULK-INV-5134,5134,2026-05-15,130A,3249B,Water Based,method_ii,7.5,6796A,10.0,0.161,excellent,2,True
BULK-INV-5134-L01,BULK-INV-5134,5134,2026-05-15,130A,3249B,Water Based,method_ii,7.5,6801A,10.0,0.212,excellent,3,True
BULK-INV-5134-L01,BULK-INV-5134,5134,2026-05-15,130A,3249B,Water Based,method_ii,7.5,6789A,10.0,0.214,excellent,4,True
BULK-INV-5134-L01,BULK-INV-5134,5134,2026-05-15,130A,3249B,Water Based,method_ii,7.5,6822N-A,5.0,0.331,excellent,5,False
BULK-INV-5134-L01,BULK-INV-5134,5134,2026-05-15,130A,3249B,Water Based,method_ii,7.5,6797A,10.0,0.335,excellent,6,True
BULK-INV-5134-L01,BULK-INV-5134,5134,2026-05-15,130A,3249B,Water Based,method_ii,7.5,6787A,10.0,0.35,excellent,7,True
BULK-INV-5134-L01,BULK-INV-5134,5134,2026-05-15,130A,3249B,Water Based,method_ii,7.5,6802B,10.0,0.351,excellent,8,True
BULK-INV-5134-L01,BULK-INV-5134,5134,2026-05-15,130A,3249B,Water Based,method_ii,7.5,6788B,10.0,0.373,excellent,9,True
BULK-INV-5134-L01,BULK-INV-5134,5134,2026-05-15,130A,3249B,Water Based,method_ii,7.5,6796B,8.0,0.375,excellent,10,True
BULK-INV-5134-L01,BULK-INV-5134,5134,2026-05-15,130A,3249B,Water Based,method_ii,7.5,6801B,4.0,0.404,excellent,11,False
BULK-INV-5134-L01,BULK-INV-5134,5134,2026-05-15,130A,3249B,Water Based,method_ii,7.5,6788A,10.0,0.508,excellent,12,True
BULK-INV-5134-L01,BULK-INV-5134,5134,2026-05-15,130A,3249B,Water Based,method_ii,7.5,6797B,7.0,0.685,strict,13,False
BULK-INV-5134-L01,BULK-INV-5134,5134,2026-05-15,130A,3249B,Water Based,method_ii,7.5,6789B,10.0,0.76,strict,14,True
BULK-INV-5134-L01,BULK-INV-5134,5134,2026-05-15,130A,3249B,Water Based,method_ii,7.5,6787B,7.0,0.797,strict,15,False
BULK-INV-5134-L01,BULK-INV-5134,5134,2026-05-15,130A,3249B,Water Based,method_ii,7.5,6548A,4.0,0.904,strict,16,False
BULK-INV-5134-L01,BULK-INV-5134,5134,2026-05-15,130A,3249B,Water Based,method_ii,7.5,6823N-B,5.0,1.056,relaxed,17,False
BULK-INV-5134-L01,BULK-INV-5134,5134,2026-05-15,130A,3249B,Water Based,method_ii,7.5,6833A,10.0,1.074,relaxed,18,True
BULK-INV-5134-L01,BULK-INV-5134,5134,2026-05-15,130A,3249B,Water Based,method_ii,7.5,6719N-D,5.0,1.165,relaxed,19,False
BULK-INV-5134-L01,BULK-INV-5134,5134,2026-05-15,130A,3249B,Water Based,method_ii,7.5,6803B,5.0,1.196,relaxed,20,False
BULK-INV-5134-L01,BULK-INV-5134,5134,2026-05-15,130A,3249B,Water Based,method_ii,7.5,6803A,10.0,1.227,relaxed,21,True
BULK-INV-5134-L01,BULK-INV-5134,5134,2026-05-15,130A,3249B,Water Based,method_ii,7.5,6832A,10.0,1.584,review,22,True
BULK-INV-5134-L01,BULK-INV-5134,5134,2026-05-15,130A,3249B,Water Based,method_ii,7.5,6832B,6.0,1.699,review,23,False
BULK-INV-5134-L01,BULK-INV-5134,5134,2026-05-15,130A,3249B,Water Based,method_ii,7.5,6833B,10.0,2.032,review,24,True
BULK-INV-5134-L01,BULK-INV-5134,5134,2026-05-15,130A,3249B,Water Based,method_ii,7.5,6528A,10.0,2.171,review,25,True
BULK-INV-5134-L01,BULK-INV-5134,5134,2026-05-15,130A,3249B,Water Based,method_ii,7.5,6770B,10.0,2.281,review,26,True
BULK-INV-5134-L02,BULK-INV-5134,5134,2026-05-15,130,325,Water Based,method_ii,1.0,6778N-B,5.0,0.292,excellent,1,True
BULK-INV-5134-L02,BULK-INV-5134,5134,2026-05-15,130,325,Water Based,method_ii,1.0,6823N-D,5.0,0.493,excellent,2,True
BULK-INV-5134-L02,BULK-INV-5134,5134,2026-05-15,130,325,Water Based,method_ii,1.0,6824N-A,5.0,0.52,excellent,3,True
BULK-INV-5134-L02,BULK-INV-5134,5134,2026-05-15,130,325,Water Based,method_ii,1.0,6823N-C,5.0,0.623,strict,4,True
BULK-INV-5134-L02,BULK-INV-5134,5134,2026-05-15,130,325,Water Based,method_ii,1.0,6823N-A,5.0,0.732,strict,5,True
BULK-INV-5134-L02,BULK-INV-5134,5134,2026-05-15,130,325,Water Based,method_ii,1.0,6822N-D,5.0,0.747,strict,6,True
BULK-INV-5134-L02,BULK-INV-5134,5134,2026-05-15,130,325,Water Based,method_ii,1.0,6828N-D,5.0,0.799,strict,7,True
BULK-INV-5134-L02,BULK-INV-5134,5134,2026-05-15,130,325,Water Based,method_ii,1.0,6563A,6.0,0.929,strict,8,True
BULK-INV-5134-L02,BULK-INV-5134,5134,2026-05-15,130,325,Water Based,method_ii,1.0,6764-B,5.0,0.941,strict,9,True
BULK-INV-5134-L02,BULK-INV-5134,5134,2026-05-15,130,325,Water Based,method_ii,1.0,6768A,5.0,0.957,strict,10,True
BULK-INV-5134-L02,BULK-INV-5134,5134,2026-05-15,130,325,Water Based,method_ii,1.0,6828N-A,5.0,0.974,strict,11,True
BULK-INV-5134-L02,BULK-INV-5134,5134,2026-05-15,130,325,Water Based,method_ii,1.0,6828N-C,5.0,1.052,relaxed,12,True
BULK-INV-5134-L02,BULK-INV-5134,5134,2026-05-15,130,325,Water Based,method_ii,1.0,6822N-C,5.0,1.066,relaxed,13,True
BULK-INV-5134-L02,BULK-INV-5134,5134,2026-05-15,130,325,Water Based,method_ii,1.0,6764-A,10.0,1.175,relaxed,14,True
BULK-INV-5134-L02,BULK-INV-5134,5134,2026-05-15,130,325,Water Based,method_ii,1.0,6127A,5.0,1.205,relaxed,15,True
BULK-INV-5134-L02,BULK-INV-5134,5134,2026-05-15,130,325,Water Based,method_ii,1.0,6767A,10.0,1.397,relaxed,16,True
BULK-INV-5134-L02,BULK-INV-5134,5134,2026-05-15,130,325,Water Based,method_ii,1.0,6566A,6.0,1.422,relaxed,17,True
BULK-INV-5134-L02,BULK-INV-5134,5134,2026-05-15,130,325,Water Based,method_ii,1.0,6566A,5.0,1.422,relaxed,18,True
BULK-INV-5134-L02,BULK-INV-5134,5134,2026-05-15,130,325,Water Based,method_ii,1.0,6785B,10.0,1.449,relaxed,19,True
BULK-INV-5134-L02,BULK-INV-5134,5134,2026-05-15,130,325,Water Based,method_ii,1.0,6767B,10.0,1.465,relaxed,20,True
BULK-INV-5134-L02,BULK-INV-5134,5134,2026-05-15,130,325,Water Based,method_ii,1.0,6812B,10.0,1.476,relaxed,21,True
BULK-INV-5134-L02,BULK-INV-5134,5134,2026-05-15,130,325,Water Based,method_ii,1.0,6784B,7.0,1.546,review,22,True
BULK-INV-5134-L02,BULK-INV-5134,5134,2026-05-15,130,325,Water Based,method_ii,1.0,6782A,10.0,1.575,review,23,True
BULK-INV-5134-L02,BULK-INV-5134,5134,2026-05-15,130,325,Water Based,method_ii,1.0,6784A,10.0,1.581,review,24,True
BULK-INV-5134-L02,BULK-INV-5134,5134,2026-05-15,130,325,Water Based,method_ii,1.0,6781B,2.0,1.623,review,25,True
BULK-INV-5134-L02,BULK-INV-5134,5134,2026-05-15,130,325,Water Based,method_ii,1.0,6785A,10.0,1.688,review,26,True
BULK-INV-5134-L02,BULK-INV-5134,5134,2026-05-15,130,325,Water Based,method_ii,1.0,6826N-D,5.0,1.84,review,27,True
BULK-INV-5134-L02,BULK-INV-5134,5134,2026-05-15,130,325,Water Based,method_ii,1.0,6781A,10.0,1.929,review,28,True
BULK-INV-5134-L02,BULK-INV-5134,5134,2026-05-15,130,325,Water Based,method_ii,1.0,6812A,10.0,1.955,review,29,True
BULK-INV-5134-L02,BULK-INV-5134,5134,2026-05-15,130,325,Water Based,method_ii,1.0,6827N-A,5.0,1.965,review,30,True
BULK-INV-5134-L02,BULK-INV-5134,5134,2026-05-15,130,325,Water Based,method_ii,1.0,6770A,10.0,2.183,review,31,True
BULK-INV-5135-L01,BULK-INV-5135,5135,2026-04-01,130,325,Water Based,method_ii,12.0,6778N-B,5.0,0.292,excellent,1,False
BULK-INV-5135-L01,BULK-INV-5135,5135,2026-04-01,130,325,Water Based,method_ii,12.0,6823N-D,5.0,0.493,excellent,2,False
BULK-INV-5135-L01,BULK-INV-5135,5135,2026-04-01,130,325,Water Based,method_ii,12.0,6824N-A,5.0,0.52,excellent,3,False
BULK-INV-5135-L01,BULK-INV-5135,5135,2026-04-01,130,325,Water Based,method_ii,12.0,6823N-C,5.0,0.623,strict,4,False
BULK-INV-5135-L01,BULK-INV-5135,5135,2026-04-01,130,325,Water Based,method_ii,12.0,6823N-A,5.0,0.732,strict,5,False
BULK-INV-5135-L01,BULK-INV-5135,5135,2026-04-01,130,325,Water Based,method_ii,12.0,6822N-D,5.0,0.747,strict,6,False
BULK-INV-5135-L01,BULK-INV-5135,5135,2026-04-01,130,325,Water Based,method_ii,12.0,6828N-D,5.0,0.799,strict,7,False
BULK-INV-5135-L01,BULK-INV-5135,5135,2026-04-01,130,325,Water Based,method_ii,12.0,6563A,6.0,0.929,strict,8,False
BULK-INV-5135-L01,BULK-INV-5135,5135,2026-04-01,130,325,Water Based,method_ii,12.0,6764-B,5.0,0.941,strict,9,False
BULK-INV-5135-L01,BULK-INV-5135,5135,2026-04-01,130,325,Water Based,method_ii,12.0,6768A,5.0,0.957,strict,10,False
BULK-INV-5135-L01,BULK-INV-5135,5135,2026-04-01,130,325,Water Based,method_ii,12.0,6828N-A,5.0,0.974,strict,11,False
BULK-INV-5135-L01,BULK-INV-5135,5135,2026-04-01,130,325,Water Based,method_ii,12.0,6828N-C,5.0,1.052,relaxed,12,False
BULK-INV-5135-L01,BULK-INV-5135,5135,2026-04-01,130,325,Water Based,method_ii,12.0,6822N-C,5.0,1.066,relaxed,13,False
BULK-INV-5135-L01,BULK-INV-5135,5135,2026-04-01,130,325,Water Based,method_ii,12.0,6764-A,10.0,1.175,relaxed,14,False
BULK-INV-5135-L01,BULK-INV-5135,5135,2026-04-01,130,325,Water Based,method_ii,12.0,6127A,5.0,1.205,relaxed,15,False
BULK-INV-5135-L01,BULK-INV-5135,5135,2026-04-01,130,325,Water Based,method_ii,12.0,6767A,10.0,1.397,relaxed,16,False
BULK-INV-5135-L01,BULK-INV-5135,5135,2026-04-01,130,325,Water Based,method_ii,12.0,6566A,6.0,1.422,relaxed,17,False
BULK-INV-5135-L01,BULK-INV-5135,5135,2026-04-01,130,325,Water Based,method_ii,12.0,6566A,5.0,1.422,relaxed,18,False
BULK-INV-5135-L01,BULK-INV-5135,5135,2026-04-01,130,325,Water Based,method_ii,12.0,6785B,10.0,1.449,relaxed,19,False
BULK-INV-5135-L01,BULK-INV-5135,5135,2026-04-01,130,325,Water Based,method_ii,12.0,6767B,10.0,1.465,relaxed,20,False
BULK-INV-5135-L01,BULK-INV-5135,5135,2026-04-01,130,325,Water Based,method_ii,12.0,6812B,10.0,1.476,relaxed,21,False
BULK-INV-5135-L01,BULK-INV-5135,5135,2026-04-01,130,325,Water Based,method_ii,12.0,6784B,7.0,1.546,review,22,False
BULK-INV-5135-L01,BULK-INV-5135,5135,2026-04-01,130,325,Water Based,method_ii,12.0,6782A,10.0,1.575,review,23,False
BULK-INV-5135-L01,BULK-INV-5135,5135,2026-04-01,130,325,Water Based,method_ii,12.0,6784A,10.0,1.581,review,24,False
BULK-INV-5135-L01,BULK-INV-5135,5135,2026-04-01,130,325,Water Based,method_ii,12.0,6781B,2.0,1.623,review,25,False
BULK-INV-5135-L01,BULK-INV-5135,5135,2026-04-01,130,325,Water Based,method_ii,12.0,6785A,10.0,1.688,review,26,False
BULK-INV-5135-L01,BULK-INV-5135,5135,2026-04-01,130,325,Water Based,method_ii,12.0,6826N-D,5.0,1.84,review,27,False
BULK-INV-5135-L01,BULK-INV-5135,5135,2026-04-01,130,325,Water Based,method_ii,12.0,6781A,10.0,1.929,review,28,False
BULK-INV-5135-L01,BULK-INV-5135,5135,2026-04-01,130,325,Water Based,method_ii,12.0,6812A,10.0,1.955,review,29,False
BULK-INV-5135-L01,BULK-INV-5135,5135,2026-04-01,130,325,Water Based,method_ii,12.0,6827N-A,5.0,1.965,review,30,False
BULK-INV-5135-L01,BULK-INV-5135,5135,2026-04-01,130,325,Water Based,method_ii,12.0,6770A,10.0,2.183,review,31,False
BULK-INV-5136-L01,BULK-INV-5136,5136,2026-04-02,130A,3249B,Water Based,method_ii,1.5,6802A,10.0,0.119,excellent,1,True
BULK-INV-5136-L01,BULK-INV-5136,5136,2026-04-02,130A,3249B,Water Based,method_ii,1.5,6796A,10.0,0.161,excellent,2,True
BULK-INV-5136-L01,BULK-INV-5136,5136,2026-04-02,130A,3249B,Water Based,method_ii,1.5,6801A,10.0,0.212,excellent,3,True
BULK-INV-5136-L01,BULK-INV-5136,5136,2026-04-02,130A,3249B,Water Based,method_ii,1.5,6789A,10.0,0.214,excellent,4,True
BULK-INV-5136-L01,BULK-INV-5136,5136,2026-04-02,130A,3249B,Water Based,method_ii,1.5,6822N-A,5.0,0.331,excellent,5,True
BULK-INV-5136-L01,BULK-INV-5136,5136,2026-04-02,130A,3249B,Water Based,method_ii,1.5,6797A,10.0,0.335,excellent,6,True
BULK-INV-5136-L01,BULK-INV-5136,5136,2026-04-02,130A,3249B,Water Based,method_ii,1.5,6787A,10.0,0.35,excellent,7,True
BULK-INV-5136-L01,BULK-INV-5136,5136,2026-04-02,130A,3249B,Water Based,method_ii,1.5,6802B,10.0,0.351,excellent,8,True
BULK-INV-5136-L01,BULK-INV-5136,5136,2026-04-02,130A,3249B,Water Based,method_ii,1.5,6788B,10.0,0.373,excellent,9,True
BULK-INV-5136-L01,BULK-INV-5136,5136,2026-04-02,130A,3249B,Water Based,method_ii,1.5,6796B,8.0,0.375,excellent,10,True
BULK-INV-5136-L01,BULK-INV-5136,5136,2026-04-02,130A,3249B,Water Based,method_ii,1.5,6801B,4.0,0.404,excellent,11,True
BULK-INV-5136-L01,BULK-INV-5136,5136,2026-04-02,130A,3249B,Water Based,method_ii,1.5,6788A,10.0,0.508,excellent,12,True
BULK-INV-5136-L01,BULK-INV-5136,5136,2026-04-02,130A,3249B,Water Based,method_ii,1.5,6797B,7.0,0.685,strict,13,True
BULK-INV-5136-L01,BULK-INV-5136,5136,2026-04-02,130A,3249B,Water Based,method_ii,1.5,6789B,10.0,0.76,strict,14,True
BULK-INV-5136-L01,BULK-INV-5136,5136,2026-04-02,130A,3249B,Water Based,method_ii,1.5,6787B,7.0,0.797,strict,15,True
BULK-INV-5136-L01,BULK-INV-5136,5136,2026-04-02,130A,3249B,Water Based,method_ii,1.5,6548A,4.0,0.904,strict,16,True
BULK-INV-5136-L01,BULK-INV-5136,5136,2026-04-02,130A,3249B,Water Based,method_ii,1.5,6823N-B,5.0,1.056,relaxed,17,True
BULK-INV-5136-L01,BULK-INV-5136,5136,2026-04-02,130A,3249B,Water Based,method_ii,1.5,6833A,10.0,1.074,relaxed,18,True
BULK-INV-5136-L01,BULK-INV-5136,5136,2026-04-02,130A,3249B,Water Based,method_ii,1.5,6719N-D,5.0,1.165,relaxed,19,True
BULK-INV-5136-L01,BULK-INV-5136,5136,2026-04-02,130A,3249B,Water Based,method_ii,1.5,6803B,5.0,1.196,relaxed,20,True
BULK-INV-5136-L01,BULK-INV-5136,5136,2026-04-02,130A,3249B,Water Based,method_ii,1.5,6803A,10.0,1.227,relaxed,21,True
BULK-INV-5136-L01,BULK-INV-5136,5136,2026-04-02,130A,3249B,Water Based,method_ii,1.5,6832A,10.0,1.584,review,22,True
BULK-INV-5136-L01,BULK-INV-5136,5136,2026-04-02,130A,3249B,Water Based,method_ii,1.5,6832B,6.0,1.699,review,23,True
BULK-INV-5136-L01,BULK-INV-5136,5136,2026-04-02,130A,3249B,Water Based,method_ii,1.5,6833B,10.0,2.032,review,24,True
BULK-INV-5136-L01,BULK-INV-5136,5136,2026-04-02,130A,3249B,Water Based,method_ii,1.5,6528A,10.0,2.171,review,25,True
BULK-INV-5136-L01,BULK-INV-5136,5136,2026-04-02,130A,3249B,Water Based,method_ii,1.5,6770B,10.0,2.281,review,26,True
BULK-INV-5136-L02,BULK-INV-5136,5136,2026-04-02,130A,3249B,Water Based,method_ii,0.5,6802A,10.0,0.119,excellent,1,True
BULK-INV-5136-L02,BULK-INV-5136,5136,2026-04-02,130A,3249B,Water Based,method_ii,0.5,6796A,10.0,0.161,excellent,2,True
BULK-INV-5136-L02,BULK-INV-5136,5136,2026-04-02,130A,3249B,Water Based,method_ii,0.5,6801A,10.0,0.212,excellent,3,True
BULK-INV-5136-L02,BULK-INV-5136,5136,2026-04-02,130A,3249B,Water Based,method_ii,0.5,6789A,10.0,0.214,excellent,4,True
BULK-INV-5136-L02,BULK-INV-5136,5136,2026-04-02,130A,3249B,Water Based,method_ii,0.5,6822N-A,5.0,0.331,excellent,5,True
BULK-INV-5136-L02,BULK-INV-5136,5136,2026-04-02,130A,3249B,Water Based,method_ii,0.5,6797A,10.0,0.335,excellent,6,True
BULK-INV-5136-L02,BULK-INV-5136,5136,2026-04-02,130A,3249B,Water Based,method_ii,0.5,6787A,10.0,0.35,excellent,7,True
BULK-INV-5136-L02,BULK-INV-5136,5136,2026-04-02,130A,3249B,Water Based,method_ii,0.5,6802B,10.0,0.351,excellent,8,True
BULK-INV-5136-L02,BULK-INV-5136,5136,2026-04-02,130A,3249B,Water Based,method_ii,0.5,6788B,10.0,0.373,excellent,9,True
BULK-INV-5136-L02,BULK-INV-5136,5136,2026-04-02,130A,3249B,Water Based,method_ii,0.5,6796B,8.0,0.375,excellent,10,True
BULK-INV-5136-L02,BULK-INV-5136,5136,2026-04-02,130A,3249B,Water Based,method_ii,0.5,6801B,4.0,0.404,excellent,11,True
BULK-INV-5136-L02,BULK-INV-5136,5136,2026-04-02,130A,3249B,Water Based,method_ii,0.5,6788A,10.0,0.508,excellent,12,True
BULK-INV-5136-L02,BULK-INV-5136,5136,2026-04-02,130A,3249B,Water Based,method_ii,0.5,6797B,7.0,0.685,strict,13,True
BULK-INV-5136-L02,BULK-INV-5136,5136,2026-04-02,130A,3249B,Water Based,method_ii,0.5,6789B,10.0,0.76,strict,14,True
BULK-INV-5136-L02,BULK-INV-5136,5136,2026-04-02,130A,3249B,Water Based,method_ii,0.5,6787B,7.0,0.797,strict,15,True
BULK-INV-5136-L02,BULK-INV-5136,5136,2026-04-02,130A,3249B,Water Based,method_ii,0.5,6548A,4.0,0.904,strict,16,True
BULK-INV-5136-L02,BULK-INV-5136,5136,2026-04-02,130A,3249B,Water Based,method_ii,0.5,6823N-B,5.0,1.056,relaxed,17,True
BULK-INV-5136-L02,BULK-INV-5136,5136,2026-04-02,130A,3249B,Water Based,method_ii,0.5,6833A,10.0,1.074,relaxed,18,True
BULK-INV-5136-L02,BULK-INV-5136,5136,2026-04-02,130A,3249B,Water Based,method_ii,0.5,6719N-D,5.0,1.165,relaxed,19,True
BULK-INV-5136-L02,BULK-INV-5136,5136,2026-04-02,130A,3249B,Water Based,method_ii,0.5,6803B,5.0,1.196,relaxed,20,True
BULK-INV-5136-L02,BULK-INV-5136,5136,2026-04-02,130A,3249B,Water Based,method_ii,0.5,6803A,10.0,1.227,relaxed,21,True
BULK-INV-5136-L02,BULK-INV-5136,5136,2026-04-02,130A,3249B,Water Based,method_ii,0.5,6832A,10.0,1.584,review,22,True
BULK-INV-5136-L02,BULK-INV-5136,5136,2026-04-02,130A,3249B,Water Based,method_ii,0.5,6832B,6.0,1.699,review,23,True
BULK-INV-5136-L02,BULK-INV-5136,5136,2026-04-02,130A,3249B,Water Based,method_ii,0.5,6833B,10.0,2.032,review,24,True
BULK-INV-5136-L02,BULK-INV-5136,5136,2026-04-02,130A,3249B,Water Based,method_ii,0.5,6528A,10.0,2.171,review,25,True
BULK-INV-5136-L02,BULK-INV-5136,5136,2026-04-02,130A,3249B,Water Based,method_ii,0.5,6770B,10.0,2.281,review,26,True
BULK-INV-5137-L01,BULK-INV-5137,5137,2026-04-03,130,325,Paint,method_i_b,1.5,6764-B,5.0,0.13,excellent,1,True
BULK-INV-5137-L01,BULK-INV-5137,5137,2026-04-03,130,325,Paint,method_i_b,1.5,6767A,10.0,0.269,excellent,2,True
BULK-INV-5137-L01,BULK-INV-5137,5137,2026-04-03,130,325,Paint,method_i_b,1.5,6823N-C,5.0,0.269,excellent,3,True
BULK-INV-5137-L01,BULK-INV-5137,5137,2026-04-03,130,325,Paint,method_i_b,1.5,6768A,5.0,0.284,excellent,4,True
BULK-INV-5137-L01,BULK-INV-5137,5137,2026-04-03,130,325,Paint,method_i_b,1.5,6764-A,10.0,0.297,excellent,5,True
BULK-INV-5137-L01,BULK-INV-5137,5137,2026-04-03,130,325,Paint,method_i_b,1.5,6782A,10.0,0.297,excellent,6,True
BULK-INV-5137-L01,BULK-INV-5137,5137,2026-04-03,130,325,Paint,method_i_b,1.5,6781A,10.0,0.309,excellent,7,True
BULK-INV-5137-L01,BULK-INV-5137,5137,2026-04-03,130,325,Paint,method_i_b,1.5,6781B,2.0,0.311,excellent,8,True
BULK-INV-5137-L01,BULK-INV-5137,5137,2026-04-03,130,325,Paint,method_i_b,1.5,6785A,10.0,0.323,excellent,9,True
BULK-INV-5137-L01,BULK-INV-5137,5137,2026-04-03,130,325,Paint,method_i_b,1.5,6823N-D,5.0,0.342,excellent,10,True
BULK-INV-5137-L01,BULK-INV-5137,5137,2026-04-03,130,325,Paint,method_i_b,1.5,6824N-A,5.0,0.363,excellent,11,True
BULK-INV-5137-L01,BULK-INV-5137,5137,2026-04-03,130,325,Paint,method_i_b,1.5,6822N-C,5.0,0.369,excellent,12,True
BULK-INV-5137-L01,BULK-INV-5137,5137,2026-04-03,130,325,Paint,method_i_b,1.5,6767B,10.0,0.371,excellent,13,True
BULK-INV-5137-L01,BULK-INV-5137,5137,2026-04-03,130,325,Paint,method_i_b,1.5,6828N-A,5.0,0.371,excellent,14,True
BULK-INV-5137-L01,BULK-INV-5137,5137,2026-04-03,130,325,Paint,method_i_b,1.5,6770A,10.0,0.387,excellent,15,True
BULK-INV-5137-L01,BULK-INV-5137,5137,2026-04-03,130,325,Paint,method_i_b,1.5,6784B,7.0,0.396,excellent,16,True
BULK-INV-5137-L01,BULK-INV-5137,5137,2026-04-03,130,325,Paint,method_i_b,1.5,6784A,10.0,0.415,excellent,17,True
BULK-INV-5137-L01,BULK-INV-5137,5137,2026-04-03,130,325,Paint,method_i_b,1.5,6828N-D,5.0,0.446,excellent,18,True
BULK-INV-5137-L01,BULK-INV-5137,5137,2026-04-03,130,325,Paint,method_i_b,1.5,6785B,10.0,0.453,excellent,19,True
BULK-INV-5137-L01,BULK-INV-5137,5137,2026-04-03,130,325,Paint,method_i_b,1.5,6563A,6.0,0.54,excellent,20,True
BULK-INV-5137-L01,BULK-INV-5137,5137,2026-04-03,130,325,Paint,method_i_b,1.5,6822N-D,5.0,0.559,excellent,21,True
BULK-INV-5137-L01,BULK-INV-5137,5137,2026-04-03,130,325,Paint,method_i_b,1.5,6823N-A,5.0,0.602,strict,22,True
BULK-INV-5137-L01,BULK-INV-5137,5137,2026-04-03,130,325,Paint,method_i_b,1.5,6127A,5.0,0.633,strict,23,True
BULK-INV-5137-L01,BULK-INV-5137,5137,2026-04-03,130,325,Paint,method_i_b,1.5,6828N-C,5.0,0.661,strict,24,True
BULK-INV-5137-L01,BULK-INV-5137,5137,2026-04-03,130,325,Paint,method_i_b,1.5,6812B,10.0,0.72,strict,25,True
BULK-INV-5137-L01,BULK-INV-5137,5137,2026-04-03,130,325,Paint,method_i_b,1.5,6812A,10.0,0.836,strict,26,True
BULK-INV-5137-L01,BULK-INV-5137,5137,2026-04-03,130,325,Paint,method_i_b,1.5,6566A,6.0,0.872,strict,27,True
BULK-INV-5137-L01,BULK-INV-5137,5137,2026-04-03,130,325,Paint,method_i_b,1.5,6566A,5.0,0.872,strict,28,True
BULK-INV-5137-L01,BULK-INV-5137,5137,2026-04-03,130,325,Paint,method_i_b,1.5,6778N-B,5.0,1.01,relaxed,29,True
BULK-INV-5137-L01,BULK-INV-5137,5137,2026-04-03,130,325,Paint,method_i_b,1.5,6826N-D,5.0,1.094,relaxed,30,True
BULK-INV-5137-L01,BULK-INV-5137,5137,2026-04-03,130,325,Paint,method_i_b,1.5,6827N-A,5.0,1.231,relaxed,31,True
BULK-INV-5138-L01,BULK-INV-5138,5138,2026-04-04,130A,3249B,Paint,method_i_b,1.5,6788A,10.0,0.017,excellent,1,True
BULK-INV-5138-L01,BULK-INV-5138,5138,2026-04-04,130A,3249B,Paint,method_i_b,1.5,6787B,7.0,0.07,excellent,2,True
BULK-INV-5138-L01,BULK-INV-5138,5138,2026-04-04,130A,3249B,Paint,method_i_b,1.5,6797B,7.0,0.082,excellent,3,True
BULK-INV-5138-L01,BULK-INV-5138,5138,2026-04-04,130A,3249B,Paint,method_i_b,1.5,6797A,10.0,0.09,excellent,4,True
BULK-INV-5138-L01,BULK-INV-5138,5138,2026-04-04,130A,3249B,Paint,method_i_b,1.5,6787A,10.0,0.101,excellent,5,True
BULK-INV-5138-L01,BULK-INV-5138,5138,2026-04-04,130A,3249B,Paint,method_i_b,1.5,6796B,8.0,0.197,excellent,6,True
BULK-INV-5138-L01,BULK-INV-5138,5138,2026-04-04,130A,3249B,Paint,method_i_b,1.5,6788B,10.0,0.271,excellent,7,True
BULK-INV-5138-L01,BULK-INV-5138,5138,2026-04-04,130A,3249B,Paint,method_i_b,1.5,6796A,10.0,0.331,excellent,8,True
BULK-INV-5138-L01,BULK-INV-5138,5138,2026-04-04,130A,3249B,Paint,method_i_b,1.5,6803B,5.0,0.429,excellent,9,True
BULK-INV-5138-L01,BULK-INV-5138,5138,2026-04-04,130A,3249B,Paint,method_i_b,1.5,6802A,10.0,0.526,excellent,10,True
BULK-INV-5138-L01,BULK-INV-5138,5138,2026-04-04,130A,3249B,Paint,method_i_b,1.5,6801B,4.0,0.59,excellent,11,True
BULK-INV-5138-L01,BULK-INV-5138,5138,2026-04-04,130A,3249B,Paint,method_i_b,1.5,6803A,10.0,0.611,strict,12,True
BULK-INV-5138-L01,BULK-INV-5138,5138,2026-04-04,130A,3249B,Paint,method_i_b,1.5,6822N-A,5.0,0.661,strict,13,True
BULK-INV-5138-L01,BULK-INV-5138,5138,2026-04-04,130A,3249B,Paint,method_i_b,1.5,6833B,10.0,0.708,strict,14,True
BULK-INV-5138-L01,BULK-INV-5138,5138,2026-04-04,130A,3249B,Paint,method_i_b,1.5,6833A,10.0,0.77,strict,15,True
BULK-INV-5138-L01,BULK-INV-5138,5138,2026-04-04,130A,3249B,Paint,method_i_b,1.5,6802B,10.0,0.827,strict,16,True
BULK-INV-5138-L01,BULK-INV-5138,5138,2026-04-04,130A,3249B,Paint,method_i_b,1.5,6548A,4.0,0.833,strict,17,True
BULK-INV-5138-L01,BULK-INV-5138,5138,2026-04-04,130A,3249B,Paint,method_i_b,1.5,6832B,6.0,0.897,strict,18,True
BULK-INV-5138-L01,BULK-INV-5138,5138,2026-04-04,130A,3249B,Paint,method_i_b,1.5,6789A,10.0,0.899,strict,19,True
BULK-INV-5138-L01,BULK-INV-5138,5138,2026-04-04,130A,3249B,Paint,method_i_b,1.5,6801A,10.0,0.915,strict,20,True
BULK-INV-5138-L01,BULK-INV-5138,5138,2026-04-04,130A,3249B,Paint,method_i_b,1.5,6832A,10.0,0.923,strict,21,True
BULK-INV-5138-L01,BULK-INV-5138,5138,2026-04-04,130A,3249B,Paint,method_i_b,1.5,6719N-D,5.0,0.961,strict,22,True
BULK-INV-5138-L01,BULK-INV-5138,5138,2026-04-04,130A,3249B,Paint,method_i_b,1.5,6789B,10.0,1.026,relaxed,23,True
BULK-INV-5138-L01,BULK-INV-5138,5138,2026-04-04,130A,3249B,Paint,method_i_b,1.5,6770B,10.0,1.095,relaxed,24,True
BULK-INV-5138-L01,BULK-INV-5138,5138,2026-04-04,130A,3249B,Paint,method_i_b,1.5,6528A,10.0,1.236,relaxed,25,True
BULK-INV-5138-L01,BULK-INV-5138,5138,2026-04-04,130A,3249B,Paint,method_i_b,1.5,6823N-B,5.0,1.393,relaxed,26,True
BULK-INV-5139-L01,BULK-INV-5139,5139,2026-04-05,130,325,Paint,method_i_b,7.5,6764-B,5.0,0.13,excellent,1,False
BULK-INV-5139-L01,BULK-INV-5139,5139,2026-04-05,130,325,Paint,method_i_b,7.5,6767A,10.0,0.269,excellent,2,True
BULK-INV-5139-L01,BULK-INV-5139,5139,2026-04-05,130,325,Paint,method_i_b,7.5,6823N-C,5.0,0.269,excellent,3,False
BULK-INV-5139-L01,BULK-INV-5139,5139,2026-04-05,130,325,Paint,method_i_b,7.5,6768A,5.0,0.284,excellent,4,False
BULK-INV-5139-L01,BULK-INV-5139,5139,2026-04-05,130,325,Paint,method_i_b,7.5,6764-A,10.0,0.297,excellent,5,True
BULK-INV-5139-L01,BULK-INV-5139,5139,2026-04-05,130,325,Paint,method_i_b,7.5,6782A,10.0,0.297,excellent,6,True
BULK-INV-5139-L01,BULK-INV-5139,5139,2026-04-05,130,325,Paint,method_i_b,7.5,6781A,10.0,0.309,excellent,7,True
BULK-INV-5139-L01,BULK-INV-5139,5139,2026-04-05,130,325,Paint,method_i_b,7.5,6781B,2.0,0.311,excellent,8,False
BULK-INV-5139-L01,BULK-INV-5139,5139,2026-04-05,130,325,Paint,method_i_b,7.5,6785A,10.0,0.323,excellent,9,True
BULK-INV-5139-L01,BULK-INV-5139,5139,2026-04-05,130,325,Paint,method_i_b,7.5,6823N-D,5.0,0.342,excellent,10,False
BULK-INV-5139-L01,BULK-INV-5139,5139,2026-04-05,130,325,Paint,method_i_b,7.5,6824N-A,5.0,0.363,excellent,11,False
BULK-INV-5139-L01,BULK-INV-5139,5139,2026-04-05,130,325,Paint,method_i_b,7.5,6822N-C,5.0,0.369,excellent,12,False
BULK-INV-5139-L01,BULK-INV-5139,5139,2026-04-05,130,325,Paint,method_i_b,7.5,6767B,10.0,0.371,excellent,13,True
BULK-INV-5139-L01,BULK-INV-5139,5139,2026-04-05,130,325,Paint,method_i_b,7.5,6828N-A,5.0,0.371,excellent,14,False
BULK-INV-5139-L01,BULK-INV-5139,5139,2026-04-05,130,325,Paint,method_i_b,7.5,6770A,10.0,0.387,excellent,15,True
BULK-INV-5139-L01,BULK-INV-5139,5139,2026-04-05,130,325,Paint,method_i_b,7.5,6784B,7.0,0.396,excellent,16,False
BULK-INV-5139-L01,BULK-INV-5139,5139,2026-04-05,130,325,Paint,method_i_b,7.5,6784A,10.0,0.415,excellent,17,True
BULK-INV-5139-L01,BULK-INV-5139,5139,2026-04-05,130,325,Paint,method_i_b,7.5,6828N-D,5.0,0.446,excellent,18,False
BULK-INV-5139-L01,BULK-INV-5139,5139,2026-04-05,130,325,Paint,method_i_b,7.5,6785B,10.0,0.453,excellent,19,True
BULK-INV-5139-L01,BULK-INV-5139,5139,2026-04-05,130,325,Paint,method_i_b,7.5,6563A,6.0,0.54,excellent,20,False
BULK-INV-5139-L01,BULK-INV-5139,5139,2026-04-05,130,325,Paint,method_i_b,7.5,6822N-D,5.0,0.559,excellent,21,False
BULK-INV-5139-L01,BULK-INV-5139,5139,2026-04-05,130,325,Paint,method_i_b,7.5,6823N-A,5.0,0.602,strict,22,False
BULK-INV-5139-L01,BULK-INV-5139,5139,2026-04-05,130,325,Paint,method_i_b,7.5,6127A,5.0,0.633,strict,23,False
BULK-INV-5139-L01,BULK-INV-5139,5139,2026-04-05,130,325,Paint,method_i_b,7.5,6828N-C,5.0,0.661,strict,24,False
BULK-INV-5139-L01,BULK-INV-5139,5139,2026-04-05,130,325,Paint,method_i_b,7.5,6812B,10.0,0.72,strict,25,True
BULK-INV-5139-L01,BULK-INV-5139,5139,2026-04-05,130,325,Paint,method_i_b,7.5,6812A,10.0,0.836,strict,26,True
BULK-INV-5139-L01,BULK-INV-5139,5139,2026-04-05,130,325,Paint,method_i_b,7.5,6566A,6.0,0.872,strict,27,False
BULK-INV-5139-L01,BULK-INV-5139,5139,2026-04-05,130,325,Paint,method_i_b,7.5,6566A,5.0,0.872,strict,28,False
BULK-INV-5139-L01,BULK-INV-5139,5139,2026-04-05,130,325,Paint,method_i_b,7.5,6778N-B,5.0,1.01,relaxed,29,False
BULK-INV-5139-L01,BULK-INV-5139,5139,2026-04-05,130,325,Paint,method_i_b,7.5,6826N-D,5.0,1.094,relaxed,30,False
BULK-INV-5139-L01,BULK-INV-5139,5139,2026-04-05,130,325,Paint,method_i_b,7.5,6827N-A,5.0,1.231,relaxed,31,False
BULK-INV-5140-L01,BULK-INV-5140,5140,2026-04-06,130,325,Paint,method_i_b,3.5,6764-B,5.0,0.13,excellent,1,True
BULK-INV-5140-L01,BULK-INV-5140,5140,2026-04-06,130,325,Paint,method_i_b,3.5,6767A,10.0,0.269,excellent,2,True
BULK-INV-5140-L01,BULK-INV-5140,5140,2026-04-06,130,325,Paint,method_i_b,3.5,6823N-C,5.0,0.269,excellent,3,True
BULK-INV-5140-L01,BULK-INV-5140,5140,2026-04-06,130,325,Paint,method_i_b,3.5,6768A,5.0,0.284,excellent,4,True
BULK-INV-5140-L01,BULK-INV-5140,5140,2026-04-06,130,325,Paint,method_i_b,3.5,6764-A,10.0,0.297,excellent,5,True
BULK-INV-5140-L01,BULK-INV-5140,5140,2026-04-06,130,325,Paint,method_i_b,3.5,6782A,10.0,0.297,excellent,6,True
BULK-INV-5140-L01,BULK-INV-5140,5140,2026-04-06,130,325,Paint,method_i_b,3.5,6781A,10.0,0.309,excellent,7,True
BULK-INV-5140-L01,BULK-INV-5140,5140,2026-04-06,130,325,Paint,method_i_b,3.5,6781B,2.0,0.311,excellent,8,False
BULK-INV-5140-L01,BULK-INV-5140,5140,2026-04-06,130,325,Paint,method_i_b,3.5,6785A,10.0,0.323,excellent,9,True
BULK-INV-5140-L01,BULK-INV-5140,5140,2026-04-06,130,325,Paint,method_i_b,3.5,6823N-D,5.0,0.342,excellent,10,True
BULK-INV-5140-L01,BULK-INV-5140,5140,2026-04-06,130,325,Paint,method_i_b,3.5,6824N-A,5.0,0.363,excellent,11,True
BULK-INV-5140-L01,BULK-INV-5140,5140,2026-04-06,130,325,Paint,method_i_b,3.5,6822N-C,5.0,0.369,excellent,12,True
BULK-INV-5140-L01,BULK-INV-5140,5140,2026-04-06,130,325,Paint,method_i_b,3.5,6767B,10.0,0.371,excellent,13,True
BULK-INV-5140-L01,BULK-INV-5140,5140,2026-04-06,130,325,Paint,method_i_b,3.5,6828N-A,5.0,0.371,excellent,14,True
BULK-INV-5140-L01,BULK-INV-5140,5140,2026-04-06,130,325,Paint,method_i_b,3.5,6770A,10.0,0.387,excellent,15,True
BULK-INV-5140-L01,BULK-INV-5140,5140,2026-04-06,130,325,Paint,method_i_b,3.5,6784B,7.0,0.396,excellent,16,True
BULK-INV-5140-L01,BULK-INV-5140,5140,2026-04-06,130,325,Paint,method_i_b,3.5,6784A,10.0,0.415,excellent,17,True
BULK-INV-5140-L01,BULK-INV-5140,5140,2026-04-06,130,325,Paint,method_i_b,3.5,6828N-D,5.0,0.446,excellent,18,True
BULK-INV-5140-L01,BULK-INV-5140,5140,2026-04-06,130,325,Paint,method_i_b,3.5,6785B,10.0,0.453,excellent,19,True
BULK-INV-5140-L01,BULK-INV-5140,5140,2026-04-06,130,325,Paint,method_i_b,3.5,6563A,6.0,0.54,excellent,20,True
BULK-INV-5140-L01,BULK-INV-5140,5140,2026-04-06,130,325,Paint,method_i_b,3.5,6822N-D,5.0,0.559,excellent,21,True
BULK-INV-5140-L01,BULK-INV-5140,5140,2026-04-06,130,325,Paint,method_i_b,3.5,6823N-A,5.0,0.602,strict,22,True
BULK-INV-5140-L01,BULK-INV-5140,5140,2026-04-06,130,325,Paint,method_i_b,3.5,6127A,5.0,0.633,strict,23,True
BULK-INV-5140-L01,BULK-INV-5140,5140,2026-04-06,130,325,Paint,method_i_b,3.5,6828N-C,5.0,0.661,strict,24,True
BULK-INV-5140-L01,BULK-INV-5140,5140,2026-04-06,130,325,Paint,method_i_b,3.5,6812B,10.0,0.72,strict,25,True
BULK-INV-5140-L01,BULK-INV-5140,5140,2026-04-06,130,325,Paint,method_i_b,3.5,6812A,10.0,0.836,strict,26,True
BULK-INV-5140-L01,BULK-INV-5140,5140,2026-04-06,130,325,Paint,method_i_b,3.5,6566A,6.0,0.872,strict,27,True
BULK-INV-5140-L01,BULK-INV-5140,5140,2026-04-06,130,325,Paint,method_i_b,3.5,6566A,5.0,0.872,strict,28,True
BULK-INV-5140-L01,BULK-INV-5140,5140,2026-04-06,130,325,Paint,method_i_b,3.5,6778N-B,5.0,1.01,relaxed,29,True
BULK-INV-5140-L01,BULK-INV-5140,5140,2026-04-06,130,325,Paint,method_i_b,3.5,6826N-D,5.0,1.094,relaxed,30,True
BULK-INV-5140-L01,BULK-INV-5140,5140,2026-04-06,130,325,Paint,method_i_b,3.5,6827N-A,5.0,1.231,relaxed,31,True
BULK-INV-5140-L02,BULK-INV-5140,5140,2026-04-06,130,325,Paint,method_i_b,1.25,6764-B,5.0,0.13,excellent,1,True
BULK-INV-5140-L02,BULK-INV-5140,5140,2026-04-06,130,325,Paint,method_i_b,1.25,6767A,10.0,0.269,excellent,2,True
BULK-INV-5140-L02,BULK-INV-5140,5140,2026-04-06,130,325,Paint,method_i_b,1.25,6823N-C,5.0,0.269,excellent,3,True
BULK-INV-5140-L02,BULK-INV-5140,5140,2026-04-06,130,325,Paint,method_i_b,1.25,6768A,5.0,0.284,excellent,4,True
BULK-INV-5140-L02,BULK-INV-5140,5140,2026-04-06,130,325,Paint,method_i_b,1.25,6764-A,10.0,0.297,excellent,5,True
BULK-INV-5140-L02,BULK-INV-5140,5140,2026-04-06,130,325,Paint,method_i_b,1.25,6782A,10.0,0.297,excellent,6,True
BULK-INV-5140-L02,BULK-INV-5140,5140,2026-04-06,130,325,Paint,method_i_b,1.25,6781A,10.0,0.309,excellent,7,True
BULK-INV-5140-L02,BULK-INV-5140,5140,2026-04-06,130,325,Paint,method_i_b,1.25,6781B,2.0,0.311,excellent,8,True
BULK-INV-5140-L02,BULK-INV-5140,5140,2026-04-06,130,325,Paint,method_i_b,1.25,6785A,10.0,0.323,excellent,9,True
BULK-INV-5140-L02,BULK-INV-5140,5140,2026-04-06,130,325,Paint,method_i_b,1.25,6823N-D,5.0,0.342,excellent,10,True
BULK-INV-5140-L02,BULK-INV-5140,5140,2026-04-06,130,325,Paint,method_i_b,1.25,6824N-A,5.0,0.363,excellent,11,True
BULK-INV-5140-L02,BULK-INV-5140,5140,2026-04-06,130,325,Paint,method_i_b,1.25,6822N-C,5.0,0.369,excellent,12,True
BULK-INV-5140-L02,BULK-INV-5140,5140,2026-04-06,130,325,Paint,method_i_b,1.25,6767B,10.0,0.371,excellent,13,True
BULK-INV-5140-L02,BULK-INV-5140,5140,2026-04-06,130,325,Paint,method_i_b,1.25,6828N-A,5.0,0.371,excellent,14,True
BULK-INV-5140-L02,BULK-INV-5140,5140,2026-04-06,130,325,Paint,method_i_b,1.25,6770A,10.0,0.387,excellent,15,True
BULK-INV-5140-L02,BULK-INV-5140,5140,2026-04-06,130,325,Paint,method_i_b,1.25,6784B,7.0,0.396,excellent,16,True
BULK-INV-5140-L02,BULK-INV-5140,5140,2026-04-06,130,325,Paint,method_i_b,1.25,6784A,10.0,0.415,excellent,17,True
BULK-INV-5140-L02,BULK-INV-5140,5140,2026-04-06,130,325,Paint,method_i_b,1.25,6828N-D,5.0,0.446,excellent,18,True
BULK-INV-5140-L02,BULK-INV-5140,5140,2026-04-06,130,325,Paint,method_i_b,1.25,6785B,10.0,0.453,excellent,19,True
BULK-INV-5140-L02,BULK-INV-5140,5140,2026-04-06,130,325,Paint,method_i_b,1.25,6563A,6.0,0.54,excellent,20,True
BULK-INV-5140-L02,BULK-INV-5140,5140,2026-04-06,130,325,Paint,method_i_b,1.25,6822N-D,5.0,0.559,excellent,21,True
BULK-INV-5140-L02,BULK-INV-5140,5140,2026-04-06,130,325,Paint,method_i_b,1.25,6823N-A,5.0,0.602,strict,22,True
BULK-INV-5140-L02,BULK-INV-5140,5140,2026-04-06,130,325,Paint,method_i_b,1.25,6127A,5.0,0.633,strict,23,True
BULK-INV-5140-L02,BULK-INV-5140,5140,2026-04-06,130,325,Paint,method_i_b,1.25,6828N-C,5.0,0.661,strict,24,True
BULK-INV-5140-L02,BULK-INV-5140,5140,2026-04-06,130,325,Paint,method_i_b,1.25,6812B,10.0,0.72,strict,25,True
BULK-INV-5140-L02,BULK-INV-5140,5140,2026-04-06,130,325,Paint,method_i_b,1.25,6812A,10.0,0.836,strict,26,True
BULK-INV-5140-L02,BULK-INV-5140,5140,2026-04-06,130,325,Paint,method_i_b,1.25,6566A,6.0,0.872,strict,27,True
BULK-INV-5140-L02,BULK-INV-5140,5140,2026-04-06,130,325,Paint,method_i_b,1.25,6566A,5.0,0.872,strict,28,True
BULK-INV-5140-L02,BULK-INV-5140,5140,2026-04-06,130,325,Paint,method_i_b,1.25,6778N-B,5.0,1.01,relaxed,29,True
BULK-INV-5140-L02,BULK-INV-5140,5140,2026-04-06,130,325,Paint,method_i_b,1.25,6826N-D,5.0,1.094,relaxed,30,True
BULK-INV-5140-L02,BULK-INV-5140,5140,2026-04-06,130,325,Paint,method_i_b,1.25,6827N-A,5.0,1.231,relaxed,31,True
BULK-INV-5141-L01,BULK-INV-5141,5141,2026-04-07,130,325,Paint,method_i_b,10.0,6764-B,5.0,0.13,excellent,1,False
BULK-INV-5141-L01,BULK-INV-5141,5141,2026-04-07,130,325,Paint,method_i_b,10.0,6767A,10.0,0.269,excellent,2,True
BULK-INV-5141-L01,BULK-INV-5141,5141,2026-04-07,130,325,Paint,method_i_b,10.0,6823N-C,5.0,0.269,excellent,3,False
BULK-INV-5141-L01,BULK-INV-5141,5141,2026-04-07,130,325,Paint,method_i_b,10.0,6768A,5.0,0.284,excellent,4,False
BULK-INV-5141-L01,BULK-INV-5141,5141,2026-04-07,130,325,Paint,method_i_b,10.0,6764-A,10.0,0.297,excellent,5,True
BULK-INV-5141-L01,BULK-INV-5141,5141,2026-04-07,130,325,Paint,method_i_b,10.0,6782A,10.0,0.297,excellent,6,True
BULK-INV-5141-L01,BULK-INV-5141,5141,2026-04-07,130,325,Paint,method_i_b,10.0,6781A,10.0,0.309,excellent,7,True
BULK-INV-5141-L01,BULK-INV-5141,5141,2026-04-07,130,325,Paint,method_i_b,10.0,6781B,2.0,0.311,excellent,8,False
BULK-INV-5141-L01,BULK-INV-5141,5141,2026-04-07,130,325,Paint,method_i_b,10.0,6785A,10.0,0.323,excellent,9,True
BULK-INV-5141-L01,BULK-INV-5141,5141,2026-04-07,130,325,Paint,method_i_b,10.0,6823N-D,5.0,0.342,excellent,10,False
BULK-INV-5141-L01,BULK-INV-5141,5141,2026-04-07,130,325,Paint,method_i_b,10.0,6824N-A,5.0,0.363,excellent,11,False
BULK-INV-5141-L01,BULK-INV-5141,5141,2026-04-07,130,325,Paint,method_i_b,10.0,6822N-C,5.0,0.369,excellent,12,False
BULK-INV-5141-L01,BULK-INV-5141,5141,2026-04-07,130,325,Paint,method_i_b,10.0,6767B,10.0,0.371,excellent,13,True
BULK-INV-5141-L01,BULK-INV-5141,5141,2026-04-07,130,325,Paint,method_i_b,10.0,6828N-A,5.0,0.371,excellent,14,False
BULK-INV-5141-L01,BULK-INV-5141,5141,2026-04-07,130,325,Paint,method_i_b,10.0,6770A,10.0,0.387,excellent,15,True
BULK-INV-5141-L01,BULK-INV-5141,5141,2026-04-07,130,325,Paint,method_i_b,10.0,6784B,7.0,0.396,excellent,16,False
BULK-INV-5141-L01,BULK-INV-5141,5141,2026-04-07,130,325,Paint,method_i_b,10.0,6784A,10.0,0.415,excellent,17,True
BULK-INV-5141-L01,BULK-INV-5141,5141,2026-04-07,130,325,Paint,method_i_b,10.0,6828N-D,5.0,0.446,excellent,18,False
BULK-INV-5141-L01,BULK-INV-5141,5141,2026-04-07,130,325,Paint,method_i_b,10.0,6785B,10.0,0.453,excellent,19,True
BULK-INV-5141-L01,BULK-INV-5141,5141,2026-04-07,130,325,Paint,method_i_b,10.0,6563A,6.0,0.54,excellent,20,False
BULK-INV-5141-L01,BULK-INV-5141,5141,2026-04-07,130,325,Paint,method_i_b,10.0,6822N-D,5.0,0.559,excellent,21,False
BULK-INV-5141-L01,BULK-INV-5141,5141,2026-04-07,130,325,Paint,method_i_b,10.0,6823N-A,5.0,0.602,strict,22,False
BULK-INV-5141-L01,BULK-INV-5141,5141,2026-04-07,130,325,Paint,method_i_b,10.0,6127A,5.0,0.633,strict,23,False
BULK-INV-5141-L01,BULK-INV-5141,5141,2026-04-07,130,325,Paint,method_i_b,10.0,6828N-C,5.0,0.661,strict,24,False
BULK-INV-5141-L01,BULK-INV-5141,5141,2026-04-07,130,325,Paint,method_i_b,10.0,6812B,10.0,0.72,strict,25,True
BULK-INV-5141-L01,BULK-INV-5141,5141,2026-04-07,130,325,Paint,method_i_b,10.0,6812A,10.0,0.836,strict,26,True
BULK-INV-5141-L01,BULK-INV-5141,5141,2026-04-07,130,325,Paint,method_i_b,10.0,6566A,6.0,0.872,strict,27,False
BULK-INV-5141-L01,BULK-INV-5141,5141,2026-04-07,130,325,Paint,method_i_b,10.0,6566A,5.0,0.872,strict,28,False
BULK-INV-5141-L01,BULK-INV-5141,5141,2026-04-07,130,325,Paint,method_i_b,10.0,6778N-B,5.0,1.01,relaxed,29,False
BULK-INV-5141-L01,BULK-INV-5141,5141,2026-04-07,130,325,Paint,method_i_b,10.0,6826N-D,5.0,1.094,relaxed,30,False
BULK-INV-5141-L01,BULK-INV-5141,5141,2026-04-07,130,325,Paint,method_i_b,10.0,6827N-A,5.0,1.231,relaxed,31,False
BULK-INV-5142-L01,BULK-INV-5142,5142,2026-04-08,130,325,Water Based,method_ii,6.0,6778N-B,5.0,0.292,excellent,1,False
BULK-INV-5142-L01,BULK-INV-5142,5142,2026-04-08,130,325,Water Based,method_ii,6.0,6823N-D,5.0,0.493,excellent,2,False
BULK-INV-5142-L01,BULK-INV-5142,5142,2026-04-08,130,325,Water Based,method_ii,6.0,6824N-A,5.0,0.52,excellent,3,False
BULK-INV-5142-L01,BULK-INV-5142,5142,2026-04-08,130,325,Water Based,method_ii,6.0,6823N-C,5.0,0.623,strict,4,False
BULK-INV-5142-L01,BULK-INV-5142,5142,2026-04-08,130,325,Water Based,method_ii,6.0,6823N-A,5.0,0.732,strict,5,False
BULK-INV-5142-L01,BULK-INV-5142,5142,2026-04-08,130,325,Water Based,method_ii,6.0,6822N-D,5.0,0.747,strict,6,False
BULK-INV-5142-L01,BULK-INV-5142,5142,2026-04-08,130,325,Water Based,method_ii,6.0,6828N-D,5.0,0.799,strict,7,False
BULK-INV-5142-L01,BULK-INV-5142,5142,2026-04-08,130,325,Water Based,method_ii,6.0,6563A,6.0,0.929,strict,8,True
BULK-INV-5142-L01,BULK-INV-5142,5142,2026-04-08,130,325,Water Based,method_ii,6.0,6764-B,5.0,0.941,strict,9,False
BULK-INV-5142-L01,BULK-INV-5142,5142,2026-04-08,130,325,Water Based,method_ii,6.0,6768A,5.0,0.957,strict,10,False
BULK-INV-5142-L01,BULK-INV-5142,5142,2026-04-08,130,325,Water Based,method_ii,6.0,6828N-A,5.0,0.974,strict,11,False
BULK-INV-5142-L01,BULK-INV-5142,5142,2026-04-08,130,325,Water Based,method_ii,6.0,6828N-C,5.0,1.052,relaxed,12,False
BULK-INV-5142-L01,BULK-INV-5142,5142,2026-04-08,130,325,Water Based,method_ii,6.0,6822N-C,5.0,1.066,relaxed,13,False
BULK-INV-5142-L01,BULK-INV-5142,5142,2026-04-08,130,325,Water Based,method_ii,6.0,6764-A,10.0,1.175,relaxed,14,True
BULK-INV-5142-L01,BULK-INV-5142,5142,2026-04-08,130,325,Water Based,method_ii,6.0,6127A,5.0,1.205,relaxed,15,False
BULK-INV-5142-L01,BULK-INV-5142,5142,2026-04-08,130,325,Water Based,method_ii,6.0,6767A,10.0,1.397,relaxed,16,True
BULK-INV-5142-L01,BULK-INV-5142,5142,2026-04-08,130,325,Water Based,method_ii,6.0,6566A,6.0,1.422,relaxed,17,True
BULK-INV-5142-L01,BULK-INV-5142,5142,2026-04-08,130,325,Water Based,method_ii,6.0,6566A,5.0,1.422,relaxed,18,False
BULK-INV-5142-L01,BULK-INV-5142,5142,2026-04-08,130,325,Water Based,method_ii,6.0,6785B,10.0,1.449,relaxed,19,True
BULK-INV-5142-L01,BULK-INV-5142,5142,2026-04-08,130,325,Water Based,method_ii,6.0,6767B,10.0,1.465,relaxed,20,True
BULK-INV-5142-L01,BULK-INV-5142,5142,2026-04-08,130,325,Water Based,method_ii,6.0,6812B,10.0,1.476,relaxed,21,True
BULK-INV-5142-L01,BULK-INV-5142,5142,2026-04-08,130,325,Water Based,method_ii,6.0,6784B,7.0,1.546,review,22,True
BULK-INV-5142-L01,BULK-INV-5142,5142,2026-04-08,130,325,Water Based,method_ii,6.0,6782A,10.0,1.575,review,23,True
BULK-INV-5142-L01,BULK-INV-5142,5142,2026-04-08,130,325,Water Based,method_ii,6.0,6784A,10.0,1.581,review,24,True
BULK-INV-5142-L01,BULK-INV-5142,5142,2026-04-08,130,325,Water Based,method_ii,6.0,6781B,2.0,1.623,review,25,False
BULK-INV-5142-L01,BULK-INV-5142,5142,2026-04-08,130,325,Water Based,method_ii,6.0,6785A,10.0,1.688,review,26,True
BULK-INV-5142-L01,BULK-INV-5142,5142,2026-04-08,130,325,Water Based,method_ii,6.0,6826N-D,5.0,1.84,review,27,False
BULK-INV-5142-L01,BULK-INV-5142,5142,2026-04-08,130,325,Water Based,method_ii,6.0,6781A,10.0,1.929,review,28,True
BULK-INV-5142-L01,BULK-INV-5142,5142,2026-04-08,130,325,Water Based,method_ii,6.0,6812A,10.0,1.955,review,29,True
BULK-INV-5142-L01,BULK-INV-5142,5142,2026-04-08,130,325,Water Based,method_ii,6.0,6827N-A,5.0,1.965,review,30,False
BULK-INV-5142-L01,BULK-INV-5142,5142,2026-04-08,130,325,Water Based,method_ii,6.0,6770A,10.0,2.183,review,31,True
BULK-INV-5144-L01,BULK-INV-5144,5144,2026-04-10,130,325,Paint,method_i_b,1.25,6764-B,5.0,0.13,excellent,1,True
BULK-INV-5144-L01,BULK-INV-5144,5144,2026-04-10,130,325,Paint,method_i_b,1.25,6767A,10.0,0.269,excellent,2,True
BULK-INV-5144-L01,BULK-INV-5144,5144,2026-04-10,130,325,Paint,method_i_b,1.25,6823N-C,5.0,0.269,excellent,3,True
BULK-INV-5144-L01,BULK-INV-5144,5144,2026-04-10,130,325,Paint,method_i_b,1.25,6768A,5.0,0.284,excellent,4,True
BULK-INV-5144-L01,BULK-INV-5144,5144,2026-04-10,130,325,Paint,method_i_b,1.25,6764-A,10.0,0.297,excellent,5,True
BULK-INV-5144-L01,BULK-INV-5144,5144,2026-04-10,130,325,Paint,method_i_b,1.25,6782A,10.0,0.297,excellent,6,True
BULK-INV-5144-L01,BULK-INV-5144,5144,2026-04-10,130,325,Paint,method_i_b,1.25,6781A,10.0,0.309,excellent,7,True
BULK-INV-5144-L01,BULK-INV-5144,5144,2026-04-10,130,325,Paint,method_i_b,1.25,6781B,2.0,0.311,excellent,8,True
BULK-INV-5144-L01,BULK-INV-5144,5144,2026-04-10,130,325,Paint,method_i_b,1.25,6785A,10.0,0.323,excellent,9,True
BULK-INV-5144-L01,BULK-INV-5144,5144,2026-04-10,130,325,Paint,method_i_b,1.25,6823N-D,5.0,0.342,excellent,10,True
BULK-INV-5144-L01,BULK-INV-5144,5144,2026-04-10,130,325,Paint,method_i_b,1.25,6824N-A,5.0,0.363,excellent,11,True
BULK-INV-5144-L01,BULK-INV-5144,5144,2026-04-10,130,325,Paint,method_i_b,1.25,6822N-C,5.0,0.369,excellent,12,True
BULK-INV-5144-L01,BULK-INV-5144,5144,2026-04-10,130,325,Paint,method_i_b,1.25,6767B,10.0,0.371,excellent,13,True
BULK-INV-5144-L01,BULK-INV-5144,5144,2026-04-10,130,325,Paint,method_i_b,1.25,6828N-A,5.0,0.371,excellent,14,True
BULK-INV-5144-L01,BULK-INV-5144,5144,2026-04-10,130,325,Paint,method_i_b,1.25,6770A,10.0,0.387,excellent,15,True
BULK-INV-5144-L01,BULK-INV-5144,5144,2026-04-10,130,325,Paint,method_i_b,1.25,6784B,7.0,0.396,excellent,16,True
BULK-INV-5144-L01,BULK-INV-5144,5144,2026-04-10,130,325,Paint,method_i_b,1.25,6784A,10.0,0.415,excellent,17,True
BULK-INV-5144-L01,BULK-INV-5144,5144,2026-04-10,130,325,Paint,method_i_b,1.25,6828N-D,5.0,0.446,excellent,18,True
BULK-INV-5144-L01,BULK-INV-5144,5144,2026-04-10,130,325,Paint,method_i_b,1.25,6785B,10.0,0.453,excellent,19,True
BULK-INV-5144-L01,BULK-INV-5144,5144,2026-04-10,130,325,Paint,method_i_b,1.25,6563A,6.0,0.54,excellent,20,True
BULK-INV-5144-L01,BULK-INV-5144,5144,2026-04-10,130,325,Paint,method_i_b,1.25,6822N-D,5.0,0.559,excellent,21,True
BULK-INV-5144-L01,BULK-INV-5144,5144,2026-04-10,130,325,Paint,method_i_b,1.25,6823N-A,5.0,0.602,strict,22,True
BULK-INV-5144-L01,BULK-INV-5144,5144,2026-04-10,130,325,Paint,method_i_b,1.25,6127A,5.0,0.633,strict,23,True
BULK-INV-5144-L01,BULK-INV-5144,5144,2026-04-10,130,325,Paint,method_i_b,1.25,6828N-C,5.0,0.661,strict,24,True
BULK-INV-5144-L01,BULK-INV-5144,5144,2026-04-10,130,325,Paint,method_i_b,1.25,6812B,10.0,0.72,strict,25,True
BULK-INV-5144-L01,BULK-INV-5144,5144,2026-04-10,130,325,Paint,method_i_b,1.25,6812A,10.0,0.836,strict,26,True
BULK-INV-5144-L01,BULK-INV-5144,5144,2026-04-10,130,325,Paint,method_i_b,1.25,6566A,6.0,0.872,strict,27,True
BULK-INV-5144-L01,BULK-INV-5144,5144,2026-04-10,130,325,Paint,method_i_b,1.25,6566A,5.0,0.872,strict,28,True
BULK-INV-5144-L01,BULK-INV-5144,5144,2026-04-10,130,325,Paint,method_i_b,1.25,6778N-B,5.0,1.01,relaxed,29,True
BULK-INV-5144-L01,BULK-INV-5144,5144,2026-04-10,130,325,Paint,method_i_b,1.25,6826N-D,5.0,1.094,relaxed,30,True
BULK-INV-5144-L01,BULK-INV-5144,5144,2026-04-10,130,325,Paint,method_i_b,1.25,6827N-A,5.0,1.231,relaxed,31,True
BULK-INV-5145-L01,BULK-INV-5145,5145,2026-04-11,130A,3249B,Water Based,method_ii,3.5,6802A,10.0,0.119,excellent,1,True
BULK-INV-5145-L01,BULK-INV-5145,5145,2026-04-11,130A,3249B,Water Based,method_ii,3.5,6796A,10.0,0.161,excellent,2,True
BULK-INV-5145-L01,BULK-INV-5145,5145,2026-04-11,130A,3249B,Water Based,method_ii,3.5,6801A,10.0,0.212,excellent,3,True
BULK-INV-5145-L01,BULK-INV-5145,5145,2026-04-11,130A,3249B,Water Based,method_ii,3.5,6789A,10.0,0.214,excellent,4,True
BULK-INV-5145-L01,BULK-INV-5145,5145,2026-04-11,130A,3249B,Water Based,method_ii,3.5,6822N-A,5.0,0.331,excellent,5,True
BULK-INV-5145-L01,BULK-INV-5145,5145,2026-04-11,130A,3249B,Water Based,method_ii,3.5,6797A,10.0,0.335,excellent,6,True
BULK-INV-5145-L01,BULK-INV-5145,5145,2026-04-11,130A,3249B,Water Based,method_ii,3.5,6787A,10.0,0.35,excellent,7,True
BULK-INV-5145-L01,BULK-INV-5145,5145,2026-04-11,130A,3249B,Water Based,method_ii,3.5,6802B,10.0,0.351,excellent,8,True
BULK-INV-5145-L01,BULK-INV-5145,5145,2026-04-11,130A,3249B,Water Based,method_ii,3.5,6788B,10.0,0.373,excellent,9,True
BULK-INV-5145-L01,BULK-INV-5145,5145,2026-04-11,130A,3249B,Water Based,method_ii,3.5,6796B,8.0,0.375,excellent,10,True
BULK-INV-5145-L01,BULK-INV-5145,5145,2026-04-11,130A,3249B,Water Based,method_ii,3.5,6801B,4.0,0.404,excellent,11,True
BULK-INV-5145-L01,BULK-INV-5145,5145,2026-04-11,130A,3249B,Water Based,method_ii,3.5,6788A,10.0,0.508,excellent,12,True
BULK-INV-5145-L01,BULK-INV-5145,5145,2026-04-11,130A,3249B,Water Based,method_ii,3.5,6797B,7.0,0.685,strict,13,True
BULK-INV-5145-L01,BULK-INV-5145,5145,2026-04-11,130A,3249B,Water Based,method_ii,3.5,6789B,10.0,0.76,strict,14,True
BULK-INV-5145-L01,BULK-INV-5145,5145,2026-04-11,130A,3249B,Water Based,method_ii,3.5,6787B,7.0,0.797,strict,15,True
BULK-INV-5145-L01,BULK-INV-5145,5145,2026-04-11,130A,3249B,Water Based,method_ii,3.5,6548A,4.0,0.904,strict,16,True
BULK-INV-5145-L01,BULK-INV-5145,5145,2026-04-11,130A,3249B,Water Based,method_ii,3.5,6823N-B,5.0,1.056,relaxed,17,True
BULK-INV-5145-L01,BULK-INV-5145,5145,2026-04-11,130A,3249B,Water Based,method_ii,3.5,6833A,10.0,1.074,relaxed,18,True
BULK-INV-5145-L01,BULK-INV-5145,5145,2026-04-11,130A,3249B,Water Based,method_ii,3.5,6719N-D,5.0,1.165,relaxed,19,True
BULK-INV-5145-L01,BULK-INV-5145,5145,2026-04-11,130A,3249B,Water Based,method_ii,3.5,6803B,5.0,1.196,relaxed,20,True
BULK-INV-5145-L01,BULK-INV-5145,5145,2026-04-11,130A,3249B,Water Based,method_ii,3.5,6803A,10.0,1.227,relaxed,21,True
BULK-INV-5145-L01,BULK-INV-5145,5145,2026-04-11,130A,3249B,Water Based,method_ii,3.5,6832A,10.0,1.584,review,22,True
BULK-INV-5145-L01,BULK-INV-5145,5145,2026-04-11,130A,3249B,Water Based,method_ii,3.5,6832B,6.0,1.699,review,23,True
BULK-INV-5145-L01,BULK-INV-5145,5145,2026-04-11,130A,3249B,Water Based,method_ii,3.5,6833B,10.0,2.032,review,24,True
BULK-INV-5145-L01,BULK-INV-5145,5145,2026-04-11,130A,3249B,Water Based,method_ii,3.5,6528A,10.0,2.171,review,25,True
BULK-INV-5145-L01,BULK-INV-5145,5145,2026-04-11,130A,3249B,Water Based,method_ii,3.5,6770B,10.0,2.281,review,26,True
BULK-INV-5146-L01,BULK-INV-5146,5146,2026-04-12,130,325,Paint,method_i_b,0.75,6764-B,5.0,0.13,excellent,1,True
BULK-INV-5146-L01,BULK-INV-5146,5146,2026-04-12,130,325,Paint,method_i_b,0.75,6767A,10.0,0.269,excellent,2,True
BULK-INV-5146-L01,BULK-INV-5146,5146,2026-04-12,130,325,Paint,method_i_b,0.75,6823N-C,5.0,0.269,excellent,3,True
BULK-INV-5146-L01,BULK-INV-5146,5146,2026-04-12,130,325,Paint,method_i_b,0.75,6768A,5.0,0.284,excellent,4,True
BULK-INV-5146-L01,BULK-INV-5146,5146,2026-04-12,130,325,Paint,method_i_b,0.75,6764-A,10.0,0.297,excellent,5,True
BULK-INV-5146-L01,BULK-INV-5146,5146,2026-04-12,130,325,Paint,method_i_b,0.75,6782A,10.0,0.297,excellent,6,True
BULK-INV-5146-L01,BULK-INV-5146,5146,2026-04-12,130,325,Paint,method_i_b,0.75,6781A,10.0,0.309,excellent,7,True
BULK-INV-5146-L01,BULK-INV-5146,5146,2026-04-12,130,325,Paint,method_i_b,0.75,6781B,2.0,0.311,excellent,8,True
BULK-INV-5146-L01,BULK-INV-5146,5146,2026-04-12,130,325,Paint,method_i_b,0.75,6785A,10.0,0.323,excellent,9,True
BULK-INV-5146-L01,BULK-INV-5146,5146,2026-04-12,130,325,Paint,method_i_b,0.75,6823N-D,5.0,0.342,excellent,10,True
BULK-INV-5146-L01,BULK-INV-5146,5146,2026-04-12,130,325,Paint,method_i_b,0.75,6824N-A,5.0,0.363,excellent,11,True
BULK-INV-5146-L01,BULK-INV-5146,5146,2026-04-12,130,325,Paint,method_i_b,0.75,6822N-C,5.0,0.369,excellent,12,True
BULK-INV-5146-L01,BULK-INV-5146,5146,2026-04-12,130,325,Paint,method_i_b,0.75,6767B,10.0,0.371,excellent,13,True
BULK-INV-5146-L01,BULK-INV-5146,5146,2026-04-12,130,325,Paint,method_i_b,0.75,6828N-A,5.0,0.371,excellent,14,True
BULK-INV-5146-L01,BULK-INV-5146,5146,2026-04-12,130,325,Paint,method_i_b,0.75,6770A,10.0,0.387,excellent,15,True
BULK-INV-5146-L01,BULK-INV-5146,5146,2026-04-12,130,325,Paint,method_i_b,0.75,6784B,7.0,0.396,excellent,16,True
BULK-INV-5146-L01,BULK-INV-5146,5146,2026-04-12,130,325,Paint,method_i_b,0.75,6784A,10.0,0.415,excellent,17,True
BULK-INV-5146-L01,BULK-INV-5146,5146,2026-04-12,130,325,Paint,method_i_b,0.75,6828N-D,5.0,0.446,excellent,18,True
BULK-INV-5146-L01,BULK-INV-5146,5146,2026-04-12,130,325,Paint,method_i_b,0.75,6785B,10.0,0.453,excellent,19,True
BULK-INV-5146-L01,BULK-INV-5146,5146,2026-04-12,130,325,Paint,method_i_b,0.75,6563A,6.0,0.54,excellent,20,True
BULK-INV-5146-L01,BULK-INV-5146,5146,2026-04-12,130,325,Paint,method_i_b,0.75,6822N-D,5.0,0.559,excellent,21,True
BULK-INV-5146-L01,BULK-INV-5146,5146,2026-04-12,130,325,Paint,method_i_b,0.75,6823N-A,5.0,0.602,strict,22,True
BULK-INV-5146-L01,BULK-INV-5146,5146,2026-04-12,130,325,Paint,method_i_b,0.75,6127A,5.0,0.633,strict,23,True
BULK-INV-5146-L01,BULK-INV-5146,5146,2026-04-12,130,325,Paint,method_i_b,0.75,6828N-C,5.0,0.661,strict,24,True
BULK-INV-5146-L01,BULK-INV-5146,5146,2026-04-12,130,325,Paint,method_i_b,0.75,6812B,10.0,0.72,strict,25,True
BULK-INV-5146-L01,BULK-INV-5146,5146,2026-04-12,130,325,Paint,method_i_b,0.75,6812A,10.0,0.836,strict,26,True
BULK-INV-5146-L01,BULK-INV-5146,5146,2026-04-12,130,325,Paint,method_i_b,0.75,6566A,6.0,0.872,strict,27,True
BULK-INV-5146-L01,BULK-INV-5146,5146,2026-04-12,130,325,Paint,method_i_b,0.75,6566A,5.0,0.872,strict,28,True
BULK-INV-5146-L01,BULK-INV-5146,5146,2026-04-12,130,325,Paint,method_i_b,0.75,6778N-B,5.0,1.01,relaxed,29,True
BULK-INV-5146-L01,BULK-INV-5146,5146,2026-04-12,130,325,Paint,method_i_b,0.75,6826N-D,5.0,1.094,relaxed,30,True
BULK-INV-5146-L01,BULK-INV-5146,5146,2026-04-12,130,325,Paint,method_i_b,0.75,6827N-A,5.0,1.231,relaxed,31,True
BULK-INV-5147-L01,BULK-INV-5147,5147,2026-04-13,130,325,Paint,method_i_b,30.0,6764-B,5.0,0.13,excellent,1,False
BULK-INV-5147-L01,BULK-INV-5147,5147,2026-04-13,130,325,Paint,method_i_b,30.0,6767A,10.0,0.269,excellent,2,False
BULK-INV-5147-L01,BULK-INV-5147,5147,2026-04-13,130,325,Paint,method_i_b,30.0,6823N-C,5.0,0.269,excellent,3,False
BULK-INV-5147-L01,BULK-INV-5147,5147,2026-04-13,130,325,Paint,method_i_b,30.0,6768A,5.0,0.284,excellent,4,False
BULK-INV-5147-L01,BULK-INV-5147,5147,2026-04-13,130,325,Paint,method_i_b,30.0,6764-A,10.0,0.297,excellent,5,False
BULK-INV-5147-L01,BULK-INV-5147,5147,2026-04-13,130,325,Paint,method_i_b,30.0,6782A,10.0,0.297,excellent,6,False
BULK-INV-5147-L01,BULK-INV-5147,5147,2026-04-13,130,325,Paint,method_i_b,30.0,6781A,10.0,0.309,excellent,7,False
BULK-INV-5147-L01,BULK-INV-5147,5147,2026-04-13,130,325,Paint,method_i_b,30.0,6781B,2.0,0.311,excellent,8,False
BULK-INV-5147-L01,BULK-INV-5147,5147,2026-04-13,130,325,Paint,method_i_b,30.0,6785A,10.0,0.323,excellent,9,False
BULK-INV-5147-L01,BULK-INV-5147,5147,2026-04-13,130,325,Paint,method_i_b,30.0,6823N-D,5.0,0.342,excellent,10,False
BULK-INV-5147-L01,BULK-INV-5147,5147,2026-04-13,130,325,Paint,method_i_b,30.0,6824N-A,5.0,0.363,excellent,11,False
BULK-INV-5147-L01,BULK-INV-5147,5147,2026-04-13,130,325,Paint,method_i_b,30.0,6822N-C,5.0,0.369,excellent,12,False
BULK-INV-5147-L01,BULK-INV-5147,5147,2026-04-13,130,325,Paint,method_i_b,30.0,6767B,10.0,0.371,excellent,13,False
BULK-INV-5147-L01,BULK-INV-5147,5147,2026-04-13,130,325,Paint,method_i_b,30.0,6828N-A,5.0,0.371,excellent,14,False
BULK-INV-5147-L01,BULK-INV-5147,5147,2026-04-13,130,325,Paint,method_i_b,30.0,6770A,10.0,0.387,excellent,15,False
BULK-INV-5147-L01,BULK-INV-5147,5147,2026-04-13,130,325,Paint,method_i_b,30.0,6784B,7.0,0.396,excellent,16,False
BULK-INV-5147-L01,BULK-INV-5147,5147,2026-04-13,130,325,Paint,method_i_b,30.0,6784A,10.0,0.415,excellent,17,False
BULK-INV-5147-L01,BULK-INV-5147,5147,2026-04-13,130,325,Paint,method_i_b,30.0,6828N-D,5.0,0.446,excellent,18,False
BULK-INV-5147-L01,BULK-INV-5147,5147,2026-04-13,130,325,Paint,method_i_b,30.0,6785B,10.0,0.453,excellent,19,False
BULK-INV-5147-L01,BULK-INV-5147,5147,2026-04-13,130,325,Paint,method_i_b,30.0,6563A,6.0,0.54,excellent,20,False
BULK-INV-5147-L01,BULK-INV-5147,5147,2026-04-13,130,325,Paint,method_i_b,30.0,6822N-D,5.0,0.559,excellent,21,False
BULK-INV-5147-L01,BULK-INV-5147,5147,2026-04-13,130,325,Paint,method_i_b,30.0,6823N-A,5.0,0.602,strict,22,False
BULK-INV-5147-L01,BULK-INV-5147,5147,2026-04-13,130,325,Paint,method_i_b,30.0,6127A,5.0,0.633,strict,23,False
BULK-INV-5147-L01,BULK-INV-5147,5147,2026-04-13,130,325,Paint,method_i_b,30.0,6828N-C,5.0,0.661,strict,24,False
BULK-INV-5147-L01,BULK-INV-5147,5147,2026-04-13,130,325,Paint,method_i_b,30.0,6812B,10.0,0.72,strict,25,False
BULK-INV-5147-L01,BULK-INV-5147,5147,2026-04-13,130,325,Paint,method_i_b,30.0,6812A,10.0,0.836,strict,26,False
BULK-INV-5147-L01,BULK-INV-5147,5147,2026-04-13,130,325,Paint,method_i_b,30.0,6566A,6.0,0.872,strict,27,False
BULK-INV-5147-L01,BULK-INV-5147,5147,2026-04-13,130,325,Paint,method_i_b,30.0,6566A,5.0,0.872,strict,28,False
BULK-INV-5147-L01,BULK-INV-5147,5147,2026-04-13,130,325,Paint,method_i_b,30.0,6778N-B,5.0,1.01,relaxed,29,False
BULK-INV-5147-L01,BULK-INV-5147,5147,2026-04-13,130,325,Paint,method_i_b,30.0,6826N-D,5.0,1.094,relaxed,30,False
BULK-INV-5147-L01,BULK-INV-5147,5147,2026-04-13,130,325,Paint,method_i_b,30.0,6827N-A,5.0,1.231,relaxed,31,False
BULK-INV-5148-L01,BULK-INV-5148,5148,2026-04-14,130,325,Water Based,method_ii,7.5,6778N-B,5.0,0.292,excellent,1,False
BULK-INV-5148-L01,BULK-INV-5148,5148,2026-04-14,130,325,Water Based,method_ii,7.5,6823N-D,5.0,0.493,excellent,2,False
BULK-INV-5148-L01,BULK-INV-5148,5148,2026-04-14,130,325,Water Based,method_ii,7.5,6824N-A,5.0,0.52,excellent,3,False
BULK-INV-5148-L01,BULK-INV-5148,5148,2026-04-14,130,325,Water Based,method_ii,7.5,6823N-C,5.0,0.623,strict,4,False
BULK-INV-5148-L01,BULK-INV-5148,5148,2026-04-14,130,325,Water Based,method_ii,7.5,6823N-A,5.0,0.732,strict,5,False
BULK-INV-5148-L01,BULK-INV-5148,5148,2026-04-14,130,325,Water Based,method_ii,7.5,6822N-D,5.0,0.747,strict,6,False
BULK-INV-5148-L01,BULK-INV-5148,5148,2026-04-14,130,325,Water Based,method_ii,7.5,6828N-D,5.0,0.799,strict,7,False
BULK-INV-5148-L01,BULK-INV-5148,5148,2026-04-14,130,325,Water Based,method_ii,7.5,6563A,6.0,0.929,strict,8,False
BULK-INV-5148-L01,BULK-INV-5148,5148,2026-04-14,130,325,Water Based,method_ii,7.5,6764-B,5.0,0.941,strict,9,False
BULK-INV-5148-L01,BULK-INV-5148,5148,2026-04-14,130,325,Water Based,method_ii,7.5,6768A,5.0,0.957,strict,10,False
BULK-INV-5148-L01,BULK-INV-5148,5148,2026-04-14,130,325,Water Based,method_ii,7.5,6828N-A,5.0,0.974,strict,11,False
BULK-INV-5148-L01,BULK-INV-5148,5148,2026-04-14,130,325,Water Based,method_ii,7.5,6828N-C,5.0,1.052,relaxed,12,False
BULK-INV-5148-L01,BULK-INV-5148,5148,2026-04-14,130,325,Water Based,method_ii,7.5,6822N-C,5.0,1.066,relaxed,13,False
BULK-INV-5148-L01,BULK-INV-5148,5148,2026-04-14,130,325,Water Based,method_ii,7.5,6764-A,10.0,1.175,relaxed,14,True
BULK-INV-5148-L01,BULK-INV-5148,5148,2026-04-14,130,325,Water Based,method_ii,7.5,6127A,5.0,1.205,relaxed,15,False
BULK-INV-5148-L01,BULK-INV-5148,5148,2026-04-14,130,325,Water Based,method_ii,7.5,6767A,10.0,1.397,relaxed,16,True
BULK-INV-5148-L01,BULK-INV-5148,5148,2026-04-14,130,325,Water Based,method_ii,7.5,6566A,6.0,1.422,relaxed,17,False
BULK-INV-5148-L01,BULK-INV-5148,5148,2026-04-14,130,325,Water Based,method_ii,7.5,6566A,5.0,1.422,relaxed,18,False
BULK-INV-5148-L01,BULK-INV-5148,5148,2026-04-14,130,325,Water Based,method_ii,7.5,6785B,10.0,1.449,relaxed,19,True
BULK-INV-5148-L01,BULK-INV-5148,5148,2026-04-14,130,325,Water Based,method_ii,7.5,6767B,10.0,1.465,relaxed,20,True
BULK-INV-5148-L01,BULK-INV-5148,5148,2026-04-14,130,325,Water Based,method_ii,7.5,6812B,10.0,1.476,relaxed,21,True
BULK-INV-5148-L01,BULK-INV-5148,5148,2026-04-14,130,325,Water Based,method_ii,7.5,6784B,7.0,1.546,review,22,False
BULK-INV-5148-L01,BULK-INV-5148,5148,2026-04-14,130,325,Water Based,method_ii,7.5,6782A,10.0,1.575,review,23,True
BULK-INV-5148-L01,BULK-INV-5148,5148,2026-04-14,130,325,Water Based,method_ii,7.5,6784A,10.0,1.581,review,24,True
BULK-INV-5148-L01,BULK-INV-5148,5148,2026-04-14,130,325,Water Based,method_ii,7.5,6781B,2.0,1.623,review,25,False
BULK-INV-5148-L01,BULK-INV-5148,5148,2026-04-14,130,325,Water Based,method_ii,7.5,6785A,10.0,1.688,review,26,True
BULK-INV-5148-L01,BULK-INV-5148,5148,2026-04-14,130,325,Water Based,method_ii,7.5,6826N-D,5.0,1.84,review,27,False
BULK-INV-5148-L01,BULK-INV-5148,5148,2026-04-14,130,325,Water Based,method_ii,7.5,6781A,10.0,1.929,review,28,True
BULK-INV-5148-L01,BULK-INV-5148,5148,2026-04-14,130,325,Water Based,method_ii,7.5,6812A,10.0,1.955,review,29,True
BULK-INV-5148-L01,BULK-INV-5148,5148,2026-04-14,130,325,Water Based,method_ii,7.5,6827N-A,5.0,1.965,review,30,False
BULK-INV-5148-L01,BULK-INV-5148,5148,2026-04-14,130,325,Water Based,method_ii,7.5,6770A,10.0,2.183,review,31,True
BULK-INV-5149-L01,BULK-INV-5149,5149,2026-04-15,130A,3249B,Water Based,method_ii,3.5,6802A,10.0,0.119,excellent,1,True
BULK-INV-5149-L01,BULK-INV-5149,5149,2026-04-15,130A,3249B,Water Based,method_ii,3.5,6796A,10.0,0.161,excellent,2,True
BULK-INV-5149-L01,BULK-INV-5149,5149,2026-04-15,130A,3249B,Water Based,method_ii,3.5,6801A,10.0,0.212,excellent,3,True
BULK-INV-5149-L01,BULK-INV-5149,5149,2026-04-15,130A,3249B,Water Based,method_ii,3.5,6789A,10.0,0.214,excellent,4,True
BULK-INV-5149-L01,BULK-INV-5149,5149,2026-04-15,130A,3249B,Water Based,method_ii,3.5,6822N-A,5.0,0.331,excellent,5,True
BULK-INV-5149-L01,BULK-INV-5149,5149,2026-04-15,130A,3249B,Water Based,method_ii,3.5,6797A,10.0,0.335,excellent,6,True
BULK-INV-5149-L01,BULK-INV-5149,5149,2026-04-15,130A,3249B,Water Based,method_ii,3.5,6787A,10.0,0.35,excellent,7,True
BULK-INV-5149-L01,BULK-INV-5149,5149,2026-04-15,130A,3249B,Water Based,method_ii,3.5,6802B,10.0,0.351,excellent,8,True
BULK-INV-5149-L01,BULK-INV-5149,5149,2026-04-15,130A,3249B,Water Based,method_ii,3.5,6788B,10.0,0.373,excellent,9,True
BULK-INV-5149-L01,BULK-INV-5149,5149,2026-04-15,130A,3249B,Water Based,method_ii,3.5,6796B,8.0,0.375,excellent,10,True
BULK-INV-5149-L01,BULK-INV-5149,5149,2026-04-15,130A,3249B,Water Based,method_ii,3.5,6801B,4.0,0.404,excellent,11,True
BULK-INV-5149-L01,BULK-INV-5149,5149,2026-04-15,130A,3249B,Water Based,method_ii,3.5,6788A,10.0,0.508,excellent,12,True
BULK-INV-5149-L01,BULK-INV-5149,5149,2026-04-15,130A,3249B,Water Based,method_ii,3.5,6797B,7.0,0.685,strict,13,True
BULK-INV-5149-L01,BULK-INV-5149,5149,2026-04-15,130A,3249B,Water Based,method_ii,3.5,6789B,10.0,0.76,strict,14,True
BULK-INV-5149-L01,BULK-INV-5149,5149,2026-04-15,130A,3249B,Water Based,method_ii,3.5,6787B,7.0,0.797,strict,15,True
BULK-INV-5149-L01,BULK-INV-5149,5149,2026-04-15,130A,3249B,Water Based,method_ii,3.5,6548A,4.0,0.904,strict,16,True
BULK-INV-5149-L01,BULK-INV-5149,5149,2026-04-15,130A,3249B,Water Based,method_ii,3.5,6823N-B,5.0,1.056,relaxed,17,True
BULK-INV-5149-L01,BULK-INV-5149,5149,2026-04-15,130A,3249B,Water Based,method_ii,3.5,6833A,10.0,1.074,relaxed,18,True
BULK-INV-5149-L01,BULK-INV-5149,5149,2026-04-15,130A,3249B,Water Based,method_ii,3.5,6719N-D,5.0,1.165,relaxed,19,True
BULK-INV-5149-L01,BULK-INV-5149,5149,2026-04-15,130A,3249B,Water Based,method_ii,3.5,6803B,5.0,1.196,relaxed,20,True
BULK-INV-5149-L01,BULK-INV-5149,5149,2026-04-15,130A,3249B,Water Based,method_ii,3.5,6803A,10.0,1.227,relaxed,21,True
BULK-INV-5149-L01,BULK-INV-5149,5149,2026-04-15,130A,3249B,Water Based,method_ii,3.5,6832A,10.0,1.584,review,22,True
BULK-INV-5149-L01,BULK-INV-5149,5149,2026-04-15,130A,3249B,Water Based,method_ii,3.5,6832B,6.0,1.699,review,23,True
BULK-INV-5149-L01,BULK-INV-5149,5149,2026-04-15,130A,3249B,Water Based,method_ii,3.5,6833B,10.0,2.032,review,24,True
BULK-INV-5149-L01,BULK-INV-5149,5149,2026-04-15,130A,3249B,Water Based,method_ii,3.5,6528A,10.0,2.171,review,25,True
BULK-INV-5149-L01,BULK-INV-5149,5149,2026-04-15,130A,3249B,Water Based,method_ii,3.5,6770B,10.0,2.281,review,26,True
BULK-INV-5150-L01,BULK-INV-5150,5150,2026-04-16,130A,3249B,Water Based,method_ii,3.5,6802A,10.0,0.119,excellent,1,True
BULK-INV-5150-L01,BULK-INV-5150,5150,2026-04-16,130A,3249B,Water Based,method_ii,3.5,6796A,10.0,0.161,excellent,2,True
BULK-INV-5150-L01,BULK-INV-5150,5150,2026-04-16,130A,3249B,Water Based,method_ii,3.5,6801A,10.0,0.212,excellent,3,True
BULK-INV-5150-L01,BULK-INV-5150,5150,2026-04-16,130A,3249B,Water Based,method_ii,3.5,6789A,10.0,0.214,excellent,4,True
BULK-INV-5150-L01,BULK-INV-5150,5150,2026-04-16,130A,3249B,Water Based,method_ii,3.5,6822N-A,5.0,0.331,excellent,5,True
BULK-INV-5150-L01,BULK-INV-5150,5150,2026-04-16,130A,3249B,Water Based,method_ii,3.5,6797A,10.0,0.335,excellent,6,True
BULK-INV-5150-L01,BULK-INV-5150,5150,2026-04-16,130A,3249B,Water Based,method_ii,3.5,6787A,10.0,0.35,excellent,7,True
BULK-INV-5150-L01,BULK-INV-5150,5150,2026-04-16,130A,3249B,Water Based,method_ii,3.5,6802B,10.0,0.351,excellent,8,True
BULK-INV-5150-L01,BULK-INV-5150,5150,2026-04-16,130A,3249B,Water Based,method_ii,3.5,6788B,10.0,0.373,excellent,9,True
BULK-INV-5150-L01,BULK-INV-5150,5150,2026-04-16,130A,3249B,Water Based,method_ii,3.5,6796B,8.0,0.375,excellent,10,True
BULK-INV-5150-L01,BULK-INV-5150,5150,2026-04-16,130A,3249B,Water Based,method_ii,3.5,6801B,4.0,0.404,excellent,11,True
BULK-INV-5150-L01,BULK-INV-5150,5150,2026-04-16,130A,3249B,Water Based,method_ii,3.5,6788A,10.0,0.508,excellent,12,True
BULK-INV-5150-L01,BULK-INV-5150,5150,2026-04-16,130A,3249B,Water Based,method_ii,3.5,6797B,7.0,0.685,strict,13,True
BULK-INV-5150-L01,BULK-INV-5150,5150,2026-04-16,130A,3249B,Water Based,method_ii,3.5,6789B,10.0,0.76,strict,14,True
BULK-INV-5150-L01,BULK-INV-5150,5150,2026-04-16,130A,3249B,Water Based,method_ii,3.5,6787B,7.0,0.797,strict,15,True
BULK-INV-5150-L01,BULK-INV-5150,5150,2026-04-16,130A,3249B,Water Based,method_ii,3.5,6548A,4.0,0.904,strict,16,True
BULK-INV-5150-L01,BULK-INV-5150,5150,2026-04-16,130A,3249B,Water Based,method_ii,3.5,6823N-B,5.0,1.056,relaxed,17,True
BULK-INV-5150-L01,BULK-INV-5150,5150,2026-04-16,130A,3249B,Water Based,method_ii,3.5,6833A,10.0,1.074,relaxed,18,True
BULK-INV-5150-L01,BULK-INV-5150,5150,2026-04-16,130A,3249B,Water Based,method_ii,3.5,6719N-D,5.0,1.165,relaxed,19,True
BULK-INV-5150-L01,BULK-INV-5150,5150,2026-04-16,130A,3249B,Water Based,method_ii,3.5,6803B,5.0,1.196,relaxed,20,True
BULK-INV-5150-L01,BULK-INV-5150,5150,2026-04-16,130A,3249B,Water Based,method_ii,3.5,6803A,10.0,1.227,relaxed,21,True
BULK-INV-5150-L01,BULK-INV-5150,5150,2026-04-16,130A,3249B,Water Based,method_ii,3.5,6832A,10.0,1.584,review,22,True
BULK-INV-5150-L01,BULK-INV-5150,5150,2026-04-16,130A,3249B,Water Based,method_ii,3.5,6832B,6.0,1.699,review,23,True
BULK-INV-5150-L01,BULK-INV-5150,5150,2026-04-16,130A,3249B,Water Based,method_ii,3.5,6833B,10.0,2.032,review,24,True
BULK-INV-5150-L01,BULK-INV-5150,5150,2026-04-16,130A,3249B,Water Based,method_ii,3.5,6528A,10.0,2.171,review,25,True
BULK-INV-5150-L01,BULK-INV-5150,5150,2026-04-16,130A,3249B,Water Based,method_ii,3.5,6770B,10.0,2.281,review,26,True
BULK-INV-5150-L02,BULK-INV-5150,5150,2026-04-16,130A,3249B,Paint,method_i_b,2.0,6788A,10.0,0.017,excellent,1,True
BULK-INV-5150-L02,BULK-INV-5150,5150,2026-04-16,130A,3249B,Paint,method_i_b,2.0,6787B,7.0,0.07,excellent,2,True
BULK-INV-5150-L02,BULK-INV-5150,5150,2026-04-16,130A,3249B,Paint,method_i_b,2.0,6797B,7.0,0.082,excellent,3,True
BULK-INV-5150-L02,BULK-INV-5150,5150,2026-04-16,130A,3249B,Paint,method_i_b,2.0,6797A,10.0,0.09,excellent,4,True
BULK-INV-5150-L02,BULK-INV-5150,5150,2026-04-16,130A,3249B,Paint,method_i_b,2.0,6787A,10.0,0.101,excellent,5,True
BULK-INV-5150-L02,BULK-INV-5150,5150,2026-04-16,130A,3249B,Paint,method_i_b,2.0,6796B,8.0,0.197,excellent,6,True
BULK-INV-5150-L02,BULK-INV-5150,5150,2026-04-16,130A,3249B,Paint,method_i_b,2.0,6788B,10.0,0.271,excellent,7,True
BULK-INV-5150-L02,BULK-INV-5150,5150,2026-04-16,130A,3249B,Paint,method_i_b,2.0,6796A,10.0,0.331,excellent,8,True
BULK-INV-5150-L02,BULK-INV-5150,5150,2026-04-16,130A,3249B,Paint,method_i_b,2.0,6803B,5.0,0.429,excellent,9,True
BULK-INV-5150-L02,BULK-INV-5150,5150,2026-04-16,130A,3249B,Paint,method_i_b,2.0,6802A,10.0,0.526,excellent,10,True
BULK-INV-5150-L02,BULK-INV-5150,5150,2026-04-16,130A,3249B,Paint,method_i_b,2.0,6801B,4.0,0.59,excellent,11,True
BULK-INV-5150-L02,BULK-INV-5150,5150,2026-04-16,130A,3249B,Paint,method_i_b,2.0,6803A,10.0,0.611,strict,12,True
BULK-INV-5150-L02,BULK-INV-5150,5150,2026-04-16,130A,3249B,Paint,method_i_b,2.0,6822N-A,5.0,0.661,strict,13,True
BULK-INV-5150-L02,BULK-INV-5150,5150,2026-04-16,130A,3249B,Paint,method_i_b,2.0,6833B,10.0,0.708,strict,14,True
BULK-INV-5150-L02,BULK-INV-5150,5150,2026-04-16,130A,3249B,Paint,method_i_b,2.0,6833A,10.0,0.77,strict,15,True
BULK-INV-5150-L02,BULK-INV-5150,5150,2026-04-16,130A,3249B,Paint,method_i_b,2.0,6802B,10.0,0.827,strict,16,True
BULK-INV-5150-L02,BULK-INV-5150,5150,2026-04-16,130A,3249B,Paint,method_i_b,2.0,6548A,4.0,0.833,strict,17,True
BULK-INV-5150-L02,BULK-INV-5150,5150,2026-04-16,130A,3249B,Paint,method_i_b,2.0,6832B,6.0,0.897,strict,18,True
BULK-INV-5150-L02,BULK-INV-5150,5150,2026-04-16,130A,3249B,Paint,method_i_b,2.0,6789A,10.0,0.899,strict,19,True
BULK-INV-5150-L02,BULK-INV-5150,5150,2026-04-16,130A,3249B,Paint,method_i_b,2.0,6801A,10.0,0.915,strict,20,True
BULK-INV-5150-L02,BULK-INV-5150,5150,2026-04-16,130A,3249B,Paint,method_i_b,2.0,6832A,10.0,0.923,strict,21,True
BULK-INV-5150-L02,BULK-INV-5150,5150,2026-04-16,130A,3249B,Paint,method_i_b,2.0,6719N-D,5.0,0.961,strict,22,True
BULK-INV-5150-L02,BULK-INV-5150,5150,2026-04-16,130A,3249B,Paint,method_i_b,2.0,6789B,10.0,1.026,relaxed,23,True
BULK-INV-5150-L02,BULK-INV-5150,5150,2026-04-16,130A,3249B,Paint,method_i_b,2.0,6770B,10.0,1.095,relaxed,24,True
BULK-INV-5150-L02,BULK-INV-5150,5150,2026-04-16,130A,3249B,Paint,method_i_b,2.0,6528A,10.0,1.236,relaxed,25,True
BULK-INV-5150-L02,BULK-INV-5150,5150,2026-04-16,130A,3249B,Paint,method_i_b,2.0,6823N-B,5.0,1.393,relaxed,26,True
BULK-INV-5151-L01,BULK-INV-5151,5151,2026-04-17,130,325,Water Based,method_ii,2.5,6778N-B,5.0,0.292,excellent,1,True
BULK-INV-5151-L01,BULK-INV-5151,5151,2026-04-17,130,325,Water Based,method_ii,2.5,6823N-D,5.0,0.493,excellent,2,True
BULK-INV-5151-L01,BULK-INV-5151,5151,2026-04-17,130,325,Water Based,method_ii,2.5,6824N-A,5.0,0.52,excellent,3,True
BULK-INV-5151-L01,BULK-INV-5151,5151,2026-04-17,130,325,Water Based,method_ii,2.5,6823N-C,5.0,0.623,strict,4,True
BULK-INV-5151-L01,BULK-INV-5151,5151,2026-04-17,130,325,Water Based,method_ii,2.5,6823N-A,5.0,0.732,strict,5,True
BULK-INV-5151-L01,BULK-INV-5151,5151,2026-04-17,130,325,Water Based,method_ii,2.5,6822N-D,5.0,0.747,strict,6,True
BULK-INV-5151-L01,BULK-INV-5151,5151,2026-04-17,130,325,Water Based,method_ii,2.5,6828N-D,5.0,0.799,strict,7,True
BULK-INV-5151-L01,BULK-INV-5151,5151,2026-04-17,130,325,Water Based,method_ii,2.5,6563A,6.0,0.929,strict,8,True
BULK-INV-5151-L01,BULK-INV-5151,5151,2026-04-17,130,325,Water Based,method_ii,2.5,6764-B,5.0,0.941,strict,9,True
BULK-INV-5151-L01,BULK-INV-5151,5151,2026-04-17,130,325,Water Based,method_ii,2.5,6768A,5.0,0.957,strict,10,True
BULK-INV-5151-L01,BULK-INV-5151,5151,2026-04-17,130,325,Water Based,method_ii,2.5,6828N-A,5.0,0.974,strict,11,True
BULK-INV-5151-L01,BULK-INV-5151,5151,2026-04-17,130,325,Water Based,method_ii,2.5,6828N-C,5.0,1.052,relaxed,12,True
BULK-INV-5151-L01,BULK-INV-5151,5151,2026-04-17,130,325,Water Based,method_ii,2.5,6822N-C,5.0,1.066,relaxed,13,True
BULK-INV-5151-L01,BULK-INV-5151,5151,2026-04-17,130,325,Water Based,method_ii,2.5,6764-A,10.0,1.175,relaxed,14,True
BULK-INV-5151-L01,BULK-INV-5151,5151,2026-04-17,130,325,Water Based,method_ii,2.5,6127A,5.0,1.205,relaxed,15,True
BULK-INV-5151-L01,BULK-INV-5151,5151,2026-04-17,130,325,Water Based,method_ii,2.5,6767A,10.0,1.397,relaxed,16,True
BULK-INV-5151-L01,BULK-INV-5151,5151,2026-04-17,130,325,Water Based,method_ii,2.5,6566A,6.0,1.422,relaxed,17,True
BULK-INV-5151-L01,BULK-INV-5151,5151,2026-04-17,130,325,Water Based,method_ii,2.5,6566A,5.0,1.422,relaxed,18,True
BULK-INV-5151-L01,BULK-INV-5151,5151,2026-04-17,130,325,Water Based,method_ii,2.5,6785B,10.0,1.449,relaxed,19,True
BULK-INV-5151-L01,BULK-INV-5151,5151,2026-04-17,130,325,Water Based,method_ii,2.5,6767B,10.0,1.465,relaxed,20,True
BULK-INV-5151-L01,BULK-INV-5151,5151,2026-04-17,130,325,Water Based,method_ii,2.5,6812B,10.0,1.476,relaxed,21,True
BULK-INV-5151-L01,BULK-INV-5151,5151,2026-04-17,130,325,Water Based,method_ii,2.5,6784B,7.0,1.546,review,22,True
BULK-INV-5151-L01,BULK-INV-5151,5151,2026-04-17,130,325,Water Based,method_ii,2.5,6782A,10.0,1.575,review,23,True
BULK-INV-5151-L01,BULK-INV-5151,5151,2026-04-17,130,325,Water Based,method_ii,2.5,6784A,10.0,1.581,review,24,True
BULK-INV-5151-L01,BULK-INV-5151,5151,2026-04-17,130,325,Water Based,method_ii,2.5,6781B,2.0,1.623,review,25,False
BULK-INV-5151-L01,BULK-INV-5151,5151,2026-04-17,130,325,Water Based,method_ii,2.5,6785A,10.0,1.688,review,26,True
BULK-INV-5151-L01,BULK-INV-5151,5151,2026-04-17,130,325,Water Based,method_ii,2.5,6826N-D,5.0,1.84,review,27,True
BULK-INV-5151-L01,BULK-INV-5151,5151,2026-04-17,130,325,Water Based,method_ii,2.5,6781A,10.0,1.929,review,28,True
BULK-INV-5151-L01,BULK-INV-5151,5151,2026-04-17,130,325,Water Based,method_ii,2.5,6812A,10.0,1.955,review,29,True
BULK-INV-5151-L01,BULK-INV-5151,5151,2026-04-17,130,325,Water Based,method_ii,2.5,6827N-A,5.0,1.965,review,30,True
BULK-INV-5151-L01,BULK-INV-5151,5151,2026-04-17,130,325,Water Based,method_ii,2.5,6770A,10.0,2.183,review,31,True
BULK-INV-5152-L01,BULK-INV-5152,5152,2026-04-18,130,325,Water Based,method_ii,1.5,6778N-B,5.0,0.292,excellent,1,True
BULK-INV-5152-L01,BULK-INV-5152,5152,2026-04-18,130,325,Water Based,method_ii,1.5,6823N-D,5.0,0.493,excellent,2,True
BULK-INV-5152-L01,BULK-INV-5152,5152,2026-04-18,130,325,Water Based,method_ii,1.5,6824N-A,5.0,0.52,excellent,3,True
BULK-INV-5152-L01,BULK-INV-5152,5152,2026-04-18,130,325,Water Based,method_ii,1.5,6823N-C,5.0,0.623,strict,4,True
BULK-INV-5152-L01,BULK-INV-5152,5152,2026-04-18,130,325,Water Based,method_ii,1.5,6823N-A,5.0,0.732,strict,5,True
BULK-INV-5152-L01,BULK-INV-5152,5152,2026-04-18,130,325,Water Based,method_ii,1.5,6822N-D,5.0,0.747,strict,6,True
BULK-INV-5152-L01,BULK-INV-5152,5152,2026-04-18,130,325,Water Based,method_ii,1.5,6828N-D,5.0,0.799,strict,7,True
BULK-INV-5152-L01,BULK-INV-5152,5152,2026-04-18,130,325,Water Based,method_ii,1.5,6563A,6.0,0.929,strict,8,True
BULK-INV-5152-L01,BULK-INV-5152,5152,2026-04-18,130,325,Water Based,method_ii,1.5,6764-B,5.0,0.941,strict,9,True
BULK-INV-5152-L01,BULK-INV-5152,5152,2026-04-18,130,325,Water Based,method_ii,1.5,6768A,5.0,0.957,strict,10,True
BULK-INV-5152-L01,BULK-INV-5152,5152,2026-04-18,130,325,Water Based,method_ii,1.5,6828N-A,5.0,0.974,strict,11,True
BULK-INV-5152-L01,BULK-INV-5152,5152,2026-04-18,130,325,Water Based,method_ii,1.5,6828N-C,5.0,1.052,relaxed,12,True
BULK-INV-5152-L01,BULK-INV-5152,5152,2026-04-18,130,325,Water Based,method_ii,1.5,6822N-C,5.0,1.066,relaxed,13,True
BULK-INV-5152-L01,BULK-INV-5152,5152,2026-04-18,130,325,Water Based,method_ii,1.5,6764-A,10.0,1.175,relaxed,14,True
BULK-INV-5152-L01,BULK-INV-5152,5152,2026-04-18,130,325,Water Based,method_ii,1.5,6127A,5.0,1.205,relaxed,15,True
BULK-INV-5152-L01,BULK-INV-5152,5152,2026-04-18,130,325,Water Based,method_ii,1.5,6767A,10.0,1.397,relaxed,16,True
BULK-INV-5152-L01,BULK-INV-5152,5152,2026-04-18,130,325,Water Based,method_ii,1.5,6566A,6.0,1.422,relaxed,17,True
BULK-INV-5152-L01,BULK-INV-5152,5152,2026-04-18,130,325,Water Based,method_ii,1.5,6566A,5.0,1.422,relaxed,18,True
BULK-INV-5152-L01,BULK-INV-5152,5152,2026-04-18,130,325,Water Based,method_ii,1.5,6785B,10.0,1.449,relaxed,19,True
BULK-INV-5152-L01,BULK-INV-5152,5152,2026-04-18,130,325,Water Based,method_ii,1.5,6767B,10.0,1.465,relaxed,20,True
BULK-INV-5152-L01,BULK-INV-5152,5152,2026-04-18,130,325,Water Based,method_ii,1.5,6812B,10.0,1.476,relaxed,21,True
BULK-INV-5152-L01,BULK-INV-5152,5152,2026-04-18,130,325,Water Based,method_ii,1.5,6784B,7.0,1.546,review,22,True
BULK-INV-5152-L01,BULK-INV-5152,5152,2026-04-18,130,325,Water Based,method_ii,1.5,6782A,10.0,1.575,review,23,True
BULK-INV-5152-L01,BULK-INV-5152,5152,2026-04-18,130,325,Water Based,method_ii,1.5,6784A,10.0,1.581,review,24,True
BULK-INV-5152-L01,BULK-INV-5152,5152,2026-04-18,130,325,Water Based,method_ii,1.5,6781B,2.0,1.623,review,25,True
BULK-INV-5152-L01,BULK-INV-5152,5152,2026-04-18,130,325,Water Based,method_ii,1.5,6785A,10.0,1.688,review,26,True
BULK-INV-5152-L01,BULK-INV-5152,5152,2026-04-18,130,325,Water Based,method_ii,1.5,6826N-D,5.0,1.84,review,27,True
BULK-INV-5152-L01,BULK-INV-5152,5152,2026-04-18,130,325,Water Based,method_ii,1.5,6781A,10.0,1.929,review,28,True
BULK-INV-5152-L01,BULK-INV-5152,5152,2026-04-18,130,325,Water Based,method_ii,1.5,6812A,10.0,1.955,review,29,True
BULK-INV-5152-L01,BULK-INV-5152,5152,2026-04-18,130,325,Water Based,method_ii,1.5,6827N-A,5.0,1.965,review,30,True
BULK-INV-5152-L01,BULK-INV-5152,5152,2026-04-18,130,325,Water Based,method_ii,1.5,6770A,10.0,2.183,review,31,True
BULK-INV-5152-L02,BULK-INV-5152,5152,2026-04-18,130A,3249B,Water Based,method_ii,0.5,6802A,10.0,0.119,excellent,1,True
BULK-INV-5152-L02,BULK-INV-5152,5152,2026-04-18,130A,3249B,Water Based,method_ii,0.5,6796A,10.0,0.161,excellent,2,True
BULK-INV-5152-L02,BULK-INV-5152,5152,2026-04-18,130A,3249B,Water Based,method_ii,0.5,6801A,10.0,0.212,excellent,3,True
BULK-INV-5152-L02,BULK-INV-5152,5152,2026-04-18,130A,3249B,Water Based,method_ii,0.5,6789A,10.0,0.214,excellent,4,True
BULK-INV-5152-L02,BULK-INV-5152,5152,2026-04-18,130A,3249B,Water Based,method_ii,0.5,6822N-A,5.0,0.331,excellent,5,True
BULK-INV-5152-L02,BULK-INV-5152,5152,2026-04-18,130A,3249B,Water Based,method_ii,0.5,6797A,10.0,0.335,excellent,6,True
BULK-INV-5152-L02,BULK-INV-5152,5152,2026-04-18,130A,3249B,Water Based,method_ii,0.5,6787A,10.0,0.35,excellent,7,True
BULK-INV-5152-L02,BULK-INV-5152,5152,2026-04-18,130A,3249B,Water Based,method_ii,0.5,6802B,10.0,0.351,excellent,8,True
BULK-INV-5152-L02,BULK-INV-5152,5152,2026-04-18,130A,3249B,Water Based,method_ii,0.5,6788B,10.0,0.373,excellent,9,True
BULK-INV-5152-L02,BULK-INV-5152,5152,2026-04-18,130A,3249B,Water Based,method_ii,0.5,6796B,8.0,0.375,excellent,10,True
BULK-INV-5152-L02,BULK-INV-5152,5152,2026-04-18,130A,3249B,Water Based,method_ii,0.5,6801B,4.0,0.404,excellent,11,True
BULK-INV-5152-L02,BULK-INV-5152,5152,2026-04-18,130A,3249B,Water Based,method_ii,0.5,6788A,10.0,0.508,excellent,12,True
BULK-INV-5152-L02,BULK-INV-5152,5152,2026-04-18,130A,3249B,Water Based,method_ii,0.5,6797B,7.0,0.685,strict,13,True
BULK-INV-5152-L02,BULK-INV-5152,5152,2026-04-18,130A,3249B,Water Based,method_ii,0.5,6789B,10.0,0.76,strict,14,True
BULK-INV-5152-L02,BULK-INV-5152,5152,2026-04-18,130A,3249B,Water Based,method_ii,0.5,6787B,7.0,0.797,strict,15,True
BULK-INV-5152-L02,BULK-INV-5152,5152,2026-04-18,130A,3249B,Water Based,method_ii,0.5,6548A,4.0,0.904,strict,16,True
BULK-INV-5152-L02,BULK-INV-5152,5152,2026-04-18,130A,3249B,Water Based,method_ii,0.5,6823N-B,5.0,1.056,relaxed,17,True
BULK-INV-5152-L02,BULK-INV-5152,5152,2026-04-18,130A,3249B,Water Based,method_ii,0.5,6833A,10.0,1.074,relaxed,18,True
BULK-INV-5152-L02,BULK-INV-5152,5152,2026-04-18,130A,3249B,Water Based,method_ii,0.5,6719N-D,5.0,1.165,relaxed,19,True
BULK-INV-5152-L02,BULK-INV-5152,5152,2026-04-18,130A,3249B,Water Based,method_ii,0.5,6803B,5.0,1.196,relaxed,20,True
BULK-INV-5152-L02,BULK-INV-5152,5152,2026-04-18,130A,3249B,Water Based,method_ii,0.5,6803A,10.0,1.227,relaxed,21,True
BULK-INV-5152-L02,BULK-INV-5152,5152,2026-04-18,130A,3249B,Water Based,method_ii,0.5,6832A,10.0,1.584,review,22,True
BULK-INV-5152-L02,BULK-INV-5152,5152,2026-04-18,130A,3249B,Water Based,method_ii,0.5,6832B,6.0,1.699,review,23,True
BULK-INV-5152-L02,BULK-INV-5152,5152,2026-04-18,130A,3249B,Water Based,method_ii,0.5,6833B,10.0,2.032,review,24,True
BULK-INV-5152-L02,BULK-INV-5152,5152,2026-04-18,130A,3249B,Water Based,method_ii,0.5,6528A,10.0,2.171,review,25,True
BULK-INV-5152-L02,BULK-INV-5152,5152,2026-04-18,130A,3249B,Water Based,method_ii,0.5,6770B,10.0,2.281,review,26,True
BULK-INV-5153-L01,BULK-INV-5153,5153,2026-04-19,130,325,Paint,method_i_b,6.0,6764-B,5.0,0.13,excellent,1,False
BULK-INV-5153-L01,BULK-INV-5153,5153,2026-04-19,130,325,Paint,method_i_b,6.0,6767A,10.0,0.269,excellent,2,True
BULK-INV-5153-L01,BULK-INV-5153,5153,2026-04-19,130,325,Paint,method_i_b,6.0,6823N-C,5.0,0.269,excellent,3,False
BULK-INV-5153-L01,BULK-INV-5153,5153,2026-04-19,130,325,Paint,method_i_b,6.0,6768A,5.0,0.284,excellent,4,False
BULK-INV-5153-L01,BULK-INV-5153,5153,2026-04-19,130,325,Paint,method_i_b,6.0,6764-A,10.0,0.297,excellent,5,True
BULK-INV-5153-L01,BULK-INV-5153,5153,2026-04-19,130,325,Paint,method_i_b,6.0,6782A,10.0,0.297,excellent,6,True
BULK-INV-5153-L01,BULK-INV-5153,5153,2026-04-19,130,325,Paint,method_i_b,6.0,6781A,10.0,0.309,excellent,7,True
BULK-INV-5153-L01,BULK-INV-5153,5153,2026-04-19,130,325,Paint,method_i_b,6.0,6781B,2.0,0.311,excellent,8,False
BULK-INV-5153-L01,BULK-INV-5153,5153,2026-04-19,130,325,Paint,method_i_b,6.0,6785A,10.0,0.323,excellent,9,True
BULK-INV-5153-L01,BULK-INV-5153,5153,2026-04-19,130,325,Paint,method_i_b,6.0,6823N-D,5.0,0.342,excellent,10,False
BULK-INV-5153-L01,BULK-INV-5153,5153,2026-04-19,130,325,Paint,method_i_b,6.0,6824N-A,5.0,0.363,excellent,11,False
BULK-INV-5153-L01,BULK-INV-5153,5153,2026-04-19,130,325,Paint,method_i_b,6.0,6822N-C,5.0,0.369,excellent,12,False
BULK-INV-5153-L01,BULK-INV-5153,5153,2026-04-19,130,325,Paint,method_i_b,6.0,6767B,10.0,0.371,excellent,13,True
BULK-INV-5153-L01,BULK-INV-5153,5153,2026-04-19,130,325,Paint,method_i_b,6.0,6828N-A,5.0,0.371,excellent,14,False
BULK-INV-5153-L01,BULK-INV-5153,5153,2026-04-19,130,325,Paint,method_i_b,6.0,6770A,10.0,0.387,excellent,15,True
BULK-INV-5153-L01,BULK-INV-5153,5153,2026-04-19,130,325,Paint,method_i_b,6.0,6784B,7.0,0.396,excellent,16,True
BULK-INV-5153-L01,BULK-INV-5153,5153,2026-04-19,130,325,Paint,method_i_b,6.0,6784A,10.0,0.415,excellent,17,True
BULK-INV-5153-L01,BULK-INV-5153,5153,2026-04-19,130,325,Paint,method_i_b,6.0,6828N-D,5.0,0.446,excellent,18,False
BULK-INV-5153-L01,BULK-INV-5153,5153,2026-04-19,130,325,Paint,method_i_b,6.0,6785B,10.0,0.453,excellent,19,True
BULK-INV-5153-L01,BULK-INV-5153,5153,2026-04-19,130,325,Paint,method_i_b,6.0,6563A,6.0,0.54,excellent,20,True
BULK-INV-5153-L01,BULK-INV-5153,5153,2026-04-19,130,325,Paint,method_i_b,6.0,6822N-D,5.0,0.559,excellent,21,False
BULK-INV-5153-L01,BULK-INV-5153,5153,2026-04-19,130,325,Paint,method_i_b,6.0,6823N-A,5.0,0.602,strict,22,False
BULK-INV-5153-L01,BULK-INV-5153,5153,2026-04-19,130,325,Paint,method_i_b,6.0,6127A,5.0,0.633,strict,23,False
BULK-INV-5153-L01,BULK-INV-5153,5153,2026-04-19,130,325,Paint,method_i_b,6.0,6828N-C,5.0,0.661,strict,24,False
BULK-INV-5153-L01,BULK-INV-5153,5153,2026-04-19,130,325,Paint,method_i_b,6.0,6812B,10.0,0.72,strict,25,True
BULK-INV-5153-L01,BULK-INV-5153,5153,2026-04-19,130,325,Paint,method_i_b,6.0,6812A,10.0,0.836,strict,26,True
BULK-INV-5153-L01,BULK-INV-5153,5153,2026-04-19,130,325,Paint,method_i_b,6.0,6566A,6.0,0.872,strict,27,True
BULK-INV-5153-L01,BULK-INV-5153,5153,2026-04-19,130,325,Paint,method_i_b,6.0,6566A,5.0,0.872,strict,28,False
BULK-INV-5153-L01,BULK-INV-5153,5153,2026-04-19,130,325,Paint,method_i_b,6.0,6778N-B,5.0,1.01,relaxed,29,False
BULK-INV-5153-L01,BULK-INV-5153,5153,2026-04-19,130,325,Paint,method_i_b,6.0,6826N-D,5.0,1.094,relaxed,30,False
BULK-INV-5153-L01,BULK-INV-5153,5153,2026-04-19,130,325,Paint,method_i_b,6.0,6827N-A,5.0,1.231,relaxed,31,False
BULK-INV-5154-L01,BULK-INV-5154,5154,2026-04-20,130,325,Paint,method_i_b,3.0,6764-B,5.0,0.13,excellent,1,True
BULK-INV-5154-L01,BULK-INV-5154,5154,2026-04-20,130,325,Paint,method_i_b,3.0,6767A,10.0,0.269,excellent,2,True
BULK-INV-5154-L01,BULK-INV-5154,5154,2026-04-20,130,325,Paint,method_i_b,3.0,6823N-C,5.0,0.269,excellent,3,True
BULK-INV-5154-L01,BULK-INV-5154,5154,2026-04-20,130,325,Paint,method_i_b,3.0,6768A,5.0,0.284,excellent,4,True
BULK-INV-5154-L01,BULK-INV-5154,5154,2026-04-20,130,325,Paint,method_i_b,3.0,6764-A,10.0,0.297,excellent,5,True
BULK-INV-5154-L01,BULK-INV-5154,5154,2026-04-20,130,325,Paint,method_i_b,3.0,6782A,10.0,0.297,excellent,6,True
BULK-INV-5154-L01,BULK-INV-5154,5154,2026-04-20,130,325,Paint,method_i_b,3.0,6781A,10.0,0.309,excellent,7,True
BULK-INV-5154-L01,BULK-INV-5154,5154,2026-04-20,130,325,Paint,method_i_b,3.0,6781B,2.0,0.311,excellent,8,False
BULK-INV-5154-L01,BULK-INV-5154,5154,2026-04-20,130,325,Paint,method_i_b,3.0,6785A,10.0,0.323,excellent,9,True
BULK-INV-5154-L01,BULK-INV-5154,5154,2026-04-20,130,325,Paint,method_i_b,3.0,6823N-D,5.0,0.342,excellent,10,True
BULK-INV-5154-L01,BULK-INV-5154,5154,2026-04-20,130,325,Paint,method_i_b,3.0,6824N-A,5.0,0.363,excellent,11,True
BULK-INV-5154-L01,BULK-INV-5154,5154,2026-04-20,130,325,Paint,method_i_b,3.0,6822N-C,5.0,0.369,excellent,12,True
BULK-INV-5154-L01,BULK-INV-5154,5154,2026-04-20,130,325,Paint,method_i_b,3.0,6767B,10.0,0.371,excellent,13,True
BULK-INV-5154-L01,BULK-INV-5154,5154,2026-04-20,130,325,Paint,method_i_b,3.0,6828N-A,5.0,0.371,excellent,14,True
BULK-INV-5154-L01,BULK-INV-5154,5154,2026-04-20,130,325,Paint,method_i_b,3.0,6770A,10.0,0.387,excellent,15,True
BULK-INV-5154-L01,BULK-INV-5154,5154,2026-04-20,130,325,Paint,method_i_b,3.0,6784B,7.0,0.396,excellent,16,True
BULK-INV-5154-L01,BULK-INV-5154,5154,2026-04-20,130,325,Paint,method_i_b,3.0,6784A,10.0,0.415,excellent,17,True
BULK-INV-5154-L01,BULK-INV-5154,5154,2026-04-20,130,325,Paint,method_i_b,3.0,6828N-D,5.0,0.446,excellent,18,True
BULK-INV-5154-L01,BULK-INV-5154,5154,2026-04-20,130,325,Paint,method_i_b,3.0,6785B,10.0,0.453,excellent,19,True
BULK-INV-5154-L01,BULK-INV-5154,5154,2026-04-20,130,325,Paint,method_i_b,3.0,6563A,6.0,0.54,excellent,20,True
BULK-INV-5154-L01,BULK-INV-5154,5154,2026-04-20,130,325,Paint,method_i_b,3.0,6822N-D,5.0,0.559,excellent,21,True
BULK-INV-5154-L01,BULK-INV-5154,5154,2026-04-20,130,325,Paint,method_i_b,3.0,6823N-A,5.0,0.602,strict,22,True
BULK-INV-5154-L01,BULK-INV-5154,5154,2026-04-20,130,325,Paint,method_i_b,3.0,6127A,5.0,0.633,strict,23,True
BULK-INV-5154-L01,BULK-INV-5154,5154,2026-04-20,130,325,Paint,method_i_b,3.0,6828N-C,5.0,0.661,strict,24,True
BULK-INV-5154-L01,BULK-INV-5154,5154,2026-04-20,130,325,Paint,method_i_b,3.0,6812B,10.0,0.72,strict,25,True
BULK-INV-5154-L01,BULK-INV-5154,5154,2026-04-20,130,325,Paint,method_i_b,3.0,6812A,10.0,0.836,strict,26,True
BULK-INV-5154-L01,BULK-INV-5154,5154,2026-04-20,130,325,Paint,method_i_b,3.0,6566A,6.0,0.872,strict,27,True
BULK-INV-5154-L01,BULK-INV-5154,5154,2026-04-20,130,325,Paint,method_i_b,3.0,6566A,5.0,0.872,strict,28,True
BULK-INV-5154-L01,BULK-INV-5154,5154,2026-04-20,130,325,Paint,method_i_b,3.0,6778N-B,5.0,1.01,relaxed,29,True
BULK-INV-5154-L01,BULK-INV-5154,5154,2026-04-20,130,325,Paint,method_i_b,3.0,6826N-D,5.0,1.094,relaxed,30,True
BULK-INV-5154-L01,BULK-INV-5154,5154,2026-04-20,130,325,Paint,method_i_b,3.0,6827N-A,5.0,1.231,relaxed,31,True
BULK-INV-5155-L01,BULK-INV-5155,5155,2026-04-21,130,325,Water Based,method_ii,20.0,6778N-B,5.0,0.292,excellent,1,False
BULK-INV-5155-L01,BULK-INV-5155,5155,2026-04-21,130,325,Water Based,method_ii,20.0,6823N-D,5.0,0.493,excellent,2,False
BULK-INV-5155-L01,BULK-INV-5155,5155,2026-04-21,130,325,Water Based,method_ii,20.0,6824N-A,5.0,0.52,excellent,3,False
BULK-INV-5155-L01,BULK-INV-5155,5155,2026-04-21,130,325,Water Based,method_ii,20.0,6823N-C,5.0,0.623,strict,4,False
BULK-INV-5155-L01,BULK-INV-5155,5155,2026-04-21,130,325,Water Based,method_ii,20.0,6823N-A,5.0,0.732,strict,5,False
BULK-INV-5155-L01,BULK-INV-5155,5155,2026-04-21,130,325,Water Based,method_ii,20.0,6822N-D,5.0,0.747,strict,6,False
BULK-INV-5155-L01,BULK-INV-5155,5155,2026-04-21,130,325,Water Based,method_ii,20.0,6828N-D,5.0,0.799,strict,7,False
BULK-INV-5155-L01,BULK-INV-5155,5155,2026-04-21,130,325,Water Based,method_ii,20.0,6563A,6.0,0.929,strict,8,False
BULK-INV-5155-L01,BULK-INV-5155,5155,2026-04-21,130,325,Water Based,method_ii,20.0,6764-B,5.0,0.941,strict,9,False
BULK-INV-5155-L01,BULK-INV-5155,5155,2026-04-21,130,325,Water Based,method_ii,20.0,6768A,5.0,0.957,strict,10,False
BULK-INV-5155-L01,BULK-INV-5155,5155,2026-04-21,130,325,Water Based,method_ii,20.0,6828N-A,5.0,0.974,strict,11,False
BULK-INV-5155-L01,BULK-INV-5155,5155,2026-04-21,130,325,Water Based,method_ii,20.0,6828N-C,5.0,1.052,relaxed,12,False
BULK-INV-5155-L01,BULK-INV-5155,5155,2026-04-21,130,325,Water Based,method_ii,20.0,6822N-C,5.0,1.066,relaxed,13,False
BULK-INV-5155-L01,BULK-INV-5155,5155,2026-04-21,130,325,Water Based,method_ii,20.0,6764-A,10.0,1.175,relaxed,14,False
BULK-INV-5155-L01,BULK-INV-5155,5155,2026-04-21,130,325,Water Based,method_ii,20.0,6127A,5.0,1.205,relaxed,15,False
BULK-INV-5155-L01,BULK-INV-5155,5155,2026-04-21,130,325,Water Based,method_ii,20.0,6767A,10.0,1.397,relaxed,16,False
BULK-INV-5155-L01,BULK-INV-5155,5155,2026-04-21,130,325,Water Based,method_ii,20.0,6566A,6.0,1.422,relaxed,17,False
BULK-INV-5155-L01,BULK-INV-5155,5155,2026-04-21,130,325,Water Based,method_ii,20.0,6566A,5.0,1.422,relaxed,18,False
BULK-INV-5155-L01,BULK-INV-5155,5155,2026-04-21,130,325,Water Based,method_ii,20.0,6785B,10.0,1.449,relaxed,19,False
BULK-INV-5155-L01,BULK-INV-5155,5155,2026-04-21,130,325,Water Based,method_ii,20.0,6767B,10.0,1.465,relaxed,20,False
BULK-INV-5155-L01,BULK-INV-5155,5155,2026-04-21,130,325,Water Based,method_ii,20.0,6812B,10.0,1.476,relaxed,21,False
BULK-INV-5155-L01,BULK-INV-5155,5155,2026-04-21,130,325,Water Based,method_ii,20.0,6784B,7.0,1.546,review,22,False
BULK-INV-5155-L01,BULK-INV-5155,5155,2026-04-21,130,325,Water Based,method_ii,20.0,6782A,10.0,1.575,review,23,False
BULK-INV-5155-L01,BULK-INV-5155,5155,2026-04-21,130,325,Water Based,method_ii,20.0,6784A,10.0,1.581,review,24,False
BULK-INV-5155-L01,BULK-INV-5155,5155,2026-04-21,130,325,Water Based,method_ii,20.0,6781B,2.0,1.623,review,25,False
BULK-INV-5155-L01,BULK-INV-5155,5155,2026-04-21,130,325,Water Based,method_ii,20.0,6785A,10.0,1.688,review,26,False
BULK-INV-5155-L01,BULK-INV-5155,5155,2026-04-21,130,325,Water Based,method_ii,20.0,6826N-D,5.0,1.84,review,27,False
BULK-INV-5155-L01,BULK-INV-5155,5155,2026-04-21,130,325,Water Based,method_ii,20.0,6781A,10.0,1.929,review,28,False
BULK-INV-5155-L01,BULK-INV-5155,5155,2026-04-21,130,325,Water Based,method_ii,20.0,6812A,10.0,1.955,review,29,False
BULK-INV-5155-L01,BULK-INV-5155,5155,2026-04-21,130,325,Water Based,method_ii,20.0,6827N-A,5.0,1.965,review,30,False
BULK-INV-5155-L01,BULK-INV-5155,5155,2026-04-21,130,325,Water Based,method_ii,20.0,6770A,10.0,2.183,review,31,False
BULK-INV-5156-L01,BULK-INV-5156,5156,2026-04-22,130,325,Water Based,method_ii,4.0,6778N-B,5.0,0.292,excellent,1,True
BULK-INV-5156-L01,BULK-INV-5156,5156,2026-04-22,130,325,Water Based,method_ii,4.0,6823N-D,5.0,0.493,excellent,2,True
BULK-INV-5156-L01,BULK-INV-5156,5156,2026-04-22,130,325,Water Based,method_ii,4.0,6824N-A,5.0,0.52,excellent,3,True
BULK-INV-5156-L01,BULK-INV-5156,5156,2026-04-22,130,325,Water Based,method_ii,4.0,6823N-C,5.0,0.623,strict,4,True
BULK-INV-5156-L01,BULK-INV-5156,5156,2026-04-22,130,325,Water Based,method_ii,4.0,6823N-A,5.0,0.732,strict,5,True
BULK-INV-5156-L01,BULK-INV-5156,5156,2026-04-22,130,325,Water Based,method_ii,4.0,6822N-D,5.0,0.747,strict,6,True
BULK-INV-5156-L01,BULK-INV-5156,5156,2026-04-22,130,325,Water Based,method_ii,4.0,6828N-D,5.0,0.799,strict,7,True
BULK-INV-5156-L01,BULK-INV-5156,5156,2026-04-22,130,325,Water Based,method_ii,4.0,6563A,6.0,0.929,strict,8,True
BULK-INV-5156-L01,BULK-INV-5156,5156,2026-04-22,130,325,Water Based,method_ii,4.0,6764-B,5.0,0.941,strict,9,True
BULK-INV-5156-L01,BULK-INV-5156,5156,2026-04-22,130,325,Water Based,method_ii,4.0,6768A,5.0,0.957,strict,10,True
BULK-INV-5156-L01,BULK-INV-5156,5156,2026-04-22,130,325,Water Based,method_ii,4.0,6828N-A,5.0,0.974,strict,11,True
BULK-INV-5156-L01,BULK-INV-5156,5156,2026-04-22,130,325,Water Based,method_ii,4.0,6828N-C,5.0,1.052,relaxed,12,True
BULK-INV-5156-L01,BULK-INV-5156,5156,2026-04-22,130,325,Water Based,method_ii,4.0,6822N-C,5.0,1.066,relaxed,13,True
BULK-INV-5156-L01,BULK-INV-5156,5156,2026-04-22,130,325,Water Based,method_ii,4.0,6764-A,10.0,1.175,relaxed,14,True
BULK-INV-5156-L01,BULK-INV-5156,5156,2026-04-22,130,325,Water Based,method_ii,4.0,6127A,5.0,1.205,relaxed,15,True
BULK-INV-5156-L01,BULK-INV-5156,5156,2026-04-22,130,325,Water Based,method_ii,4.0,6767A,10.0,1.397,relaxed,16,True
BULK-INV-5156-L01,BULK-INV-5156,5156,2026-04-22,130,325,Water Based,method_ii,4.0,6566A,6.0,1.422,relaxed,17,True
BULK-INV-5156-L01,BULK-INV-5156,5156,2026-04-22,130,325,Water Based,method_ii,4.0,6566A,5.0,1.422,relaxed,18,True
BULK-INV-5156-L01,BULK-INV-5156,5156,2026-04-22,130,325,Water Based,method_ii,4.0,6785B,10.0,1.449,relaxed,19,True
BULK-INV-5156-L01,BULK-INV-5156,5156,2026-04-22,130,325,Water Based,method_ii,4.0,6767B,10.0,1.465,relaxed,20,True
BULK-INV-5156-L01,BULK-INV-5156,5156,2026-04-22,130,325,Water Based,method_ii,4.0,6812B,10.0,1.476,relaxed,21,True
BULK-INV-5156-L01,BULK-INV-5156,5156,2026-04-22,130,325,Water Based,method_ii,4.0,6784B,7.0,1.546,review,22,True
BULK-INV-5156-L01,BULK-INV-5156,5156,2026-04-22,130,325,Water Based,method_ii,4.0,6782A,10.0,1.575,review,23,True
BULK-INV-5156-L01,BULK-INV-5156,5156,2026-04-22,130,325,Water Based,method_ii,4.0,6784A,10.0,1.581,review,24,True
BULK-INV-5156-L01,BULK-INV-5156,5156,2026-04-22,130,325,Water Based,method_ii,4.0,6781B,2.0,1.623,review,25,False
BULK-INV-5156-L01,BULK-INV-5156,5156,2026-04-22,130,325,Water Based,method_ii,4.0,6785A,10.0,1.688,review,26,True
BULK-INV-5156-L01,BULK-INV-5156,5156,2026-04-22,130,325,Water Based,method_ii,4.0,6826N-D,5.0,1.84,review,27,True
BULK-INV-5156-L01,BULK-INV-5156,5156,2026-04-22,130,325,Water Based,method_ii,4.0,6781A,10.0,1.929,review,28,True
BULK-INV-5156-L01,BULK-INV-5156,5156,2026-04-22,130,325,Water Based,method_ii,4.0,6812A,10.0,1.955,review,29,True
BULK-INV-5156-L01,BULK-INV-5156,5156,2026-04-22,130,325,Water Based,method_ii,4.0,6827N-A,5.0,1.965,review,30,True
BULK-INV-5156-L01,BULK-INV-5156,5156,2026-04-22,130,325,Water Based,method_ii,4.0,6770A,10.0,2.183,review,31,True
BULK-INV-5156-L02,BULK-INV-5156,5156,2026-04-22,130A,3249B,Water Based,method_ii,1.25,6802A,10.0,0.119,excellent,1,True
BULK-INV-5156-L02,BULK-INV-5156,5156,2026-04-22,130A,3249B,Water Based,method_ii,1.25,6796A,10.0,0.161,excellent,2,True
BULK-INV-5156-L02,BULK-INV-5156,5156,2026-04-22,130A,3249B,Water Based,method_ii,1.25,6801A,10.0,0.212,excellent,3,True
BULK-INV-5156-L02,BULK-INV-5156,5156,2026-04-22,130A,3249B,Water Based,method_ii,1.25,6789A,10.0,0.214,excellent,4,True
BULK-INV-5156-L02,BULK-INV-5156,5156,2026-04-22,130A,3249B,Water Based,method_ii,1.25,6822N-A,5.0,0.331,excellent,5,True
BULK-INV-5156-L02,BULK-INV-5156,5156,2026-04-22,130A,3249B,Water Based,method_ii,1.25,6797A,10.0,0.335,excellent,6,True
BULK-INV-5156-L02,BULK-INV-5156,5156,2026-04-22,130A,3249B,Water Based,method_ii,1.25,6787A,10.0,0.35,excellent,7,True
BULK-INV-5156-L02,BULK-INV-5156,5156,2026-04-22,130A,3249B,Water Based,method_ii,1.25,6802B,10.0,0.351,excellent,8,True
BULK-INV-5156-L02,BULK-INV-5156,5156,2026-04-22,130A,3249B,Water Based,method_ii,1.25,6788B,10.0,0.373,excellent,9,True
BULK-INV-5156-L02,BULK-INV-5156,5156,2026-04-22,130A,3249B,Water Based,method_ii,1.25,6796B,8.0,0.375,excellent,10,True
BULK-INV-5156-L02,BULK-INV-5156,5156,2026-04-22,130A,3249B,Water Based,method_ii,1.25,6801B,4.0,0.404,excellent,11,True
BULK-INV-5156-L02,BULK-INV-5156,5156,2026-04-22,130A,3249B,Water Based,method_ii,1.25,6788A,10.0,0.508,excellent,12,True
BULK-INV-5156-L02,BULK-INV-5156,5156,2026-04-22,130A,3249B,Water Based,method_ii,1.25,6797B,7.0,0.685,strict,13,True
BULK-INV-5156-L02,BULK-INV-5156,5156,2026-04-22,130A,3249B,Water Based,method_ii,1.25,6789B,10.0,0.76,strict,14,True
BULK-INV-5156-L02,BULK-INV-5156,5156,2026-04-22,130A,3249B,Water Based,method_ii,1.25,6787B,7.0,0.797,strict,15,True
BULK-INV-5156-L02,BULK-INV-5156,5156,2026-04-22,130A,3249B,Water Based,method_ii,1.25,6548A,4.0,0.904,strict,16,True
BULK-INV-5156-L02,BULK-INV-5156,5156,2026-04-22,130A,3249B,Water Based,method_ii,1.25,6823N-B,5.0,1.056,relaxed,17,True
BULK-INV-5156-L02,BULK-INV-5156,5156,2026-04-22,130A,3249B,Water Based,method_ii,1.25,6833A,10.0,1.074,relaxed,18,True
BULK-INV-5156-L02,BULK-INV-5156,5156,2026-04-22,130A,3249B,Water Based,method_ii,1.25,6719N-D,5.0,1.165,relaxed,19,True
BULK-INV-5156-L02,BULK-INV-5156,5156,2026-04-22,130A,3249B,Water Based,method_ii,1.25,6803B,5.0,1.196,relaxed,20,True
BULK-INV-5156-L02,BULK-INV-5156,5156,2026-04-22,130A,3249B,Water Based,method_ii,1.25,6803A,10.0,1.227,relaxed,21,True
BULK-INV-5156-L02,BULK-INV-5156,5156,2026-04-22,130A,3249B,Water Based,method_ii,1.25,6832A,10.0,1.584,review,22,True
BULK-INV-5156-L02,BULK-INV-5156,5156,2026-04-22,130A,3249B,Water Based,method_ii,1.25,6832B,6.0,1.699,review,23,True
BULK-INV-5156-L02,BULK-INV-5156,5156,2026-04-22,130A,3249B,Water Based,method_ii,1.25,6833B,10.0,2.032,review,24,True
BULK-INV-5156-L02,BULK-INV-5156,5156,2026-04-22,130A,3249B,Water Based,method_ii,1.25,6528A,10.0,2.171,review,25,True
BULK-INV-5156-L02,BULK-INV-5156,5156,2026-04-22,130A,3249B,Water Based,method_ii,1.25,6770B,10.0,2.281,review,26,True
BULK-INV-5157-L01,BULK-INV-5157,5157,2026-04-23,130,325,Paint,method_i_b,2.5,6764-B,5.0,0.13,excellent,1,True
BULK-INV-5157-L01,BULK-INV-5157,5157,2026-04-23,130,325,Paint,method_i_b,2.5,6767A,10.0,0.269,excellent,2,True
BULK-INV-5157-L01,BULK-INV-5157,5157,2026-04-23,130,325,Paint,method_i_b,2.5,6823N-C,5.0,0.269,excellent,3,True
BULK-INV-5157-L01,BULK-INV-5157,5157,2026-04-23,130,325,Paint,method_i_b,2.5,6768A,5.0,0.284,excellent,4,True
BULK-INV-5157-L01,BULK-INV-5157,5157,2026-04-23,130,325,Paint,method_i_b,2.5,6764-A,10.0,0.297,excellent,5,True
BULK-INV-5157-L01,BULK-INV-5157,5157,2026-04-23,130,325,Paint,method_i_b,2.5,6782A,10.0,0.297,excellent,6,True
BULK-INV-5157-L01,BULK-INV-5157,5157,2026-04-23,130,325,Paint,method_i_b,2.5,6781A,10.0,0.309,excellent,7,True
BULK-INV-5157-L01,BULK-INV-5157,5157,2026-04-23,130,325,Paint,method_i_b,2.5,6781B,2.0,0.311,excellent,8,False
BULK-INV-5157-L01,BULK-INV-5157,5157,2026-04-23,130,325,Paint,method_i_b,2.5,6785A,10.0,0.323,excellent,9,True
BULK-INV-5157-L01,BULK-INV-5157,5157,2026-04-23,130,325,Paint,method_i_b,2.5,6823N-D,5.0,0.342,excellent,10,True
BULK-INV-5157-L01,BULK-INV-5157,5157,2026-04-23,130,325,Paint,method_i_b,2.5,6824N-A,5.0,0.363,excellent,11,True
BULK-INV-5157-L01,BULK-INV-5157,5157,2026-04-23,130,325,Paint,method_i_b,2.5,6822N-C,5.0,0.369,excellent,12,True
BULK-INV-5157-L01,BULK-INV-5157,5157,2026-04-23,130,325,Paint,method_i_b,2.5,6767B,10.0,0.371,excellent,13,True
BULK-INV-5157-L01,BULK-INV-5157,5157,2026-04-23,130,325,Paint,method_i_b,2.5,6828N-A,5.0,0.371,excellent,14,True
BULK-INV-5157-L01,BULK-INV-5157,5157,2026-04-23,130,325,Paint,method_i_b,2.5,6770A,10.0,0.387,excellent,15,True
BULK-INV-5157-L01,BULK-INV-5157,5157,2026-04-23,130,325,Paint,method_i_b,2.5,6784B,7.0,0.396,excellent,16,True
BULK-INV-5157-L01,BULK-INV-5157,5157,2026-04-23,130,325,Paint,method_i_b,2.5,6784A,10.0,0.415,excellent,17,True
BULK-INV-5157-L01,BULK-INV-5157,5157,2026-04-23,130,325,Paint,method_i_b,2.5,6828N-D,5.0,0.446,excellent,18,True
BULK-INV-5157-L01,BULK-INV-5157,5157,2026-04-23,130,325,Paint,method_i_b,2.5,6785B,10.0,0.453,excellent,19,True
BULK-INV-5157-L01,BULK-INV-5157,5157,2026-04-23,130,325,Paint,method_i_b,2.5,6563A,6.0,0.54,excellent,20,True
BULK-INV-5157-L01,BULK-INV-5157,5157,2026-04-23,130,325,Paint,method_i_b,2.5,6822N-D,5.0,0.559,excellent,21,True
BULK-INV-5157-L01,BULK-INV-5157,5157,2026-04-23,130,325,Paint,method_i_b,2.5,6823N-A,5.0,0.602,strict,22,True
BULK-INV-5157-L01,BULK-INV-5157,5157,2026-04-23,130,325,Paint,method_i_b,2.5,6127A,5.0,0.633,strict,23,True
BULK-INV-5157-L01,BULK-INV-5157,5157,2026-04-23,130,325,Paint,method_i_b,2.5,6828N-C,5.0,0.661,strict,24,True
BULK-INV-5157-L01,BULK-INV-5157,5157,2026-04-23,130,325,Paint,method_i_b,2.5,6812B,10.0,0.72,strict,25,True
BULK-INV-5157-L01,BULK-INV-5157,5157,2026-04-23,130,325,Paint,method_i_b,2.5,6812A,10.0,0.836,strict,26,True
BULK-INV-5157-L01,BULK-INV-5157,5157,2026-04-23,130,325,Paint,method_i_b,2.5,6566A,6.0,0.872,strict,27,True
BULK-INV-5157-L01,BULK-INV-5157,5157,2026-04-23,130,325,Paint,method_i_b,2.5,6566A,5.0,0.872,strict,28,True
BULK-INV-5157-L01,BULK-INV-5157,5157,2026-04-23,130,325,Paint,method_i_b,2.5,6778N-B,5.0,1.01,relaxed,29,True
BULK-INV-5157-L01,BULK-INV-5157,5157,2026-04-23,130,325,Paint,method_i_b,2.5,6826N-D,5.0,1.094,relaxed,30,True
BULK-INV-5157-L01,BULK-INV-5157,5157,2026-04-23,130,325,Paint,method_i_b,2.5,6827N-A,5.0,1.231,relaxed,31,True
BULK-INV-5157-L02,BULK-INV-5157,5157,2026-04-23,130,325,Paint,method_i_b,0.75,6764-B,5.0,0.13,excellent,1,True
BULK-INV-5157-L02,BULK-INV-5157,5157,2026-04-23,130,325,Paint,method_i_b,0.75,6767A,10.0,0.269,excellent,2,True
BULK-INV-5157-L02,BULK-INV-5157,5157,2026-04-23,130,325,Paint,method_i_b,0.75,6823N-C,5.0,0.269,excellent,3,True
BULK-INV-5157-L02,BULK-INV-5157,5157,2026-04-23,130,325,Paint,method_i_b,0.75,6768A,5.0,0.284,excellent,4,True
BULK-INV-5157-L02,BULK-INV-5157,5157,2026-04-23,130,325,Paint,method_i_b,0.75,6764-A,10.0,0.297,excellent,5,True
BULK-INV-5157-L02,BULK-INV-5157,5157,2026-04-23,130,325,Paint,method_i_b,0.75,6782A,10.0,0.297,excellent,6,True
BULK-INV-5157-L02,BULK-INV-5157,5157,2026-04-23,130,325,Paint,method_i_b,0.75,6781A,10.0,0.309,excellent,7,True
BULK-INV-5157-L02,BULK-INV-5157,5157,2026-04-23,130,325,Paint,method_i_b,0.75,6781B,2.0,0.311,excellent,8,True
BULK-INV-5157-L02,BULK-INV-5157,5157,2026-04-23,130,325,Paint,method_i_b,0.75,6785A,10.0,0.323,excellent,9,True
BULK-INV-5157-L02,BULK-INV-5157,5157,2026-04-23,130,325,Paint,method_i_b,0.75,6823N-D,5.0,0.342,excellent,10,True
BULK-INV-5157-L02,BULK-INV-5157,5157,2026-04-23,130,325,Paint,method_i_b,0.75,6824N-A,5.0,0.363,excellent,11,True
BULK-INV-5157-L02,BULK-INV-5157,5157,2026-04-23,130,325,Paint,method_i_b,0.75,6822N-C,5.0,0.369,excellent,12,True
BULK-INV-5157-L02,BULK-INV-5157,5157,2026-04-23,130,325,Paint,method_i_b,0.75,6767B,10.0,0.371,excellent,13,True
BULK-INV-5157-L02,BULK-INV-5157,5157,2026-04-23,130,325,Paint,method_i_b,0.75,6828N-A,5.0,0.371,excellent,14,True
BULK-INV-5157-L02,BULK-INV-5157,5157,2026-04-23,130,325,Paint,method_i_b,0.75,6770A,10.0,0.387,excellent,15,True
BULK-INV-5157-L02,BULK-INV-5157,5157,2026-04-23,130,325,Paint,method_i_b,0.75,6784B,7.0,0.396,excellent,16,True
BULK-INV-5157-L02,BULK-INV-5157,5157,2026-04-23,130,325,Paint,method_i_b,0.75,6784A,10.0,0.415,excellent,17,True
BULK-INV-5157-L02,BULK-INV-5157,5157,2026-04-23,130,325,Paint,method_i_b,0.75,6828N-D,5.0,0.446,excellent,18,True
BULK-INV-5157-L02,BULK-INV-5157,5157,2026-04-23,130,325,Paint,method_i_b,0.75,6785B,10.0,0.453,excellent,19,True
BULK-INV-5157-L02,BULK-INV-5157,5157,2026-04-23,130,325,Paint,method_i_b,0.75,6563A,6.0,0.54,excellent,20,True
BULK-INV-5157-L02,BULK-INV-5157,5157,2026-04-23,130,325,Paint,method_i_b,0.75,6822N-D,5.0,0.559,excellent,21,True
BULK-INV-5157-L02,BULK-INV-5157,5157,2026-04-23,130,325,Paint,method_i_b,0.75,6823N-A,5.0,0.602,strict,22,True
BULK-INV-5157-L02,BULK-INV-5157,5157,2026-04-23,130,325,Paint,method_i_b,0.75,6127A,5.0,0.633,strict,23,True
BULK-INV-5157-L02,BULK-INV-5157,5157,2026-04-23,130,325,Paint,method_i_b,0.75,6828N-C,5.0,0.661,strict,24,True
BULK-INV-5157-L02,BULK-INV-5157,5157,2026-04-23,130,325,Paint,method_i_b,0.75,6812B,10.0,0.72,strict,25,True
BULK-INV-5157-L02,BULK-INV-5157,5157,2026-04-23,130,325,Paint,method_i_b,0.75,6812A,10.0,0.836,strict,26,True
BULK-INV-5157-L02,BULK-INV-5157,5157,2026-04-23,130,325,Paint,method_i_b,0.75,6566A,6.0,0.872,strict,27,True
BULK-INV-5157-L02,BULK-INV-5157,5157,2026-04-23,130,325,Paint,method_i_b,0.75,6566A,5.0,0.872,strict,28,True
BULK-INV-5157-L02,BULK-INV-5157,5157,2026-04-23,130,325,Paint,method_i_b,0.75,6778N-B,5.0,1.01,relaxed,29,True
BULK-INV-5157-L02,BULK-INV-5157,5157,2026-04-23,130,325,Paint,method_i_b,0.75,6826N-D,5.0,1.094,relaxed,30,True
BULK-INV-5157-L02,BULK-INV-5157,5157,2026-04-23,130,325,Paint,method_i_b,0.75,6827N-A,5.0,1.231,relaxed,31,True
BULK-INV-5158-L01,BULK-INV-5158,5158,2026-04-24,130,325,Water Based,method_ii,0.5,6778N-B,5.0,0.292,excellent,1,True
BULK-INV-5158-L01,BULK-INV-5158,5158,2026-04-24,130,325,Water Based,method_ii,0.5,6823N-D,5.0,0.493,excellent,2,True
BULK-INV-5158-L01,BULK-INV-5158,5158,2026-04-24,130,325,Water Based,method_ii,0.5,6824N-A,5.0,0.52,excellent,3,True
BULK-INV-5158-L01,BULK-INV-5158,5158,2026-04-24,130,325,Water Based,method_ii,0.5,6823N-C,5.0,0.623,strict,4,True
BULK-INV-5158-L01,BULK-INV-5158,5158,2026-04-24,130,325,Water Based,method_ii,0.5,6823N-A,5.0,0.732,strict,5,True
BULK-INV-5158-L01,BULK-INV-5158,5158,2026-04-24,130,325,Water Based,method_ii,0.5,6822N-D,5.0,0.747,strict,6,True
BULK-INV-5158-L01,BULK-INV-5158,5158,2026-04-24,130,325,Water Based,method_ii,0.5,6828N-D,5.0,0.799,strict,7,True
BULK-INV-5158-L01,BULK-INV-5158,5158,2026-04-24,130,325,Water Based,method_ii,0.5,6563A,6.0,0.929,strict,8,True
BULK-INV-5158-L01,BULK-INV-5158,5158,2026-04-24,130,325,Water Based,method_ii,0.5,6764-B,5.0,0.941,strict,9,True
BULK-INV-5158-L01,BULK-INV-5158,5158,2026-04-24,130,325,Water Based,method_ii,0.5,6768A,5.0,0.957,strict,10,True
BULK-INV-5158-L01,BULK-INV-5158,5158,2026-04-24,130,325,Water Based,method_ii,0.5,6828N-A,5.0,0.974,strict,11,True
BULK-INV-5158-L01,BULK-INV-5158,5158,2026-04-24,130,325,Water Based,method_ii,0.5,6828N-C,5.0,1.052,relaxed,12,True
BULK-INV-5158-L01,BULK-INV-5158,5158,2026-04-24,130,325,Water Based,method_ii,0.5,6822N-C,5.0,1.066,relaxed,13,True
BULK-INV-5158-L01,BULK-INV-5158,5158,2026-04-24,130,325,Water Based,method_ii,0.5,6764-A,10.0,1.175,relaxed,14,True
BULK-INV-5158-L01,BULK-INV-5158,5158,2026-04-24,130,325,Water Based,method_ii,0.5,6127A,5.0,1.205,relaxed,15,True
BULK-INV-5158-L01,BULK-INV-5158,5158,2026-04-24,130,325,Water Based,method_ii,0.5,6767A,10.0,1.397,relaxed,16,True
BULK-INV-5158-L01,BULK-INV-5158,5158,2026-04-24,130,325,Water Based,method_ii,0.5,6566A,6.0,1.422,relaxed,17,True
BULK-INV-5158-L01,BULK-INV-5158,5158,2026-04-24,130,325,Water Based,method_ii,0.5,6566A,5.0,1.422,relaxed,18,True
BULK-INV-5158-L01,BULK-INV-5158,5158,2026-04-24,130,325,Water Based,method_ii,0.5,6785B,10.0,1.449,relaxed,19,True
BULK-INV-5158-L01,BULK-INV-5158,5158,2026-04-24,130,325,Water Based,method_ii,0.5,6767B,10.0,1.465,relaxed,20,True
BULK-INV-5158-L01,BULK-INV-5158,5158,2026-04-24,130,325,Water Based,method_ii,0.5,6812B,10.0,1.476,relaxed,21,True
BULK-INV-5158-L01,BULK-INV-5158,5158,2026-04-24,130,325,Water Based,method_ii,0.5,6784B,7.0,1.546,review,22,True
BULK-INV-5158-L01,BULK-INV-5158,5158,2026-04-24,130,325,Water Based,method_ii,0.5,6782A,10.0,1.575,review,23,True
BULK-INV-5158-L01,BULK-INV-5158,5158,2026-04-24,130,325,Water Based,method_ii,0.5,6784A,10.0,1.581,review,24,True
BULK-INV-5158-L01,BULK-INV-5158,5158,2026-04-24,130,325,Water Based,method_ii,0.5,6781B,2.0,1.623,review,25,True
BULK-INV-5158-L01,BULK-INV-5158,5158,2026-04-24,130,325,Water Based,method_ii,0.5,6785A,10.0,1.688,review,26,True
BULK-INV-5158-L01,BULK-INV-5158,5158,2026-04-24,130,325,Water Based,method_ii,0.5,6826N-D,5.0,1.84,review,27,True
BULK-INV-5158-L01,BULK-INV-5158,5158,2026-04-24,130,325,Water Based,method_ii,0.5,6781A,10.0,1.929,review,28,True
BULK-INV-5158-L01,BULK-INV-5158,5158,2026-04-24,130,325,Water Based,method_ii,0.5,6812A,10.0,1.955,review,29,True
BULK-INV-5158-L01,BULK-INV-5158,5158,2026-04-24,130,325,Water Based,method_ii,0.5,6827N-A,5.0,1.965,review,30,True
BULK-INV-5158-L01,BULK-INV-5158,5158,2026-04-24,130,325,Water Based,method_ii,0.5,6770A,10.0,2.183,review,31,True
BULK-INV-5158-L02,BULK-INV-5158,5158,2026-04-24,130A,3249B,Water Based,method_ii,1.5,6802A,10.0,0.119,excellent,1,True
BULK-INV-5158-L02,BULK-INV-5158,5158,2026-04-24,130A,3249B,Water Based,method_ii,1.5,6796A,10.0,0.161,excellent,2,True
BULK-INV-5158-L02,BULK-INV-5158,5158,2026-04-24,130A,3249B,Water Based,method_ii,1.5,6801A,10.0,0.212,excellent,3,True
BULK-INV-5158-L02,BULK-INV-5158,5158,2026-04-24,130A,3249B,Water Based,method_ii,1.5,6789A,10.0,0.214,excellent,4,True
BULK-INV-5158-L02,BULK-INV-5158,5158,2026-04-24,130A,3249B,Water Based,method_ii,1.5,6822N-A,5.0,0.331,excellent,5,True
BULK-INV-5158-L02,BULK-INV-5158,5158,2026-04-24,130A,3249B,Water Based,method_ii,1.5,6797A,10.0,0.335,excellent,6,True
BULK-INV-5158-L02,BULK-INV-5158,5158,2026-04-24,130A,3249B,Water Based,method_ii,1.5,6787A,10.0,0.35,excellent,7,True
BULK-INV-5158-L02,BULK-INV-5158,5158,2026-04-24,130A,3249B,Water Based,method_ii,1.5,6802B,10.0,0.351,excellent,8,True
BULK-INV-5158-L02,BULK-INV-5158,5158,2026-04-24,130A,3249B,Water Based,method_ii,1.5,6788B,10.0,0.373,excellent,9,True
BULK-INV-5158-L02,BULK-INV-5158,5158,2026-04-24,130A,3249B,Water Based,method_ii,1.5,6796B,8.0,0.375,excellent,10,True
BULK-INV-5158-L02,BULK-INV-5158,5158,2026-04-24,130A,3249B,Water Based,method_ii,1.5,6801B,4.0,0.404,excellent,11,True
BULK-INV-5158-L02,BULK-INV-5158,5158,2026-04-24,130A,3249B,Water Based,method_ii,1.5,6788A,10.0,0.508,excellent,12,True
BULK-INV-5158-L02,BULK-INV-5158,5158,2026-04-24,130A,3249B,Water Based,method_ii,1.5,6797B,7.0,0.685,strict,13,True
BULK-INV-5158-L02,BULK-INV-5158,5158,2026-04-24,130A,3249B,Water Based,method_ii,1.5,6789B,10.0,0.76,strict,14,True
BULK-INV-5158-L02,BULK-INV-5158,5158,2026-04-24,130A,3249B,Water Based,method_ii,1.5,6787B,7.0,0.797,strict,15,True
BULK-INV-5158-L02,BULK-INV-5158,5158,2026-04-24,130A,3249B,Water Based,method_ii,1.5,6548A,4.0,0.904,strict,16,True
BULK-INV-5158-L02,BULK-INV-5158,5158,2026-04-24,130A,3249B,Water Based,method_ii,1.5,6823N-B,5.0,1.056,relaxed,17,True
BULK-INV-5158-L02,BULK-INV-5158,5158,2026-04-24,130A,3249B,Water Based,method_ii,1.5,6833A,10.0,1.074,relaxed,18,True
BULK-INV-5158-L02,BULK-INV-5158,5158,2026-04-24,130A,3249B,Water Based,method_ii,1.5,6719N-D,5.0,1.165,relaxed,19,True
BULK-INV-5158-L02,BULK-INV-5158,5158,2026-04-24,130A,3249B,Water Based,method_ii,1.5,6803B,5.0,1.196,relaxed,20,True
BULK-INV-5158-L02,BULK-INV-5158,5158,2026-04-24,130A,3249B,Water Based,method_ii,1.5,6803A,10.0,1.227,relaxed,21,True
BULK-INV-5158-L02,BULK-INV-5158,5158,2026-04-24,130A,3249B,Water Based,method_ii,1.5,6832A,10.0,1.584,review,22,True
BULK-INV-5158-L02,BULK-INV-5158,5158,2026-04-24,130A,3249B,Water Based,method_ii,1.5,6832B,6.0,1.699,review,23,True
BULK-INV-5158-L02,BULK-INV-5158,5158,2026-04-24,130A,3249B,Water Based,method_ii,1.5,6833B,10.0,2.032,review,24,True
BULK-INV-5158-L02,BULK-INV-5158,5158,2026-04-24,130A,3249B,Water Based,method_ii,1.5,6528A,10.0,2.171,review,25,True
BULK-INV-5158-L02,BULK-INV-5158,5158,2026-04-24,130A,3249B,Water Based,method_ii,1.5,6770B,10.0,2.281,review,26,True
BULK-INV-5159-L01,BULK-INV-5159,5159,2026-04-25,130A,3249B,Paint,method_i_b,0.5,6788A,10.0,0.017,excellent,1,True
BULK-INV-5159-L01,BULK-INV-5159,5159,2026-04-25,130A,3249B,Paint,method_i_b,0.5,6787B,7.0,0.07,excellent,2,True
BULK-INV-5159-L01,BULK-INV-5159,5159,2026-04-25,130A,3249B,Paint,method_i_b,0.5,6797B,7.0,0.082,excellent,3,True
BULK-INV-5159-L01,BULK-INV-5159,5159,2026-04-25,130A,3249B,Paint,method_i_b,0.5,6797A,10.0,0.09,excellent,4,True
BULK-INV-5159-L01,BULK-INV-5159,5159,2026-04-25,130A,3249B,Paint,method_i_b,0.5,6787A,10.0,0.101,excellent,5,True
BULK-INV-5159-L01,BULK-INV-5159,5159,2026-04-25,130A,3249B,Paint,method_i_b,0.5,6796B,8.0,0.197,excellent,6,True
BULK-INV-5159-L01,BULK-INV-5159,5159,2026-04-25,130A,3249B,Paint,method_i_b,0.5,6788B,10.0,0.271,excellent,7,True
BULK-INV-5159-L01,BULK-INV-5159,5159,2026-04-25,130A,3249B,Paint,method_i_b,0.5,6796A,10.0,0.331,excellent,8,True
BULK-INV-5159-L01,BULK-INV-5159,5159,2026-04-25,130A,3249B,Paint,method_i_b,0.5,6803B,5.0,0.429,excellent,9,True
BULK-INV-5159-L01,BULK-INV-5159,5159,2026-04-25,130A,3249B,Paint,method_i_b,0.5,6802A,10.0,0.526,excellent,10,True
BULK-INV-5159-L01,BULK-INV-5159,5159,2026-04-25,130A,3249B,Paint,method_i_b,0.5,6801B,4.0,0.59,excellent,11,True
BULK-INV-5159-L01,BULK-INV-5159,5159,2026-04-25,130A,3249B,Paint,method_i_b,0.5,6803A,10.0,0.611,strict,12,True
BULK-INV-5159-L01,BULK-INV-5159,5159,2026-04-25,130A,3249B,Paint,method_i_b,0.5,6822N-A,5.0,0.661,strict,13,True
BULK-INV-5159-L01,BULK-INV-5159,5159,2026-04-25,130A,3249B,Paint,method_i_b,0.5,6833B,10.0,0.708,strict,14,True
BULK-INV-5159-L01,BULK-INV-5159,5159,2026-04-25,130A,3249B,Paint,method_i_b,0.5,6833A,10.0,0.77,strict,15,True
BULK-INV-5159-L01,BULK-INV-5159,5159,2026-04-25,130A,3249B,Paint,method_i_b,0.5,6802B,10.0,0.827,strict,16,True
BULK-INV-5159-L01,BULK-INV-5159,5159,2026-04-25,130A,3249B,Paint,method_i_b,0.5,6548A,4.0,0.833,strict,17,True
BULK-INV-5159-L01,BULK-INV-5159,5159,2026-04-25,130A,3249B,Paint,method_i_b,0.5,6832B,6.0,0.897,strict,18,True
BULK-INV-5159-L01,BULK-INV-5159,5159,2026-04-25,130A,3249B,Paint,method_i_b,0.5,6789A,10.0,0.899,strict,19,True
BULK-INV-5159-L01,BULK-INV-5159,5159,2026-04-25,130A,3249B,Paint,method_i_b,0.5,6801A,10.0,0.915,strict,20,True
BULK-INV-5159-L01,BULK-INV-5159,5159,2026-04-25,130A,3249B,Paint,method_i_b,0.5,6832A,10.0,0.923,strict,21,True
BULK-INV-5159-L01,BULK-INV-5159,5159,2026-04-25,130A,3249B,Paint,method_i_b,0.5,6719N-D,5.0,0.961,strict,22,True
BULK-INV-5159-L01,BULK-INV-5159,5159,2026-04-25,130A,3249B,Paint,method_i_b,0.5,6789B,10.0,1.026,relaxed,23,True
BULK-INV-5159-L01,BULK-INV-5159,5159,2026-04-25,130A,3249B,Paint,method_i_b,0.5,6770B,10.0,1.095,relaxed,24,True
BULK-INV-5159-L01,BULK-INV-5159,5159,2026-04-25,130A,3249B,Paint,method_i_b,0.5,6528A,10.0,1.236,relaxed,25,True
BULK-INV-5159-L01,BULK-INV-5159,5159,2026-04-25,130A,3249B,Paint,method_i_b,0.5,6823N-B,5.0,1.393,relaxed,26,True
BULK-INV-5161-L01,BULK-INV-5161,5161,2026-04-27,130,325,Paint,method_i_b,0.75,6764-B,5.0,0.13,excellent,1,True
BULK-INV-5161-L01,BULK-INV-5161,5161,2026-04-27,130,325,Paint,method_i_b,0.75,6767A,10.0,0.269,excellent,2,True
BULK-INV-5161-L01,BULK-INV-5161,5161,2026-04-27,130,325,Paint,method_i_b,0.75,6823N-C,5.0,0.269,excellent,3,True
BULK-INV-5161-L01,BULK-INV-5161,5161,2026-04-27,130,325,Paint,method_i_b,0.75,6768A,5.0,0.284,excellent,4,True
BULK-INV-5161-L01,BULK-INV-5161,5161,2026-04-27,130,325,Paint,method_i_b,0.75,6764-A,10.0,0.297,excellent,5,True
BULK-INV-5161-L01,BULK-INV-5161,5161,2026-04-27,130,325,Paint,method_i_b,0.75,6782A,10.0,0.297,excellent,6,True
BULK-INV-5161-L01,BULK-INV-5161,5161,2026-04-27,130,325,Paint,method_i_b,0.75,6781A,10.0,0.309,excellent,7,True
BULK-INV-5161-L01,BULK-INV-5161,5161,2026-04-27,130,325,Paint,method_i_b,0.75,6781B,2.0,0.311,excellent,8,True
BULK-INV-5161-L01,BULK-INV-5161,5161,2026-04-27,130,325,Paint,method_i_b,0.75,6785A,10.0,0.323,excellent,9,True
BULK-INV-5161-L01,BULK-INV-5161,5161,2026-04-27,130,325,Paint,method_i_b,0.75,6823N-D,5.0,0.342,excellent,10,True
BULK-INV-5161-L01,BULK-INV-5161,5161,2026-04-27,130,325,Paint,method_i_b,0.75,6824N-A,5.0,0.363,excellent,11,True
BULK-INV-5161-L01,BULK-INV-5161,5161,2026-04-27,130,325,Paint,method_i_b,0.75,6822N-C,5.0,0.369,excellent,12,True
BULK-INV-5161-L01,BULK-INV-5161,5161,2026-04-27,130,325,Paint,method_i_b,0.75,6767B,10.0,0.371,excellent,13,True
BULK-INV-5161-L01,BULK-INV-5161,5161,2026-04-27,130,325,Paint,method_i_b,0.75,6828N-A,5.0,0.371,excellent,14,True
BULK-INV-5161-L01,BULK-INV-5161,5161,2026-04-27,130,325,Paint,method_i_b,0.75,6770A,10.0,0.387,excellent,15,True
BULK-INV-5161-L01,BULK-INV-5161,5161,2026-04-27,130,325,Paint,method_i_b,0.75,6784B,7.0,0.396,excellent,16,True
BULK-INV-5161-L01,BULK-INV-5161,5161,2026-04-27,130,325,Paint,method_i_b,0.75,6784A,10.0,0.415,excellent,17,True
BULK-INV-5161-L01,BULK-INV-5161,5161,2026-04-27,130,325,Paint,method_i_b,0.75,6828N-D,5.0,0.446,excellent,18,True
BULK-INV-5161-L01,BULK-INV-5161,5161,2026-04-27,130,325,Paint,method_i_b,0.75,6785B,10.0,0.453,excellent,19,True
BULK-INV-5161-L01,BULK-INV-5161,5161,2026-04-27,130,325,Paint,method_i_b,0.75,6563A,6.0,0.54,excellent,20,True
BULK-INV-5161-L01,BULK-INV-5161,5161,2026-04-27,130,325,Paint,method_i_b,0.75,6822N-D,5.0,0.559,excellent,21,True
BULK-INV-5161-L01,BULK-INV-5161,5161,2026-04-27,130,325,Paint,method_i_b,0.75,6823N-A,5.0,0.602,strict,22,True
BULK-INV-5161-L01,BULK-INV-5161,5161,2026-04-27,130,325,Paint,method_i_b,0.75,6127A,5.0,0.633,strict,23,True
BULK-INV-5161-L01,BULK-INV-5161,5161,2026-04-27,130,325,Paint,method_i_b,0.75,6828N-C,5.0,0.661,strict,24,True
BULK-INV-5161-L01,BULK-INV-5161,5161,2026-04-27,130,325,Paint,method_i_b,0.75,6812B,10.0,0.72,strict,25,True
BULK-INV-5161-L01,BULK-INV-5161,5161,2026-04-27,130,325,Paint,method_i_b,0.75,6812A,10.0,0.836,strict,26,True
BULK-INV-5161-L01,BULK-INV-5161,5161,2026-04-27,130,325,Paint,method_i_b,0.75,6566A,6.0,0.872,strict,27,True
BULK-INV-5161-L01,BULK-INV-5161,5161,2026-04-27,130,325,Paint,method_i_b,0.75,6566A,5.0,0.872,strict,28,True
BULK-INV-5161-L01,BULK-INV-5161,5161,2026-04-27,130,325,Paint,method_i_b,0.75,6778N-B,5.0,1.01,relaxed,29,True
BULK-INV-5161-L01,BULK-INV-5161,5161,2026-04-27,130,325,Paint,method_i_b,0.75,6826N-D,5.0,1.094,relaxed,30,True
BULK-INV-5161-L01,BULK-INV-5161,5161,2026-04-27,130,325,Paint,method_i_b,0.75,6827N-A,5.0,1.231,relaxed,31,True
BULK-INV-5161-L02,BULK-INV-5161,5161,2026-04-27,130A,3249B,Paint,method_i_b,1.5,6788A,10.0,0.017,excellent,1,True
BULK-INV-5161-L02,BULK-INV-5161,5161,2026-04-27,130A,3249B,Paint,method_i_b,1.5,6787B,7.0,0.07,excellent,2,True
BULK-INV-5161-L02,BULK-INV-5161,5161,2026-04-27,130A,3249B,Paint,method_i_b,1.5,6797B,7.0,0.082,excellent,3,True
BULK-INV-5161-L02,BULK-INV-5161,5161,2026-04-27,130A,3249B,Paint,method_i_b,1.5,6797A,10.0,0.09,excellent,4,True
BULK-INV-5161-L02,BULK-INV-5161,5161,2026-04-27,130A,3249B,Paint,method_i_b,1.5,6787A,10.0,0.101,excellent,5,True
BULK-INV-5161-L02,BULK-INV-5161,5161,2026-04-27,130A,3249B,Paint,method_i_b,1.5,6796B,8.0,0.197,excellent,6,True
BULK-INV-5161-L02,BULK-INV-5161,5161,2026-04-27,130A,3249B,Paint,method_i_b,1.5,6788B,10.0,0.271,excellent,7,True
BULK-INV-5161-L02,BULK-INV-5161,5161,2026-04-27,130A,3249B,Paint,method_i_b,1.5,6796A,10.0,0.331,excellent,8,True
BULK-INV-5161-L02,BULK-INV-5161,5161,2026-04-27,130A,3249B,Paint,method_i_b,1.5,6803B,5.0,0.429,excellent,9,True
BULK-INV-5161-L02,BULK-INV-5161,5161,2026-04-27,130A,3249B,Paint,method_i_b,1.5,6802A,10.0,0.526,excellent,10,True
BULK-INV-5161-L02,BULK-INV-5161,5161,2026-04-27,130A,3249B,Paint,method_i_b,1.5,6801B,4.0,0.59,excellent,11,True
BULK-INV-5161-L02,BULK-INV-5161,5161,2026-04-27,130A,3249B,Paint,method_i_b,1.5,6803A,10.0,0.611,strict,12,True
BULK-INV-5161-L02,BULK-INV-5161,5161,2026-04-27,130A,3249B,Paint,method_i_b,1.5,6822N-A,5.0,0.661,strict,13,True
BULK-INV-5161-L02,BULK-INV-5161,5161,2026-04-27,130A,3249B,Paint,method_i_b,1.5,6833B,10.0,0.708,strict,14,True
BULK-INV-5161-L02,BULK-INV-5161,5161,2026-04-27,130A,3249B,Paint,method_i_b,1.5,6833A,10.0,0.77,strict,15,True
BULK-INV-5161-L02,BULK-INV-5161,5161,2026-04-27,130A,3249B,Paint,method_i_b,1.5,6802B,10.0,0.827,strict,16,True
BULK-INV-5161-L02,BULK-INV-5161,5161,2026-04-27,130A,3249B,Paint,method_i_b,1.5,6548A,4.0,0.833,strict,17,True
BULK-INV-5161-L02,BULK-INV-5161,5161,2026-04-27,130A,3249B,Paint,method_i_b,1.5,6832B,6.0,0.897,strict,18,True
BULK-INV-5161-L02,BULK-INV-5161,5161,2026-04-27,130A,3249B,Paint,method_i_b,1.5,6789A,10.0,0.899,strict,19,True
BULK-INV-5161-L02,BULK-INV-5161,5161,2026-04-27,130A,3249B,Paint,method_i_b,1.5,6801A,10.0,0.915,strict,20,True
BULK-INV-5161-L02,BULK-INV-5161,5161,2026-04-27,130A,3249B,Paint,method_i_b,1.5,6832A,10.0,0.923,strict,21,True
BULK-INV-5161-L02,BULK-INV-5161,5161,2026-04-27,130A,3249B,Paint,method_i_b,1.5,6719N-D,5.0,0.961,strict,22,True
BULK-INV-5161-L02,BULK-INV-5161,5161,2026-04-27,130A,3249B,Paint,method_i_b,1.5,6789B,10.0,1.026,relaxed,23,True
BULK-INV-5161-L02,BULK-INV-5161,5161,2026-04-27,130A,3249B,Paint,method_i_b,1.5,6770B,10.0,1.095,relaxed,24,True
BULK-INV-5161-L02,BULK-INV-5161,5161,2026-04-27,130A,3249B,Paint,method_i_b,1.5,6528A,10.0,1.236,relaxed,25,True
BULK-INV-5161-L02,BULK-INV-5161,5161,2026-04-27,130A,3249B,Paint,method_i_b,1.5,6823N-B,5.0,1.393,relaxed,26,True
BULK-INV-5162-L01,BULK-INV-5162,5162,2026-04-28,130,325,Paint,method_i_b,10.0,6764-B,5.0,0.13,excellent,1,False
BULK-INV-5162-L01,BULK-INV-5162,5162,2026-04-28,130,325,Paint,method_i_b,10.0,6767A,10.0,0.269,excellent,2,True
BULK-INV-5162-L01,BULK-INV-5162,5162,2026-04-28,130,325,Paint,method_i_b,10.0,6823N-C,5.0,0.269,excellent,3,False
BULK-INV-5162-L01,BULK-INV-5162,5162,2026-04-28,130,325,Paint,method_i_b,10.0,6768A,5.0,0.284,excellent,4,False
BULK-INV-5162-L01,BULK-INV-5162,5162,2026-04-28,130,325,Paint,method_i_b,10.0,6764-A,10.0,0.297,excellent,5,True
BULK-INV-5162-L01,BULK-INV-5162,5162,2026-04-28,130,325,Paint,method_i_b,10.0,6782A,10.0,0.297,excellent,6,True
BULK-INV-5162-L01,BULK-INV-5162,5162,2026-04-28,130,325,Paint,method_i_b,10.0,6781A,10.0,0.309,excellent,7,True
BULK-INV-5162-L01,BULK-INV-5162,5162,2026-04-28,130,325,Paint,method_i_b,10.0,6781B,2.0,0.311,excellent,8,False
BULK-INV-5162-L01,BULK-INV-5162,5162,2026-04-28,130,325,Paint,method_i_b,10.0,6785A,10.0,0.323,excellent,9,True
BULK-INV-5162-L01,BULK-INV-5162,5162,2026-04-28,130,325,Paint,method_i_b,10.0,6823N-D,5.0,0.342,excellent,10,False
BULK-INV-5162-L01,BULK-INV-5162,5162,2026-04-28,130,325,Paint,method_i_b,10.0,6824N-A,5.0,0.363,excellent,11,False
BULK-INV-5162-L01,BULK-INV-5162,5162,2026-04-28,130,325,Paint,method_i_b,10.0,6822N-C,5.0,0.369,excellent,12,False
BULK-INV-5162-L01,BULK-INV-5162,5162,2026-04-28,130,325,Paint,method_i_b,10.0,6767B,10.0,0.371,excellent,13,True
BULK-INV-5162-L01,BULK-INV-5162,5162,2026-04-28,130,325,Paint,method_i_b,10.0,6828N-A,5.0,0.371,excellent,14,False
BULK-INV-5162-L01,BULK-INV-5162,5162,2026-04-28,130,325,Paint,method_i_b,10.0,6770A,10.0,0.387,excellent,15,True
BULK-INV-5162-L01,BULK-INV-5162,5162,2026-04-28,130,325,Paint,method_i_b,10.0,6784B,7.0,0.396,excellent,16,False
BULK-INV-5162-L01,BULK-INV-5162,5162,2026-04-28,130,325,Paint,method_i_b,10.0,6784A,10.0,0.415,excellent,17,True
BULK-INV-5162-L01,BULK-INV-5162,5162,2026-04-28,130,325,Paint,method_i_b,10.0,6828N-D,5.0,0.446,excellent,18,False
BULK-INV-5162-L01,BULK-INV-5162,5162,2026-04-28,130,325,Paint,method_i_b,10.0,6785B,10.0,0.453,excellent,19,True
BULK-INV-5162-L01,BULK-INV-5162,5162,2026-04-28,130,325,Paint,method_i_b,10.0,6563A,6.0,0.54,excellent,20,False
BULK-INV-5162-L01,BULK-INV-5162,5162,2026-04-28,130,325,Paint,method_i_b,10.0,6822N-D,5.0,0.559,excellent,21,False
BULK-INV-5162-L01,BULK-INV-5162,5162,2026-04-28,130,325,Paint,method_i_b,10.0,6823N-A,5.0,0.602,strict,22,False
BULK-INV-5162-L01,BULK-INV-5162,5162,2026-04-28,130,325,Paint,method_i_b,10.0,6127A,5.0,0.633,strict,23,False
BULK-INV-5162-L01,BULK-INV-5162,5162,2026-04-28,130,325,Paint,method_i_b,10.0,6828N-C,5.0,0.661,strict,24,False
BULK-INV-5162-L01,BULK-INV-5162,5162,2026-04-28,130,325,Paint,method_i_b,10.0,6812B,10.0,0.72,strict,25,True
BULK-INV-5162-L01,BULK-INV-5162,5162,2026-04-28,130,325,Paint,method_i_b,10.0,6812A,10.0,0.836,strict,26,True
BULK-INV-5162-L01,BULK-INV-5162,5162,2026-04-28,130,325,Paint,method_i_b,10.0,6566A,6.0,0.872,strict,27,False
BULK-INV-5162-L01,BULK-INV-5162,5162,2026-04-28,130,325,Paint,method_i_b,10.0,6566A,5.0,0.872,strict,28,False
BULK-INV-5162-L01,BULK-INV-5162,5162,2026-04-28,130,325,Paint,method_i_b,10.0,6778N-B,5.0,1.01,relaxed,29,False
BULK-INV-5162-L01,BULK-INV-5162,5162,2026-04-28,130,325,Paint,method_i_b,10.0,6826N-D,5.0,1.094,relaxed,30,False
BULK-INV-5162-L01,BULK-INV-5162,5162,2026-04-28,130,325,Paint,method_i_b,10.0,6827N-A,5.0,1.231,relaxed,31,False
BULK-INV-5163-L01,BULK-INV-5163,5163,2026-04-29,130,325,Water Based,method_ii,7.5,6778N-B,5.0,0.292,excellent,1,False
BULK-INV-5163-L01,BULK-INV-5163,5163,2026-04-29,130,325,Water Based,method_ii,7.5,6823N-D,5.0,0.493,excellent,2,False
BULK-INV-5163-L01,BULK-INV-5163,5163,2026-04-29,130,325,Water Based,method_ii,7.5,6824N-A,5.0,0.52,excellent,3,False
BULK-INV-5163-L01,BULK-INV-5163,5163,2026-04-29,130,325,Water Based,method_ii,7.5,6823N-C,5.0,0.623,strict,4,False
BULK-INV-5163-L01,BULK-INV-5163,5163,2026-04-29,130,325,Water Based,method_ii,7.5,6823N-A,5.0,0.732,strict,5,False
BULK-INV-5163-L01,BULK-INV-5163,5163,2026-04-29,130,325,Water Based,method_ii,7.5,6822N-D,5.0,0.747,strict,6,False
BULK-INV-5163-L01,BULK-INV-5163,5163,2026-04-29,130,325,Water Based,method_ii,7.5,6828N-D,5.0,0.799,strict,7,False
BULK-INV-5163-L01,BULK-INV-5163,5163,2026-04-29,130,325,Water Based,method_ii,7.5,6563A,6.0,0.929,strict,8,False
BULK-INV-5163-L01,BULK-INV-5163,5163,2026-04-29,130,325,Water Based,method_ii,7.5,6764-B,5.0,0.941,strict,9,False
BULK-INV-5163-L01,BULK-INV-5163,5163,2026-04-29,130,325,Water Based,method_ii,7.5,6768A,5.0,0.957,strict,10,False
BULK-INV-5163-L01,BULK-INV-5163,5163,2026-04-29,130,325,Water Based,method_ii,7.5,6828N-A,5.0,0.974,strict,11,False
BULK-INV-5163-L01,BULK-INV-5163,5163,2026-04-29,130,325,Water Based,method_ii,7.5,6828N-C,5.0,1.052,relaxed,12,False
BULK-INV-5163-L01,BULK-INV-5163,5163,2026-04-29,130,325,Water Based,method_ii,7.5,6822N-C,5.0,1.066,relaxed,13,False
BULK-INV-5163-L01,BULK-INV-5163,5163,2026-04-29,130,325,Water Based,method_ii,7.5,6764-A,10.0,1.175,relaxed,14,True
BULK-INV-5163-L01,BULK-INV-5163,5163,2026-04-29,130,325,Water Based,method_ii,7.5,6127A,5.0,1.205,relaxed,15,False
BULK-INV-5163-L01,BULK-INV-5163,5163,2026-04-29,130,325,Water Based,method_ii,7.5,6767A,10.0,1.397,relaxed,16,True
BULK-INV-5163-L01,BULK-INV-5163,5163,2026-04-29,130,325,Water Based,method_ii,7.5,6566A,6.0,1.422,relaxed,17,False
BULK-INV-5163-L01,BULK-INV-5163,5163,2026-04-29,130,325,Water Based,method_ii,7.5,6566A,5.0,1.422,relaxed,18,False
BULK-INV-5163-L01,BULK-INV-5163,5163,2026-04-29,130,325,Water Based,method_ii,7.5,6785B,10.0,1.449,relaxed,19,True
BULK-INV-5163-L01,BULK-INV-5163,5163,2026-04-29,130,325,Water Based,method_ii,7.5,6767B,10.0,1.465,relaxed,20,True
BULK-INV-5163-L01,BULK-INV-5163,5163,2026-04-29,130,325,Water Based,method_ii,7.5,6812B,10.0,1.476,relaxed,21,True
BULK-INV-5163-L01,BULK-INV-5163,5163,2026-04-29,130,325,Water Based,method_ii,7.5,6784B,7.0,1.546,review,22,False
BULK-INV-5163-L01,BULK-INV-5163,5163,2026-04-29,130,325,Water Based,method_ii,7.5,6782A,10.0,1.575,review,23,True
BULK-INV-5163-L01,BULK-INV-5163,5163,2026-04-29,130,325,Water Based,method_ii,7.5,6784A,10.0,1.581,review,24,True
BULK-INV-5163-L01,BULK-INV-5163,5163,2026-04-29,130,325,Water Based,method_ii,7.5,6781B,2.0,1.623,review,25,False
BULK-INV-5163-L01,BULK-INV-5163,5163,2026-04-29,130,325,Water Based,method_ii,7.5,6785A,10.0,1.688,review,26,True
BULK-INV-5163-L01,BULK-INV-5163,5163,2026-04-29,130,325,Water Based,method_ii,7.5,6826N-D,5.0,1.84,review,27,False
BULK-INV-5163-L01,BULK-INV-5163,5163,2026-04-29,130,325,Water Based,method_ii,7.5,6781A,10.0,1.929,review,28,True
BULK-INV-5163-L01,BULK-INV-5163,5163,2026-04-29,130,325,Water Based,method_ii,7.5,6812A,10.0,1.955,review,29,True
BULK-INV-5163-L01,BULK-INV-5163,5163,2026-04-29,130,325,Water Based,method_ii,7.5,6827N-A,5.0,1.965,review,30,False
BULK-INV-5163-L01,BULK-INV-5163,5163,2026-04-29,130,325,Water Based,method_ii,7.5,6770A,10.0,2.183,review,31,True
BULK-INV-5164-L01,BULK-INV-5164,5164,2026-04-30,130A,3249B,Water Based,method_ii,7.5,6802A,10.0,0.119,excellent,1,True
BULK-INV-5164-L01,BULK-INV-5164,5164,2026-04-30,130A,3249B,Water Based,method_ii,7.5,6796A,10.0,0.161,excellent,2,True
BULK-INV-5164-L01,BULK-INV-5164,5164,2026-04-30,130A,3249B,Water Based,method_ii,7.5,6801A,10.0,0.212,excellent,3,True
BULK-INV-5164-L01,BULK-INV-5164,5164,2026-04-30,130A,3249B,Water Based,method_ii,7.5,6789A,10.0,0.214,excellent,4,True
BULK-INV-5164-L01,BULK-INV-5164,5164,2026-04-30,130A,3249B,Water Based,method_ii,7.5,6822N-A,5.0,0.331,excellent,5,False
BULK-INV-5164-L01,BULK-INV-5164,5164,2026-04-30,130A,3249B,Water Based,method_ii,7.5,6797A,10.0,0.335,excellent,6,True
BULK-INV-5164-L01,BULK-INV-5164,5164,2026-04-30,130A,3249B,Water Based,method_ii,7.5,6787A,10.0,0.35,excellent,7,True
BULK-INV-5164-L01,BULK-INV-5164,5164,2026-04-30,130A,3249B,Water Based,method_ii,7.5,6802B,10.0,0.351,excellent,8,True
BULK-INV-5164-L01,BULK-INV-5164,5164,2026-04-30,130A,3249B,Water Based,method_ii,7.5,6788B,10.0,0.373,excellent,9,True
BULK-INV-5164-L01,BULK-INV-5164,5164,2026-04-30,130A,3249B,Water Based,method_ii,7.5,6796B,8.0,0.375,excellent,10,True
BULK-INV-5164-L01,BULK-INV-5164,5164,2026-04-30,130A,3249B,Water Based,method_ii,7.5,6801B,4.0,0.404,excellent,11,False
BULK-INV-5164-L01,BULK-INV-5164,5164,2026-04-30,130A,3249B,Water Based,method_ii,7.5,6788A,10.0,0.508,excellent,12,True
BULK-INV-5164-L01,BULK-INV-5164,5164,2026-04-30,130A,3249B,Water Based,method_ii,7.5,6797B,7.0,0.685,strict,13,False
BULK-INV-5164-L01,BULK-INV-5164,5164,2026-04-30,130A,3249B,Water Based,method_ii,7.5,6789B,10.0,0.76,strict,14,True
BULK-INV-5164-L01,BULK-INV-5164,5164,2026-04-30,130A,3249B,Water Based,method_ii,7.5,6787B,7.0,0.797,strict,15,False
BULK-INV-5164-L01,BULK-INV-5164,5164,2026-04-30,130A,3249B,Water Based,method_ii,7.5,6548A,4.0,0.904,strict,16,False
BULK-INV-5164-L01,BULK-INV-5164,5164,2026-04-30,130A,3249B,Water Based,method_ii,7.5,6823N-B,5.0,1.056,relaxed,17,False
BULK-INV-5164-L01,BULK-INV-5164,5164,2026-04-30,130A,3249B,Water Based,method_ii,7.5,6833A,10.0,1.074,relaxed,18,True
BULK-INV-5164-L01,BULK-INV-5164,5164,2026-04-30,130A,3249B,Water Based,method_ii,7.5,6719N-D,5.0,1.165,relaxed,19,False
BULK-INV-5164-L01,BULK-INV-5164,5164,2026-04-30,130A,3249B,Water Based,method_ii,7.5,6803B,5.0,1.196,relaxed,20,False
BULK-INV-5164-L01,BULK-INV-5164,5164,2026-04-30,130A,3249B,Water Based,method_ii,7.5,6803A,10.0,1.227,relaxed,21,True
BULK-INV-5164-L01,BULK-INV-5164,5164,2026-04-30,130A,3249B,Water Based,method_ii,7.5,6832A,10.0,1.584,review,22,True
BULK-INV-5164-L01,BULK-INV-5164,5164,2026-04-30,130A,3249B,Water Based,method_ii,7.5,6832B,6.0,1.699,review,23,False
BULK-INV-5164-L01,BULK-INV-5164,5164,2026-04-30,130A,3249B,Water Based,method_ii,7.5,6833B,10.0,2.032,review,24,True
BULK-INV-5164-L01,BULK-INV-5164,5164,2026-04-30,130A,3249B,Water Based,method_ii,7.5,6528A,10.0,2.171,review,25,True
BULK-INV-5164-L01,BULK-INV-5164,5164,2026-04-30,130A,3249B,Water Based,method_ii,7.5,6770B,10.0,2.281,review,26,True
BULK-INV-5165-L01,BULK-INV-5165,5165,2026-05-01,130,325,Water Based,method_ii,1.0,6778N-B,5.0,0.292,excellent,1,True
BULK-INV-5165-L01,BULK-INV-5165,5165,2026-05-01,130,325,Water Based,method_ii,1.0,6823N-D,5.0,0.493,excellent,2,True
BULK-INV-5165-L01,BULK-INV-5165,5165,2026-05-01,130,325,Water Based,method_ii,1.0,6824N-A,5.0,0.52,excellent,3,True
BULK-INV-5165-L01,BULK-INV-5165,5165,2026-05-01,130,325,Water Based,method_ii,1.0,6823N-C,5.0,0.623,strict,4,True
BULK-INV-5165-L01,BULK-INV-5165,5165,2026-05-01,130,325,Water Based,method_ii,1.0,6823N-A,5.0,0.732,strict,5,True
BULK-INV-5165-L01,BULK-INV-5165,5165,2026-05-01,130,325,Water Based,method_ii,1.0,6822N-D,5.0,0.747,strict,6,True
BULK-INV-5165-L01,BULK-INV-5165,5165,2026-05-01,130,325,Water Based,method_ii,1.0,6828N-D,5.0,0.799,strict,7,True
BULK-INV-5165-L01,BULK-INV-5165,5165,2026-05-01,130,325,Water Based,method_ii,1.0,6563A,6.0,0.929,strict,8,True
BULK-INV-5165-L01,BULK-INV-5165,5165,2026-05-01,130,325,Water Based,method_ii,1.0,6764-B,5.0,0.941,strict,9,True
BULK-INV-5165-L01,BULK-INV-5165,5165,2026-05-01,130,325,Water Based,method_ii,1.0,6768A,5.0,0.957,strict,10,True
BULK-INV-5165-L01,BULK-INV-5165,5165,2026-05-01,130,325,Water Based,method_ii,1.0,6828N-A,5.0,0.974,strict,11,True
BULK-INV-5165-L01,BULK-INV-5165,5165,2026-05-01,130,325,Water Based,method_ii,1.0,6828N-C,5.0,1.052,relaxed,12,True
BULK-INV-5165-L01,BULK-INV-5165,5165,2026-05-01,130,325,Water Based,method_ii,1.0,6822N-C,5.0,1.066,relaxed,13,True
BULK-INV-5165-L01,BULK-INV-5165,5165,2026-05-01,130,325,Water Based,method_ii,1.0,6764-A,10.0,1.175,relaxed,14,True
BULK-INV-5165-L01,BULK-INV-5165,5165,2026-05-01,130,325,Water Based,method_ii,1.0,6127A,5.0,1.205,relaxed,15,True
BULK-INV-5165-L01,BULK-INV-5165,5165,2026-05-01,130,325,Water Based,method_ii,1.0,6767A,10.0,1.397,relaxed,16,True
BULK-INV-5165-L01,BULK-INV-5165,5165,2026-05-01,130,325,Water Based,method_ii,1.0,6566A,6.0,1.422,relaxed,17,True
BULK-INV-5165-L01,BULK-INV-5165,5165,2026-05-01,130,325,Water Based,method_ii,1.0,6566A,5.0,1.422,relaxed,18,True
BULK-INV-5165-L01,BULK-INV-5165,5165,2026-05-01,130,325,Water Based,method_ii,1.0,6785B,10.0,1.449,relaxed,19,True
BULK-INV-5165-L01,BULK-INV-5165,5165,2026-05-01,130,325,Water Based,method_ii,1.0,6767B,10.0,1.465,relaxed,20,True
BULK-INV-5165-L01,BULK-INV-5165,5165,2026-05-01,130,325,Water Based,method_ii,1.0,6812B,10.0,1.476,relaxed,21,True
BULK-INV-5165-L01,BULK-INV-5165,5165,2026-05-01,130,325,Water Based,method_ii,1.0,6784B,7.0,1.546,review,22,True
BULK-INV-5165-L01,BULK-INV-5165,5165,2026-05-01,130,325,Water Based,method_ii,1.0,6782A,10.0,1.575,review,23,True
BULK-INV-5165-L01,BULK-INV-5165,5165,2026-05-01,130,325,Water Based,method_ii,1.0,6784A,10.0,1.581,review,24,True
BULK-INV-5165-L01,BULK-INV-5165,5165,2026-05-01,130,325,Water Based,method_ii,1.0,6781B,2.0,1.623,review,25,True
BULK-INV-5165-L01,BULK-INV-5165,5165,2026-05-01,130,325,Water Based,method_ii,1.0,6785A,10.0,1.688,review,26,True
BULK-INV-5165-L01,BULK-INV-5165,5165,2026-05-01,130,325,Water Based,method_ii,1.0,6826N-D,5.0,1.84,review,27,True
BULK-INV-5165-L01,BULK-INV-5165,5165,2026-05-01,130,325,Water Based,method_ii,1.0,6781A,10.0,1.929,review,28,True
BULK-INV-5165-L01,BULK-INV-5165,5165,2026-05-01,130,325,Water Based,method_ii,1.0,6812A,10.0,1.955,review,29,True
BULK-INV-5165-L01,BULK-INV-5165,5165,2026-05-01,130,325,Water Based,method_ii,1.0,6827N-A,5.0,1.965,review,30,True
BULK-INV-5165-L01,BULK-INV-5165,5165,2026-05-01,130,325,Water Based,method_ii,1.0,6770A,10.0,2.183,review,31,True
BULK-INV-5165-L02,BULK-INV-5165,5165,2026-05-01,130A,3249B,Paint,method_i_b,1.0,6788A,10.0,0.017,excellent,1,True
BULK-INV-5165-L02,BULK-INV-5165,5165,2026-05-01,130A,3249B,Paint,method_i_b,1.0,6787B,7.0,0.07,excellent,2,True
BULK-INV-5165-L02,BULK-INV-5165,5165,2026-05-01,130A,3249B,Paint,method_i_b,1.0,6797B,7.0,0.082,excellent,3,True
BULK-INV-5165-L02,BULK-INV-5165,5165,2026-05-01,130A,3249B,Paint,method_i_b,1.0,6797A,10.0,0.09,excellent,4,True
BULK-INV-5165-L02,BULK-INV-5165,5165,2026-05-01,130A,3249B,Paint,method_i_b,1.0,6787A,10.0,0.101,excellent,5,True
BULK-INV-5165-L02,BULK-INV-5165,5165,2026-05-01,130A,3249B,Paint,method_i_b,1.0,6796B,8.0,0.197,excellent,6,True
BULK-INV-5165-L02,BULK-INV-5165,5165,2026-05-01,130A,3249B,Paint,method_i_b,1.0,6788B,10.0,0.271,excellent,7,True
BULK-INV-5165-L02,BULK-INV-5165,5165,2026-05-01,130A,3249B,Paint,method_i_b,1.0,6796A,10.0,0.331,excellent,8,True
BULK-INV-5165-L02,BULK-INV-5165,5165,2026-05-01,130A,3249B,Paint,method_i_b,1.0,6803B,5.0,0.429,excellent,9,True
BULK-INV-5165-L02,BULK-INV-5165,5165,2026-05-01,130A,3249B,Paint,method_i_b,1.0,6802A,10.0,0.526,excellent,10,True
BULK-INV-5165-L02,BULK-INV-5165,5165,2026-05-01,130A,3249B,Paint,method_i_b,1.0,6801B,4.0,0.59,excellent,11,True
BULK-INV-5165-L02,BULK-INV-5165,5165,2026-05-01,130A,3249B,Paint,method_i_b,1.0,6803A,10.0,0.611,strict,12,True
BULK-INV-5165-L02,BULK-INV-5165,5165,2026-05-01,130A,3249B,Paint,method_i_b,1.0,6822N-A,5.0,0.661,strict,13,True
BULK-INV-5165-L02,BULK-INV-5165,5165,2026-05-01,130A,3249B,Paint,method_i_b,1.0,6833B,10.0,0.708,strict,14,True
BULK-INV-5165-L02,BULK-INV-5165,5165,2026-05-01,130A,3249B,Paint,method_i_b,1.0,6833A,10.0,0.77,strict,15,True
BULK-INV-5165-L02,BULK-INV-5165,5165,2026-05-01,130A,3249B,Paint,method_i_b,1.0,6802B,10.0,0.827,strict,16,True
BULK-INV-5165-L02,BULK-INV-5165,5165,2026-05-01,130A,3249B,Paint,method_i_b,1.0,6548A,4.0,0.833,strict,17,True
BULK-INV-5165-L02,BULK-INV-5165,5165,2026-05-01,130A,3249B,Paint,method_i_b,1.0,6832B,6.0,0.897,strict,18,True
BULK-INV-5165-L02,BULK-INV-5165,5165,2026-05-01,130A,3249B,Paint,method_i_b,1.0,6789A,10.0,0.899,strict,19,True
BULK-INV-5165-L02,BULK-INV-5165,5165,2026-05-01,130A,3249B,Paint,method_i_b,1.0,6801A,10.0,0.915,strict,20,True
BULK-INV-5165-L02,BULK-INV-5165,5165,2026-05-01,130A,3249B,Paint,method_i_b,1.0,6832A,10.0,0.923,strict,21,True
BULK-INV-5165-L02,BULK-INV-5165,5165,2026-05-01,130A,3249B,Paint,method_i_b,1.0,6719N-D,5.0,0.961,strict,22,True
BULK-INV-5165-L02,BULK-INV-5165,5165,2026-05-01,130A,3249B,Paint,method_i_b,1.0,6789B,10.0,1.026,relaxed,23,True
BULK-INV-5165-L02,BULK-INV-5165,5165,2026-05-01,130A,3249B,Paint,method_i_b,1.0,6770B,10.0,1.095,relaxed,24,True
BULK-INV-5165-L02,BULK-INV-5165,5165,2026-05-01,130A,3249B,Paint,method_i_b,1.0,6528A,10.0,1.236,relaxed,25,True
BULK-INV-5165-L02,BULK-INV-5165,5165,2026-05-01,130A,3249B,Paint,method_i_b,1.0,6823N-B,5.0,1.393,relaxed,26,True
BULK-INV-5166-L01,BULK-INV-5166,5166,2026-05-02,130,325,Paint,method_i_b,1.5,6764-B,5.0,0.13,excellent,1,True
BULK-INV-5166-L01,BULK-INV-5166,5166,2026-05-02,130,325,Paint,method_i_b,1.5,6767A,10.0,0.269,excellent,2,True
BULK-INV-5166-L01,BULK-INV-5166,5166,2026-05-02,130,325,Paint,method_i_b,1.5,6823N-C,5.0,0.269,excellent,3,True
BULK-INV-5166-L01,BULK-INV-5166,5166,2026-05-02,130,325,Paint,method_i_b,1.5,6768A,5.0,0.284,excellent,4,True
BULK-INV-5166-L01,BULK-INV-5166,5166,2026-05-02,130,325,Paint,method_i_b,1.5,6764-A,10.0,0.297,excellent,5,True
BULK-INV-5166-L01,BULK-INV-5166,5166,2026-05-02,130,325,Paint,method_i_b,1.5,6782A,10.0,0.297,excellent,6,True
BULK-INV-5166-L01,BULK-INV-5166,5166,2026-05-02,130,325,Paint,method_i_b,1.5,6781A,10.0,0.309,excellent,7,True
BULK-INV-5166-L01,BULK-INV-5166,5166,2026-05-02,130,325,Paint,method_i_b,1.5,6781B,2.0,0.311,excellent,8,True
BULK-INV-5166-L01,BULK-INV-5166,5166,2026-05-02,130,325,Paint,method_i_b,1.5,6785A,10.0,0.323,excellent,9,True
BULK-INV-5166-L01,BULK-INV-5166,5166,2026-05-02,130,325,Paint,method_i_b,1.5,6823N-D,5.0,0.342,excellent,10,True
BULK-INV-5166-L01,BULK-INV-5166,5166,2026-05-02,130,325,Paint,method_i_b,1.5,6824N-A,5.0,0.363,excellent,11,True
BULK-INV-5166-L01,BULK-INV-5166,5166,2026-05-02,130,325,Paint,method_i_b,1.5,6822N-C,5.0,0.369,excellent,12,True
BULK-INV-5166-L01,BULK-INV-5166,5166,2026-05-02,130,325,Paint,method_i_b,1.5,6767B,10.0,0.371,excellent,13,True
BULK-INV-5166-L01,BULK-INV-5166,5166,2026-05-02,130,325,Paint,method_i_b,1.5,6828N-A,5.0,0.371,excellent,14,True
BULK-INV-5166-L01,BULK-INV-5166,5166,2026-05-02,130,325,Paint,method_i_b,1.5,6770A,10.0,0.387,excellent,15,True
BULK-INV-5166-L01,BULK-INV-5166,5166,2026-05-02,130,325,Paint,method_i_b,1.5,6784B,7.0,0.396,excellent,16,True
BULK-INV-5166-L01,BULK-INV-5166,5166,2026-05-02,130,325,Paint,method_i_b,1.5,6784A,10.0,0.415,excellent,17,True
BULK-INV-5166-L01,BULK-INV-5166,5166,2026-05-02,130,325,Paint,method_i_b,1.5,6828N-D,5.0,0.446,excellent,18,True
BULK-INV-5166-L01,BULK-INV-5166,5166,2026-05-02,130,325,Paint,method_i_b,1.5,6785B,10.0,0.453,excellent,19,True
BULK-INV-5166-L01,BULK-INV-5166,5166,2026-05-02,130,325,Paint,method_i_b,1.5,6563A,6.0,0.54,excellent,20,True
BULK-INV-5166-L01,BULK-INV-5166,5166,2026-05-02,130,325,Paint,method_i_b,1.5,6822N-D,5.0,0.559,excellent,21,True
BULK-INV-5166-L01,BULK-INV-5166,5166,2026-05-02,130,325,Paint,method_i_b,1.5,6823N-A,5.0,0.602,strict,22,True
BULK-INV-5166-L01,BULK-INV-5166,5166,2026-05-02,130,325,Paint,method_i_b,1.5,6127A,5.0,0.633,strict,23,True
BULK-INV-5166-L01,BULK-INV-5166,5166,2026-05-02,130,325,Paint,method_i_b,1.5,6828N-C,5.0,0.661,strict,24,True
BULK-INV-5166-L01,BULK-INV-5166,5166,2026-05-02,130,325,Paint,method_i_b,1.5,6812B,10.0,0.72,strict,25,True
BULK-INV-5166-L01,BULK-INV-5166,5166,2026-05-02,130,325,Paint,method_i_b,1.5,6812A,10.0,0.836,strict,26,True
BULK-INV-5166-L01,BULK-INV-5166,5166,2026-05-02,130,325,Paint,method_i_b,1.5,6566A,6.0,0.872,strict,27,True
BULK-INV-5166-L01,BULK-INV-5166,5166,2026-05-02,130,325,Paint,method_i_b,1.5,6566A,5.0,0.872,strict,28,True
BULK-INV-5166-L01,BULK-INV-5166,5166,2026-05-02,130,325,Paint,method_i_b,1.5,6778N-B,5.0,1.01,relaxed,29,True
BULK-INV-5166-L01,BULK-INV-5166,5166,2026-05-02,130,325,Paint,method_i_b,1.5,6826N-D,5.0,1.094,relaxed,30,True
BULK-INV-5166-L01,BULK-INV-5166,5166,2026-05-02,130,325,Paint,method_i_b,1.5,6827N-A,5.0,1.231,relaxed,31,True
BULK-INV-5166-L02,BULK-INV-5166,5166,2026-05-02,130,325,Paint,method_i_b,1.25,6764-B,5.0,0.13,excellent,1,True
BULK-INV-5166-L02,BULK-INV-5166,5166,2026-05-02,130,325,Paint,method_i_b,1.25,6767A,10.0,0.269,excellent,2,True
BULK-INV-5166-L02,BULK-INV-5166,5166,2026-05-02,130,325,Paint,method_i_b,1.25,6823N-C,5.0,0.269,excellent,3,True
BULK-INV-5166-L02,BULK-INV-5166,5166,2026-05-02,130,325,Paint,method_i_b,1.25,6768A,5.0,0.284,excellent,4,True
BULK-INV-5166-L02,BULK-INV-5166,5166,2026-05-02,130,325,Paint,method_i_b,1.25,6764-A,10.0,0.297,excellent,5,True
BULK-INV-5166-L02,BULK-INV-5166,5166,2026-05-02,130,325,Paint,method_i_b,1.25,6782A,10.0,0.297,excellent,6,True
BULK-INV-5166-L02,BULK-INV-5166,5166,2026-05-02,130,325,Paint,method_i_b,1.25,6781A,10.0,0.309,excellent,7,True
BULK-INV-5166-L02,BULK-INV-5166,5166,2026-05-02,130,325,Paint,method_i_b,1.25,6781B,2.0,0.311,excellent,8,True
BULK-INV-5166-L02,BULK-INV-5166,5166,2026-05-02,130,325,Paint,method_i_b,1.25,6785A,10.0,0.323,excellent,9,True
BULK-INV-5166-L02,BULK-INV-5166,5166,2026-05-02,130,325,Paint,method_i_b,1.25,6823N-D,5.0,0.342,excellent,10,True
BULK-INV-5166-L02,BULK-INV-5166,5166,2026-05-02,130,325,Paint,method_i_b,1.25,6824N-A,5.0,0.363,excellent,11,True
BULK-INV-5166-L02,BULK-INV-5166,5166,2026-05-02,130,325,Paint,method_i_b,1.25,6822N-C,5.0,0.369,excellent,12,True
BULK-INV-5166-L02,BULK-INV-5166,5166,2026-05-02,130,325,Paint,method_i_b,1.25,6767B,10.0,0.371,excellent,13,True
BULK-INV-5166-L02,BULK-INV-5166,5166,2026-05-02,130,325,Paint,method_i_b,1.25,6828N-A,5.0,0.371,excellent,14,True
BULK-INV-5166-L02,BULK-INV-5166,5166,2026-05-02,130,325,Paint,method_i_b,1.25,6770A,10.0,0.387,excellent,15,True
BULK-INV-5166-L02,BULK-INV-5166,5166,2026-05-02,130,325,Paint,method_i_b,1.25,6784B,7.0,0.396,excellent,16,True
BULK-INV-5166-L02,BULK-INV-5166,5166,2026-05-02,130,325,Paint,method_i_b,1.25,6784A,10.0,0.415,excellent,17,True
BULK-INV-5166-L02,BULK-INV-5166,5166,2026-05-02,130,325,Paint,method_i_b,1.25,6828N-D,5.0,0.446,excellent,18,True
BULK-INV-5166-L02,BULK-INV-5166,5166,2026-05-02,130,325,Paint,method_i_b,1.25,6785B,10.0,0.453,excellent,19,True
BULK-INV-5166-L02,BULK-INV-5166,5166,2026-05-02,130,325,Paint,method_i_b,1.25,6563A,6.0,0.54,excellent,20,True
BULK-INV-5166-L02,BULK-INV-5166,5166,2026-05-02,130,325,Paint,method_i_b,1.25,6822N-D,5.0,0.559,excellent,21,True
BULK-INV-5166-L02,BULK-INV-5166,5166,2026-05-02,130,325,Paint,method_i_b,1.25,6823N-A,5.0,0.602,strict,22,True
BULK-INV-5166-L02,BULK-INV-5166,5166,2026-05-02,130,325,Paint,method_i_b,1.25,6127A,5.0,0.633,strict,23,True
BULK-INV-5166-L02,BULK-INV-5166,5166,2026-05-02,130,325,Paint,method_i_b,1.25,6828N-C,5.0,0.661,strict,24,True
BULK-INV-5166-L02,BULK-INV-5166,5166,2026-05-02,130,325,Paint,method_i_b,1.25,6812B,10.0,0.72,strict,25,True
BULK-INV-5166-L02,BULK-INV-5166,5166,2026-05-02,130,325,Paint,method_i_b,1.25,6812A,10.0,0.836,strict,26,True
BULK-INV-5166-L02,BULK-INV-5166,5166,2026-05-02,130,325,Paint,method_i_b,1.25,6566A,6.0,0.872,strict,27,True
BULK-INV-5166-L02,BULK-INV-5166,5166,2026-05-02,130,325,Paint,method_i_b,1.25,6566A,5.0,0.872,strict,28,True
BULK-INV-5166-L02,BULK-INV-5166,5166,2026-05-02,130,325,Paint,method_i_b,1.25,6778N-B,5.0,1.01,relaxed,29,True
BULK-INV-5166-L02,BULK-INV-5166,5166,2026-05-02,130,325,Paint,method_i_b,1.25,6826N-D,5.0,1.094,relaxed,30,True
BULK-INV-5166-L02,BULK-INV-5166,5166,2026-05-02,130,325,Paint,method_i_b,1.25,6827N-A,5.0,1.231,relaxed,31,True
BULK-INV-5167-L01,BULK-INV-5167,5167,2026-05-03,130,325,Water Based,method_ii,1.25,6778N-B,5.0,0.292,excellent,1,True
BULK-INV-5167-L01,BULK-INV-5167,5167,2026-05-03,130,325,Water Based,method_ii,1.25,6823N-D,5.0,0.493,excellent,2,True
BULK-INV-5167-L01,BULK-INV-5167,5167,2026-05-03,130,325,Water Based,method_ii,1.25,6824N-A,5.0,0.52,excellent,3,True
BULK-INV-5167-L01,BULK-INV-5167,5167,2026-05-03,130,325,Water Based,method_ii,1.25,6823N-C,5.0,0.623,strict,4,True
BULK-INV-5167-L01,BULK-INV-5167,5167,2026-05-03,130,325,Water Based,method_ii,1.25,6823N-A,5.0,0.732,strict,5,True
BULK-INV-5167-L01,BULK-INV-5167,5167,2026-05-03,130,325,Water Based,method_ii,1.25,6822N-D,5.0,0.747,strict,6,True
BULK-INV-5167-L01,BULK-INV-5167,5167,2026-05-03,130,325,Water Based,method_ii,1.25,6828N-D,5.0,0.799,strict,7,True
BULK-INV-5167-L01,BULK-INV-5167,5167,2026-05-03,130,325,Water Based,method_ii,1.25,6563A,6.0,0.929,strict,8,True
BULK-INV-5167-L01,BULK-INV-5167,5167,2026-05-03,130,325,Water Based,method_ii,1.25,6764-B,5.0,0.941,strict,9,True
BULK-INV-5167-L01,BULK-INV-5167,5167,2026-05-03,130,325,Water Based,method_ii,1.25,6768A,5.0,0.957,strict,10,True
BULK-INV-5167-L01,BULK-INV-5167,5167,2026-05-03,130,325,Water Based,method_ii,1.25,6828N-A,5.0,0.974,strict,11,True
BULK-INV-5167-L01,BULK-INV-5167,5167,2026-05-03,130,325,Water Based,method_ii,1.25,6828N-C,5.0,1.052,relaxed,12,True
BULK-INV-5167-L01,BULK-INV-5167,5167,2026-05-03,130,325,Water Based,method_ii,1.25,6822N-C,5.0,1.066,relaxed,13,True
BULK-INV-5167-L01,BULK-INV-5167,5167,2026-05-03,130,325,Water Based,method_ii,1.25,6764-A,10.0,1.175,relaxed,14,True
BULK-INV-5167-L01,BULK-INV-5167,5167,2026-05-03,130,325,Water Based,method_ii,1.25,6127A,5.0,1.205,relaxed,15,True
BULK-INV-5167-L01,BULK-INV-5167,5167,2026-05-03,130,325,Water Based,method_ii,1.25,6767A,10.0,1.397,relaxed,16,True
BULK-INV-5167-L01,BULK-INV-5167,5167,2026-05-03,130,325,Water Based,method_ii,1.25,6566A,6.0,1.422,relaxed,17,True
BULK-INV-5167-L01,BULK-INV-5167,5167,2026-05-03,130,325,Water Based,method_ii,1.25,6566A,5.0,1.422,relaxed,18,True
BULK-INV-5167-L01,BULK-INV-5167,5167,2026-05-03,130,325,Water Based,method_ii,1.25,6785B,10.0,1.449,relaxed,19,True
BULK-INV-5167-L01,BULK-INV-5167,5167,2026-05-03,130,325,Water Based,method_ii,1.25,6767B,10.0,1.465,relaxed,20,True
BULK-INV-5167-L01,BULK-INV-5167,5167,2026-05-03,130,325,Water Based,method_ii,1.25,6812B,10.0,1.476,relaxed,21,True
BULK-INV-5167-L01,BULK-INV-5167,5167,2026-05-03,130,325,Water Based,method_ii,1.25,6784B,7.0,1.546,review,22,True
BULK-INV-5167-L01,BULK-INV-5167,5167,2026-05-03,130,325,Water Based,method_ii,1.25,6782A,10.0,1.575,review,23,True
BULK-INV-5167-L01,BULK-INV-5167,5167,2026-05-03,130,325,Water Based,method_ii,1.25,6784A,10.0,1.581,review,24,True
BULK-INV-5167-L01,BULK-INV-5167,5167,2026-05-03,130,325,Water Based,method_ii,1.25,6781B,2.0,1.623,review,25,True
BULK-INV-5167-L01,BULK-INV-5167,5167,2026-05-03,130,325,Water Based,method_ii,1.25,6785A,10.0,1.688,review,26,True
BULK-INV-5167-L01,BULK-INV-5167,5167,2026-05-03,130,325,Water Based,method_ii,1.25,6826N-D,5.0,1.84,review,27,True
BULK-INV-5167-L01,BULK-INV-5167,5167,2026-05-03,130,325,Water Based,method_ii,1.25,6781A,10.0,1.929,review,28,True
BULK-INV-5167-L01,BULK-INV-5167,5167,2026-05-03,130,325,Water Based,method_ii,1.25,6812A,10.0,1.955,review,29,True
BULK-INV-5167-L01,BULK-INV-5167,5167,2026-05-03,130,325,Water Based,method_ii,1.25,6827N-A,5.0,1.965,review,30,True
BULK-INV-5167-L01,BULK-INV-5167,5167,2026-05-03,130,325,Water Based,method_ii,1.25,6770A,10.0,2.183,review,31,True
BULK-INV-5168-L01,BULK-INV-5168,5168,2026-05-04,130A,3249B,Water Based,method_ii,6.0,6802A,10.0,0.119,excellent,1,True
BULK-INV-5168-L01,BULK-INV-5168,5168,2026-05-04,130A,3249B,Water Based,method_ii,6.0,6796A,10.0,0.161,excellent,2,True
BULK-INV-5168-L01,BULK-INV-5168,5168,2026-05-04,130A,3249B,Water Based,method_ii,6.0,6801A,10.0,0.212,excellent,3,True
BULK-INV-5168-L01,BULK-INV-5168,5168,2026-05-04,130A,3249B,Water Based,method_ii,6.0,6789A,10.0,0.214,excellent,4,True
BULK-INV-5168-L01,BULK-INV-5168,5168,2026-05-04,130A,3249B,Water Based,method_ii,6.0,6822N-A,5.0,0.331,excellent,5,False
BULK-INV-5168-L01,BULK-INV-5168,5168,2026-05-04,130A,3249B,Water Based,method_ii,6.0,6797A,10.0,0.335,excellent,6,True
BULK-INV-5168-L01,BULK-INV-5168,5168,2026-05-04,130A,3249B,Water Based,method_ii,6.0,6787A,10.0,0.35,excellent,7,True
BULK-INV-5168-L01,BULK-INV-5168,5168,2026-05-04,130A,3249B,Water Based,method_ii,6.0,6802B,10.0,0.351,excellent,8,True
BULK-INV-5168-L01,BULK-INV-5168,5168,2026-05-04,130A,3249B,Water Based,method_ii,6.0,6788B,10.0,0.373,excellent,9,True
BULK-INV-5168-L01,BULK-INV-5168,5168,2026-05-04,130A,3249B,Water Based,method_ii,6.0,6796B,8.0,0.375,excellent,10,True
BULK-INV-5168-L01,BULK-INV-5168,5168,2026-05-04,130A,3249B,Water Based,method_ii,6.0,6801B,4.0,0.404,excellent,11,False
BULK-INV-5168-L01,BULK-INV-5168,5168,2026-05-04,130A,3249B,Water Based,method_ii,6.0,6788A,10.0,0.508,excellent,12,True
BULK-INV-5168-L01,BULK-INV-5168,5168,2026-05-04,130A,3249B,Water Based,method_ii,6.0,6797B,7.0,0.685,strict,13,True
BULK-INV-5168-L01,BULK-INV-5168,5168,2026-05-04,130A,3249B,Water Based,method_ii,6.0,6789B,10.0,0.76,strict,14,True
BULK-INV-5168-L01,BULK-INV-5168,5168,2026-05-04,130A,3249B,Water Based,method_ii,6.0,6787B,7.0,0.797,strict,15,True
BULK-INV-5168-L01,BULK-INV-5168,5168,2026-05-04,130A,3249B,Water Based,method_ii,6.0,6548A,4.0,0.904,strict,16,False
BULK-INV-5168-L01,BULK-INV-5168,5168,2026-05-04,130A,3249B,Water Based,method_ii,6.0,6823N-B,5.0,1.056,relaxed,17,False
BULK-INV-5168-L01,BULK-INV-5168,5168,2026-05-04,130A,3249B,Water Based,method_ii,6.0,6833A,10.0,1.074,relaxed,18,True
BULK-INV-5168-L01,BULK-INV-5168,5168,2026-05-04,130A,3249B,Water Based,method_ii,6.0,6719N-D,5.0,1.165,relaxed,19,False
BULK-INV-5168-L01,BULK-INV-5168,5168,2026-05-04,130A,3249B,Water Based,method_ii,6.0,6803B,5.0,1.196,relaxed,20,False
BULK-INV-5168-L01,BULK-INV-5168,5168,2026-05-04,130A,3249B,Water Based,method_ii,6.0,6803A,10.0,1.227,relaxed,21,True
BULK-INV-5168-L01,BULK-INV-5168,5168,2026-05-04,130A,3249B,Water Based,method_ii,6.0,6832A,10.0,1.584,review,22,True
BULK-INV-5168-L01,BULK-INV-5168,5168,2026-05-04,130A,3249B,Water Based,method_ii,6.0,6832B,6.0,1.699,review,23,True
BULK-INV-5168-L01,BULK-INV-5168,5168,2026-05-04,130A,3249B,Water Based,method_ii,6.0,6833B,10.0,2.032,review,24,True
BULK-INV-5168-L01,BULK-INV-5168,5168,2026-05-04,130A,3249B,Water Based,method_ii,6.0,6528A,10.0,2.171,review,25,True
BULK-INV-5168-L01,BULK-INV-5168,5168,2026-05-04,130A,3249B,Water Based,method_ii,6.0,6770B,10.0,2.281,review,26,True
BULK-INV-5169-L01,BULK-INV-5169,5169,2026-05-05,130A,3249B,Water Based,method_ii,4.0,6802A,10.0,0.119,excellent,1,True
BULK-INV-5169-L01,BULK-INV-5169,5169,2026-05-05,130A,3249B,Water Based,method_ii,4.0,6796A,10.0,0.161,excellent,2,True
BULK-INV-5169-L01,BULK-INV-5169,5169,2026-05-05,130A,3249B,Water Based,method_ii,4.0,6801A,10.0,0.212,excellent,3,True
BULK-INV-5169-L01,BULK-INV-5169,5169,2026-05-05,130A,3249B,Water Based,method_ii,4.0,6789A,10.0,0.214,excellent,4,True
BULK-INV-5169-L01,BULK-INV-5169,5169,2026-05-05,130A,3249B,Water Based,method_ii,4.0,6822N-A,5.0,0.331,excellent,5,True
BULK-INV-5169-L01,BULK-INV-5169,5169,2026-05-05,130A,3249B,Water Based,method_ii,4.0,6797A,10.0,0.335,excellent,6,True
BULK-INV-5169-L01,BULK-INV-5169,5169,2026-05-05,130A,3249B,Water Based,method_ii,4.0,6787A,10.0,0.35,excellent,7,True
BULK-INV-5169-L01,BULK-INV-5169,5169,2026-05-05,130A,3249B,Water Based,method_ii,4.0,6802B,10.0,0.351,excellent,8,True
BULK-INV-5169-L01,BULK-INV-5169,5169,2026-05-05,130A,3249B,Water Based,method_ii,4.0,6788B,10.0,0.373,excellent,9,True
BULK-INV-5169-L01,BULK-INV-5169,5169,2026-05-05,130A,3249B,Water Based,method_ii,4.0,6796B,8.0,0.375,excellent,10,True
BULK-INV-5169-L01,BULK-INV-5169,5169,2026-05-05,130A,3249B,Water Based,method_ii,4.0,6801B,4.0,0.404,excellent,11,True
BULK-INV-5169-L01,BULK-INV-5169,5169,2026-05-05,130A,3249B,Water Based,method_ii,4.0,6788A,10.0,0.508,excellent,12,True
BULK-INV-5169-L01,BULK-INV-5169,5169,2026-05-05,130A,3249B,Water Based,method_ii,4.0,6797B,7.0,0.685,strict,13,True
BULK-INV-5169-L01,BULK-INV-5169,5169,2026-05-05,130A,3249B,Water Based,method_ii,4.0,6789B,10.0,0.76,strict,14,True
BULK-INV-5169-L01,BULK-INV-5169,5169,2026-05-05,130A,3249B,Water Based,method_ii,4.0,6787B,7.0,0.797,strict,15,True
BULK-INV-5169-L01,BULK-INV-5169,5169,2026-05-05,130A,3249B,Water Based,method_ii,4.0,6548A,4.0,0.904,strict,16,True
BULK-INV-5169-L01,BULK-INV-5169,5169,2026-05-05,130A,3249B,Water Based,method_ii,4.0,6823N-B,5.0,1.056,relaxed,17,True
BULK-INV-5169-L01,BULK-INV-5169,5169,2026-05-05,130A,3249B,Water Based,method_ii,4.0,6833A,10.0,1.074,relaxed,18,True
BULK-INV-5169-L01,BULK-INV-5169,5169,2026-05-05,130A,3249B,Water Based,method_ii,4.0,6719N-D,5.0,1.165,relaxed,19,True
BULK-INV-5169-L01,BULK-INV-5169,5169,2026-05-05,130A,3249B,Water Based,method_ii,4.0,6803B,5.0,1.196,relaxed,20,True
BULK-INV-5169-L01,BULK-INV-5169,5169,2026-05-05,130A,3249B,Water Based,method_ii,4.0,6803A,10.0,1.227,relaxed,21,True
BULK-INV-5169-L01,BULK-INV-5169,5169,2026-05-05,130A,3249B,Water Based,method_ii,4.0,6832A,10.0,1.584,review,22,True
BULK-INV-5169-L01,BULK-INV-5169,5169,2026-05-05,130A,3249B,Water Based,method_ii,4.0,6832B,6.0,1.699,review,23,True
BULK-INV-5169-L01,BULK-INV-5169,5169,2026-05-05,130A,3249B,Water Based,method_ii,4.0,6833B,10.0,2.032,review,24,True
BULK-INV-5169-L01,BULK-INV-5169,5169,2026-05-05,130A,3249B,Water Based,method_ii,4.0,6528A,10.0,2.171,review,25,True
BULK-INV-5169-L01,BULK-INV-5169,5169,2026-05-05,130A,3249B,Water Based,method_ii,4.0,6770B,10.0,2.281,review,26,True
BULK-INV-5169-L02,BULK-INV-5169,5169,2026-05-05,130,325,Paint,method_i_b,1.0,6764-B,5.0,0.13,excellent,1,True
BULK-INV-5169-L02,BULK-INV-5169,5169,2026-05-05,130,325,Paint,method_i_b,1.0,6767A,10.0,0.269,excellent,2,True
BULK-INV-5169-L02,BULK-INV-5169,5169,2026-05-05,130,325,Paint,method_i_b,1.0,6823N-C,5.0,0.269,excellent,3,True
BULK-INV-5169-L02,BULK-INV-5169,5169,2026-05-05,130,325,Paint,method_i_b,1.0,6768A,5.0,0.284,excellent,4,True
BULK-INV-5169-L02,BULK-INV-5169,5169,2026-05-05,130,325,Paint,method_i_b,1.0,6764-A,10.0,0.297,excellent,5,True
BULK-INV-5169-L02,BULK-INV-5169,5169,2026-05-05,130,325,Paint,method_i_b,1.0,6782A,10.0,0.297,excellent,6,True
BULK-INV-5169-L02,BULK-INV-5169,5169,2026-05-05,130,325,Paint,method_i_b,1.0,6781A,10.0,0.309,excellent,7,True
BULK-INV-5169-L02,BULK-INV-5169,5169,2026-05-05,130,325,Paint,method_i_b,1.0,6781B,2.0,0.311,excellent,8,True
BULK-INV-5169-L02,BULK-INV-5169,5169,2026-05-05,130,325,Paint,method_i_b,1.0,6785A,10.0,0.323,excellent,9,True
BULK-INV-5169-L02,BULK-INV-5169,5169,2026-05-05,130,325,Paint,method_i_b,1.0,6823N-D,5.0,0.342,excellent,10,True
BULK-INV-5169-L02,BULK-INV-5169,5169,2026-05-05,130,325,Paint,method_i_b,1.0,6824N-A,5.0,0.363,excellent,11,True
BULK-INV-5169-L02,BULK-INV-5169,5169,2026-05-05,130,325,Paint,method_i_b,1.0,6822N-C,5.0,0.369,excellent,12,True
BULK-INV-5169-L02,BULK-INV-5169,5169,2026-05-05,130,325,Paint,method_i_b,1.0,6767B,10.0,0.371,excellent,13,True
BULK-INV-5169-L02,BULK-INV-5169,5169,2026-05-05,130,325,Paint,method_i_b,1.0,6828N-A,5.0,0.371,excellent,14,True
BULK-INV-5169-L02,BULK-INV-5169,5169,2026-05-05,130,325,Paint,method_i_b,1.0,6770A,10.0,0.387,excellent,15,True
BULK-INV-5169-L02,BULK-INV-5169,5169,2026-05-05,130,325,Paint,method_i_b,1.0,6784B,7.0,0.396,excellent,16,True
BULK-INV-5169-L02,BULK-INV-5169,5169,2026-05-05,130,325,Paint,method_i_b,1.0,6784A,10.0,0.415,excellent,17,True
BULK-INV-5169-L02,BULK-INV-5169,5169,2026-05-05,130,325,Paint,method_i_b,1.0,6828N-D,5.0,0.446,excellent,18,True
BULK-INV-5169-L02,BULK-INV-5169,5169,2026-05-05,130,325,Paint,method_i_b,1.0,6785B,10.0,0.453,excellent,19,True
BULK-INV-5169-L02,BULK-INV-5169,5169,2026-05-05,130,325,Paint,method_i_b,1.0,6563A,6.0,0.54,excellent,20,True
BULK-INV-5169-L02,BULK-INV-5169,5169,2026-05-05,130,325,Paint,method_i_b,1.0,6822N-D,5.0,0.559,excellent,21,True
BULK-INV-5169-L02,BULK-INV-5169,5169,2026-05-05,130,325,Paint,method_i_b,1.0,6823N-A,5.0,0.602,strict,22,True
BULK-INV-5169-L02,BULK-INV-5169,5169,2026-05-05,130,325,Paint,method_i_b,1.0,6127A,5.0,0.633,strict,23,True
BULK-INV-5169-L02,BULK-INV-5169,5169,2026-05-05,130,325,Paint,method_i_b,1.0,6828N-C,5.0,0.661,strict,24,True
BULK-INV-5169-L02,BULK-INV-5169,5169,2026-05-05,130,325,Paint,method_i_b,1.0,6812B,10.0,0.72,strict,25,True
BULK-INV-5169-L02,BULK-INV-5169,5169,2026-05-05,130,325,Paint,method_i_b,1.0,6812A,10.0,0.836,strict,26,True
BULK-INV-5169-L02,BULK-INV-5169,5169,2026-05-05,130,325,Paint,method_i_b,1.0,6566A,6.0,0.872,strict,27,True
BULK-INV-5169-L02,BULK-INV-5169,5169,2026-05-05,130,325,Paint,method_i_b,1.0,6566A,5.0,0.872,strict,28,True
BULK-INV-5169-L02,BULK-INV-5169,5169,2026-05-05,130,325,Paint,method_i_b,1.0,6778N-B,5.0,1.01,relaxed,29,True
BULK-INV-5169-L02,BULK-INV-5169,5169,2026-05-05,130,325,Paint,method_i_b,1.0,6826N-D,5.0,1.094,relaxed,30,True
BULK-INV-5169-L02,BULK-INV-5169,5169,2026-05-05,130,325,Paint,method_i_b,1.0,6827N-A,5.0,1.231,relaxed,31,True
BULK-INV-5170-L01,BULK-INV-5170,5170,2026-05-06,130,325,Water Based,method_ii,6.0,6778N-B,5.0,0.292,excellent,1,False
BULK-INV-5170-L01,BULK-INV-5170,5170,2026-05-06,130,325,Water Based,method_ii,6.0,6823N-D,5.0,0.493,excellent,2,False
BULK-INV-5170-L01,BULK-INV-5170,5170,2026-05-06,130,325,Water Based,method_ii,6.0,6824N-A,5.0,0.52,excellent,3,False
BULK-INV-5170-L01,BULK-INV-5170,5170,2026-05-06,130,325,Water Based,method_ii,6.0,6823N-C,5.0,0.623,strict,4,False
BULK-INV-5170-L01,BULK-INV-5170,5170,2026-05-06,130,325,Water Based,method_ii,6.0,6823N-A,5.0,0.732,strict,5,False
BULK-INV-5170-L01,BULK-INV-5170,5170,2026-05-06,130,325,Water Based,method_ii,6.0,6822N-D,5.0,0.747,strict,6,False
BULK-INV-5170-L01,BULK-INV-5170,5170,2026-05-06,130,325,Water Based,method_ii,6.0,6828N-D,5.0,0.799,strict,7,False
BULK-INV-5170-L01,BULK-INV-5170,5170,2026-05-06,130,325,Water Based,method_ii,6.0,6563A,6.0,0.929,strict,8,True
BULK-INV-5170-L01,BULK-INV-5170,5170,2026-05-06,130,325,Water Based,method_ii,6.0,6764-B,5.0,0.941,strict,9,False
BULK-INV-5170-L01,BULK-INV-5170,5170,2026-05-06,130,325,Water Based,method_ii,6.0,6768A,5.0,0.957,strict,10,False
BULK-INV-5170-L01,BULK-INV-5170,5170,2026-05-06,130,325,Water Based,method_ii,6.0,6828N-A,5.0,0.974,strict,11,False
BULK-INV-5170-L01,BULK-INV-5170,5170,2026-05-06,130,325,Water Based,method_ii,6.0,6828N-C,5.0,1.052,relaxed,12,False
BULK-INV-5170-L01,BULK-INV-5170,5170,2026-05-06,130,325,Water Based,method_ii,6.0,6822N-C,5.0,1.066,relaxed,13,False
BULK-INV-5170-L01,BULK-INV-5170,5170,2026-05-06,130,325,Water Based,method_ii,6.0,6764-A,10.0,1.175,relaxed,14,True
BULK-INV-5170-L01,BULK-INV-5170,5170,2026-05-06,130,325,Water Based,method_ii,6.0,6127A,5.0,1.205,relaxed,15,False
BULK-INV-5170-L01,BULK-INV-5170,5170,2026-05-06,130,325,Water Based,method_ii,6.0,6767A,10.0,1.397,relaxed,16,True
BULK-INV-5170-L01,BULK-INV-5170,5170,2026-05-06,130,325,Water Based,method_ii,6.0,6566A,6.0,1.422,relaxed,17,True
BULK-INV-5170-L01,BULK-INV-5170,5170,2026-05-06,130,325,Water Based,method_ii,6.0,6566A,5.0,1.422,relaxed,18,False
BULK-INV-5170-L01,BULK-INV-5170,5170,2026-05-06,130,325,Water Based,method_ii,6.0,6785B,10.0,1.449,relaxed,19,True
BULK-INV-5170-L01,BULK-INV-5170,5170,2026-05-06,130,325,Water Based,method_ii,6.0,6767B,10.0,1.465,relaxed,20,True
BULK-INV-5170-L01,BULK-INV-5170,5170,2026-05-06,130,325,Water Based,method_ii,6.0,6812B,10.0,1.476,relaxed,21,True
BULK-INV-5170-L01,BULK-INV-5170,5170,2026-05-06,130,325,Water Based,method_ii,6.0,6784B,7.0,1.546,review,22,True
BULK-INV-5170-L01,BULK-INV-5170,5170,2026-05-06,130,325,Water Based,method_ii,6.0,6782A,10.0,1.575,review,23,True
BULK-INV-5170-L01,BULK-INV-5170,5170,2026-05-06,130,325,Water Based,method_ii,6.0,6784A,10.0,1.581,review,24,True
BULK-INV-5170-L01,BULK-INV-5170,5170,2026-05-06,130,325,Water Based,method_ii,6.0,6781B,2.0,1.623,review,25,False
BULK-INV-5170-L01,BULK-INV-5170,5170,2026-05-06,130,325,Water Based,method_ii,6.0,6785A,10.0,1.688,review,26,True
BULK-INV-5170-L01,BULK-INV-5170,5170,2026-05-06,130,325,Water Based,method_ii,6.0,6826N-D,5.0,1.84,review,27,False
BULK-INV-5170-L01,BULK-INV-5170,5170,2026-05-06,130,325,Water Based,method_ii,6.0,6781A,10.0,1.929,review,28,True
BULK-INV-5170-L01,BULK-INV-5170,5170,2026-05-06,130,325,Water Based,method_ii,6.0,6812A,10.0,1.955,review,29,True
BULK-INV-5170-L01,BULK-INV-5170,5170,2026-05-06,130,325,Water Based,method_ii,6.0,6827N-A,5.0,1.965,review,30,False
BULK-INV-5170-L01,BULK-INV-5170,5170,2026-05-06,130,325,Water Based,method_ii,6.0,6770A,10.0,2.183,review,31,True
BULK-INV-5171-L01,BULK-INV-5171,5171,2026-05-07,130,325,Water Based,method_ii,1.5,6778N-B,5.0,0.292,excellent,1,True
BULK-INV-5171-L01,BULK-INV-5171,5171,2026-05-07,130,325,Water Based,method_ii,1.5,6823N-D,5.0,0.493,excellent,2,True
BULK-INV-5171-L01,BULK-INV-5171,5171,2026-05-07,130,325,Water Based,method_ii,1.5,6824N-A,5.0,0.52,excellent,3,True
BULK-INV-5171-L01,BULK-INV-5171,5171,2026-05-07,130,325,Water Based,method_ii,1.5,6823N-C,5.0,0.623,strict,4,True
BULK-INV-5171-L01,BULK-INV-5171,5171,2026-05-07,130,325,Water Based,method_ii,1.5,6823N-A,5.0,0.732,strict,5,True
BULK-INV-5171-L01,BULK-INV-5171,5171,2026-05-07,130,325,Water Based,method_ii,1.5,6822N-D,5.0,0.747,strict,6,True
BULK-INV-5171-L01,BULK-INV-5171,5171,2026-05-07,130,325,Water Based,method_ii,1.5,6828N-D,5.0,0.799,strict,7,True
BULK-INV-5171-L01,BULK-INV-5171,5171,2026-05-07,130,325,Water Based,method_ii,1.5,6563A,6.0,0.929,strict,8,True
BULK-INV-5171-L01,BULK-INV-5171,5171,2026-05-07,130,325,Water Based,method_ii,1.5,6764-B,5.0,0.941,strict,9,True
BULK-INV-5171-L01,BULK-INV-5171,5171,2026-05-07,130,325,Water Based,method_ii,1.5,6768A,5.0,0.957,strict,10,True
BULK-INV-5171-L01,BULK-INV-5171,5171,2026-05-07,130,325,Water Based,method_ii,1.5,6828N-A,5.0,0.974,strict,11,True
BULK-INV-5171-L01,BULK-INV-5171,5171,2026-05-07,130,325,Water Based,method_ii,1.5,6828N-C,5.0,1.052,relaxed,12,True
BULK-INV-5171-L01,BULK-INV-5171,5171,2026-05-07,130,325,Water Based,method_ii,1.5,6822N-C,5.0,1.066,relaxed,13,True
BULK-INV-5171-L01,BULK-INV-5171,5171,2026-05-07,130,325,Water Based,method_ii,1.5,6764-A,10.0,1.175,relaxed,14,True
BULK-INV-5171-L01,BULK-INV-5171,5171,2026-05-07,130,325,Water Based,method_ii,1.5,6127A,5.0,1.205,relaxed,15,True
BULK-INV-5171-L01,BULK-INV-5171,5171,2026-05-07,130,325,Water Based,method_ii,1.5,6767A,10.0,1.397,relaxed,16,True
BULK-INV-5171-L01,BULK-INV-5171,5171,2026-05-07,130,325,Water Based,method_ii,1.5,6566A,6.0,1.422,relaxed,17,True
BULK-INV-5171-L01,BULK-INV-5171,5171,2026-05-07,130,325,Water Based,method_ii,1.5,6566A,5.0,1.422,relaxed,18,True
BULK-INV-5171-L01,BULK-INV-5171,5171,2026-05-07,130,325,Water Based,method_ii,1.5,6785B,10.0,1.449,relaxed,19,True
BULK-INV-5171-L01,BULK-INV-5171,5171,2026-05-07,130,325,Water Based,method_ii,1.5,6767B,10.0,1.465,relaxed,20,True
BULK-INV-5171-L01,BULK-INV-5171,5171,2026-05-07,130,325,Water Based,method_ii,1.5,6812B,10.0,1.476,relaxed,21,True
BULK-INV-5171-L01,BULK-INV-5171,5171,2026-05-07,130,325,Water Based,method_ii,1.5,6784B,7.0,1.546,review,22,True
BULK-INV-5171-L01,BULK-INV-5171,5171,2026-05-07,130,325,Water Based,method_ii,1.5,6782A,10.0,1.575,review,23,True
BULK-INV-5171-L01,BULK-INV-5171,5171,2026-05-07,130,325,Water Based,method_ii,1.5,6784A,10.0,1.581,review,24,True
BULK-INV-5171-L01,BULK-INV-5171,5171,2026-05-07,130,325,Water Based,method_ii,1.5,6781B,2.0,1.623,review,25,True
BULK-INV-5171-L01,BULK-INV-5171,5171,2026-05-07,130,325,Water Based,method_ii,1.5,6785A,10.0,1.688,review,26,True
BULK-INV-5171-L01,BULK-INV-5171,5171,2026-05-07,130,325,Water Based,method_ii,1.5,6826N-D,5.0,1.84,review,27,True
BULK-INV-5171-L01,BULK-INV-5171,5171,2026-05-07,130,325,Water Based,method_ii,1.5,6781A,10.0,1.929,review,28,True
BULK-INV-5171-L01,BULK-INV-5171,5171,2026-05-07,130,325,Water Based,method_ii,1.5,6812A,10.0,1.955,review,29,True
BULK-INV-5171-L01,BULK-INV-5171,5171,2026-05-07,130,325,Water Based,method_ii,1.5,6827N-A,5.0,1.965,review,30,True
BULK-INV-5171-L01,BULK-INV-5171,5171,2026-05-07,130,325,Water Based,method_ii,1.5,6770A,10.0,2.183,review,31,True
BULK-INV-5173-L01,BULK-INV-5173,5173,2026-05-09,130A,3249B,Paint,method_i_b,0.75,6788A,10.0,0.017,excellent,1,True
BULK-INV-5173-L01,BULK-INV-5173,5173,2026-05-09,130A,3249B,Paint,method_i_b,0.75,6787B,7.0,0.07,excellent,2,True
BULK-INV-5173-L01,BULK-INV-5173,5173,2026-05-09,130A,3249B,Paint,method_i_b,0.75,6797B,7.0,0.082,excellent,3,True
BULK-INV-5173-L01,BULK-INV-5173,5173,2026-05-09,130A,3249B,Paint,method_i_b,0.75,6797A,10.0,0.09,excellent,4,True
BULK-INV-5173-L01,BULK-INV-5173,5173,2026-05-09,130A,3249B,Paint,method_i_b,0.75,6787A,10.0,0.101,excellent,5,True
BULK-INV-5173-L01,BULK-INV-5173,5173,2026-05-09,130A,3249B,Paint,method_i_b,0.75,6796B,8.0,0.197,excellent,6,True
BULK-INV-5173-L01,BULK-INV-5173,5173,2026-05-09,130A,3249B,Paint,method_i_b,0.75,6788B,10.0,0.271,excellent,7,True
BULK-INV-5173-L01,BULK-INV-5173,5173,2026-05-09,130A,3249B,Paint,method_i_b,0.75,6796A,10.0,0.331,excellent,8,True
BULK-INV-5173-L01,BULK-INV-5173,5173,2026-05-09,130A,3249B,Paint,method_i_b,0.75,6803B,5.0,0.429,excellent,9,True
BULK-INV-5173-L01,BULK-INV-5173,5173,2026-05-09,130A,3249B,Paint,method_i_b,0.75,6802A,10.0,0.526,excellent,10,True
BULK-INV-5173-L01,BULK-INV-5173,5173,2026-05-09,130A,3249B,Paint,method_i_b,0.75,6801B,4.0,0.59,excellent,11,True
BULK-INV-5173-L01,BULK-INV-5173,5173,2026-05-09,130A,3249B,Paint,method_i_b,0.75,6803A,10.0,0.611,strict,12,True
BULK-INV-5173-L01,BULK-INV-5173,5173,2026-05-09,130A,3249B,Paint,method_i_b,0.75,6822N-A,5.0,0.661,strict,13,True
BULK-INV-5173-L01,BULK-INV-5173,5173,2026-05-09,130A,3249B,Paint,method_i_b,0.75,6833B,10.0,0.708,strict,14,True
BULK-INV-5173-L01,BULK-INV-5173,5173,2026-05-09,130A,3249B,Paint,method_i_b,0.75,6833A,10.0,0.77,strict,15,True
BULK-INV-5173-L01,BULK-INV-5173,5173,2026-05-09,130A,3249B,Paint,method_i_b,0.75,6802B,10.0,0.827,strict,16,True
BULK-INV-5173-L01,BULK-INV-5173,5173,2026-05-09,130A,3249B,Paint,method_i_b,0.75,6548A,4.0,0.833,strict,17,True
BULK-INV-5173-L01,BULK-INV-5173,5173,2026-05-09,130A,3249B,Paint,method_i_b,0.75,6832B,6.0,0.897,strict,18,True
BULK-INV-5173-L01,BULK-INV-5173,5173,2026-05-09,130A,3249B,Paint,method_i_b,0.75,6789A,10.0,0.899,strict,19,True
BULK-INV-5173-L01,BULK-INV-5173,5173,2026-05-09,130A,3249B,Paint,method_i_b,0.75,6801A,10.0,0.915,strict,20,True
BULK-INV-5173-L01,BULK-INV-5173,5173,2026-05-09,130A,3249B,Paint,method_i_b,0.75,6832A,10.0,0.923,strict,21,True
BULK-INV-5173-L01,BULK-INV-5173,5173,2026-05-09,130A,3249B,Paint,method_i_b,0.75,6719N-D,5.0,0.961,strict,22,True
BULK-INV-5173-L01,BULK-INV-5173,5173,2026-05-09,130A,3249B,Paint,method_i_b,0.75,6789B,10.0,1.026,relaxed,23,True
BULK-INV-5173-L01,BULK-INV-5173,5173,2026-05-09,130A,3249B,Paint,method_i_b,0.75,6770B,10.0,1.095,relaxed,24,True
BULK-INV-5173-L01,BULK-INV-5173,5173,2026-05-09,130A,3249B,Paint,method_i_b,0.75,6528A,10.0,1.236,relaxed,25,True
BULK-INV-5173-L01,BULK-INV-5173,5173,2026-05-09,130A,3249B,Paint,method_i_b,0.75,6823N-B,5.0,1.393,relaxed,26,True
BULK-INV-5174-L01,BULK-INV-5174,5174,2026-05-10,130A,3249B,Water Based,method_ii,7.5,6802A,10.0,0.119,excellent,1,True
BULK-INV-5174-L01,BULK-INV-5174,5174,2026-05-10,130A,3249B,Water Based,method_ii,7.5,6796A,10.0,0.161,excellent,2,True
BULK-INV-5174-L01,BULK-INV-5174,5174,2026-05-10,130A,3249B,Water Based,method_ii,7.5,6801A,10.0,0.212,excellent,3,True
BULK-INV-5174-L01,BULK-INV-5174,5174,2026-05-10,130A,3249B,Water Based,method_ii,7.5,6789A,10.0,0.214,excellent,4,True
BULK-INV-5174-L01,BULK-INV-5174,5174,2026-05-10,130A,3249B,Water Based,method_ii,7.5,6822N-A,5.0,0.331,excellent,5,False
BULK-INV-5174-L01,BULK-INV-5174,5174,2026-05-10,130A,3249B,Water Based,method_ii,7.5,6797A,10.0,0.335,excellent,6,True
BULK-INV-5174-L01,BULK-INV-5174,5174,2026-05-10,130A,3249B,Water Based,method_ii,7.5,6787A,10.0,0.35,excellent,7,True
BULK-INV-5174-L01,BULK-INV-5174,5174,2026-05-10,130A,3249B,Water Based,method_ii,7.5,6802B,10.0,0.351,excellent,8,True
BULK-INV-5174-L01,BULK-INV-5174,5174,2026-05-10,130A,3249B,Water Based,method_ii,7.5,6788B,10.0,0.373,excellent,9,True
BULK-INV-5174-L01,BULK-INV-5174,5174,2026-05-10,130A,3249B,Water Based,method_ii,7.5,6796B,8.0,0.375,excellent,10,True
BULK-INV-5174-L01,BULK-INV-5174,5174,2026-05-10,130A,3249B,Water Based,method_ii,7.5,6801B,4.0,0.404,excellent,11,False
BULK-INV-5174-L01,BULK-INV-5174,5174,2026-05-10,130A,3249B,Water Based,method_ii,7.5,6788A,10.0,0.508,excellent,12,True
BULK-INV-5174-L01,BULK-INV-5174,5174,2026-05-10,130A,3249B,Water Based,method_ii,7.5,6797B,7.0,0.685,strict,13,False
BULK-INV-5174-L01,BULK-INV-5174,5174,2026-05-10,130A,3249B,Water Based,method_ii,7.5,6789B,10.0,0.76,strict,14,True
BULK-INV-5174-L01,BULK-INV-5174,5174,2026-05-10,130A,3249B,Water Based,method_ii,7.5,6787B,7.0,0.797,strict,15,False
BULK-INV-5174-L01,BULK-INV-5174,5174,2026-05-10,130A,3249B,Water Based,method_ii,7.5,6548A,4.0,0.904,strict,16,False
BULK-INV-5174-L01,BULK-INV-5174,5174,2026-05-10,130A,3249B,Water Based,method_ii,7.5,6823N-B,5.0,1.056,relaxed,17,False
BULK-INV-5174-L01,BULK-INV-5174,5174,2026-05-10,130A,3249B,Water Based,method_ii,7.5,6833A,10.0,1.074,relaxed,18,True
BULK-INV-5174-L01,BULK-INV-5174,5174,2026-05-10,130A,3249B,Water Based,method_ii,7.5,6719N-D,5.0,1.165,relaxed,19,False
BULK-INV-5174-L01,BULK-INV-5174,5174,2026-05-10,130A,3249B,Water Based,method_ii,7.5,6803B,5.0,1.196,relaxed,20,False
BULK-INV-5174-L01,BULK-INV-5174,5174,2026-05-10,130A,3249B,Water Based,method_ii,7.5,6803A,10.0,1.227,relaxed,21,True
BULK-INV-5174-L01,BULK-INV-5174,5174,2026-05-10,130A,3249B,Water Based,method_ii,7.5,6832A,10.0,1.584,review,22,True
BULK-INV-5174-L01,BULK-INV-5174,5174,2026-05-10,130A,3249B,Water Based,method_ii,7.5,6832B,6.0,1.699,review,23,False
BULK-INV-5174-L01,BULK-INV-5174,5174,2026-05-10,130A,3249B,Water Based,method_ii,7.5,6833B,10.0,2.032,review,24,True
BULK-INV-5174-L01,BULK-INV-5174,5174,2026-05-10,130A,3249B,Water Based,method_ii,7.5,6528A,10.0,2.171,review,25,True
BULK-INV-5174-L01,BULK-INV-5174,5174,2026-05-10,130A,3249B,Water Based,method_ii,7.5,6770B,10.0,2.281,review,26,True
BULK-INV-5175-L01,BULK-INV-5175,5175,2026-05-11,130A,3249B,Water Based,method_ii,15.0,6802A,10.0,0.119,excellent,1,False
BULK-INV-5175-L01,BULK-INV-5175,5175,2026-05-11,130A,3249B,Water Based,method_ii,15.0,6796A,10.0,0.161,excellent,2,False
BULK-INV-5175-L01,BULK-INV-5175,5175,2026-05-11,130A,3249B,Water Based,method_ii,15.0,6801A,10.0,0.212,excellent,3,False
BULK-INV-5175-L01,BULK-INV-5175,5175,2026-05-11,130A,3249B,Water Based,method_ii,15.0,6789A,10.0,0.214,excellent,4,False
BULK-INV-5175-L01,BULK-INV-5175,5175,2026-05-11,130A,3249B,Water Based,method_ii,15.0,6822N-A,5.0,0.331,excellent,5,False
BULK-INV-5175-L01,BULK-INV-5175,5175,2026-05-11,130A,3249B,Water Based,method_ii,15.0,6797A,10.0,0.335,excellent,6,False
BULK-INV-5175-L01,BULK-INV-5175,5175,2026-05-11,130A,3249B,Water Based,method_ii,15.0,6787A,10.0,0.35,excellent,7,False
BULK-INV-5175-L01,BULK-INV-5175,5175,2026-05-11,130A,3249B,Water Based,method_ii,15.0,6802B,10.0,0.351,excellent,8,False
BULK-INV-5175-L01,BULK-INV-5175,5175,2026-05-11,130A,3249B,Water Based,method_ii,15.0,6788B,10.0,0.373,excellent,9,False
BULK-INV-5175-L01,BULK-INV-5175,5175,2026-05-11,130A,3249B,Water Based,method_ii,15.0,6796B,8.0,0.375,excellent,10,False
BULK-INV-5175-L01,BULK-INV-5175,5175,2026-05-11,130A,3249B,Water Based,method_ii,15.0,6801B,4.0,0.404,excellent,11,False
BULK-INV-5175-L01,BULK-INV-5175,5175,2026-05-11,130A,3249B,Water Based,method_ii,15.0,6788A,10.0,0.508,excellent,12,False
BULK-INV-5175-L01,BULK-INV-5175,5175,2026-05-11,130A,3249B,Water Based,method_ii,15.0,6797B,7.0,0.685,strict,13,False
BULK-INV-5175-L01,BULK-INV-5175,5175,2026-05-11,130A,3249B,Water Based,method_ii,15.0,6789B,10.0,0.76,strict,14,False
BULK-INV-5175-L01,BULK-INV-5175,5175,2026-05-11,130A,3249B,Water Based,method_ii,15.0,6787B,7.0,0.797,strict,15,False
BULK-INV-5175-L01,BULK-INV-5175,5175,2026-05-11,130A,3249B,Water Based,method_ii,15.0,6548A,4.0,0.904,strict,16,False
BULK-INV-5175-L01,BULK-INV-5175,5175,2026-05-11,130A,3249B,Water Based,method_ii,15.0,6823N-B,5.0,1.056,relaxed,17,False
BULK-INV-5175-L01,BULK-INV-5175,5175,2026-05-11,130A,3249B,Water Based,method_ii,15.0,6833A,10.0,1.074,relaxed,18,False
BULK-INV-5175-L01,BULK-INV-5175,5175,2026-05-11,130A,3249B,Water Based,method_ii,15.0,6719N-D,5.0,1.165,relaxed,19,False
BULK-INV-5175-L01,BULK-INV-5175,5175,2026-05-11,130A,3249B,Water Based,method_ii,15.0,6803B,5.0,1.196,relaxed,20,False
BULK-INV-5175-L01,BULK-INV-5175,5175,2026-05-11,130A,3249B,Water Based,method_ii,15.0,6803A,10.0,1.227,relaxed,21,False
BULK-INV-5175-L01,BULK-INV-5175,5175,2026-05-11,130A,3249B,Water Based,method_ii,15.0,6832A,10.0,1.584,review,22,False
BULK-INV-5175-L01,BULK-INV-5175,5175,2026-05-11,130A,3249B,Water Based,method_ii,15.0,6832B,6.0,1.699,review,23,False
BULK-INV-5175-L01,BULK-INV-5175,5175,2026-05-11,130A,3249B,Water Based,method_ii,15.0,6833B,10.0,2.032,review,24,False
BULK-INV-5175-L01,BULK-INV-5175,5175,2026-05-11,130A,3249B,Water Based,method_ii,15.0,6528A,10.0,2.171,review,25,False
BULK-INV-5175-L01,BULK-INV-5175,5175,2026-05-11,130A,3249B,Water Based,method_ii,15.0,6770B,10.0,2.281,review,26,False
BULK-INV-5176-L01,BULK-INV-5176,5176,2026-05-12,130A,3249B,Water Based,method_ii,0.75,6802A,10.0,0.119,excellent,1,True
BULK-INV-5176-L01,BULK-INV-5176,5176,2026-05-12,130A,3249B,Water Based,method_ii,0.75,6796A,10.0,0.161,excellent,2,True
BULK-INV-5176-L01,BULK-INV-5176,5176,2026-05-12,130A,3249B,Water Based,method_ii,0.75,6801A,10.0,0.212,excellent,3,True
BULK-INV-5176-L01,BULK-INV-5176,5176,2026-05-12,130A,3249B,Water Based,method_ii,0.75,6789A,10.0,0.214,excellent,4,True
BULK-INV-5176-L01,BULK-INV-5176,5176,2026-05-12,130A,3249B,Water Based,method_ii,0.75,6822N-A,5.0,0.331,excellent,5,True
BULK-INV-5176-L01,BULK-INV-5176,5176,2026-05-12,130A,3249B,Water Based,method_ii,0.75,6797A,10.0,0.335,excellent,6,True
BULK-INV-5176-L01,BULK-INV-5176,5176,2026-05-12,130A,3249B,Water Based,method_ii,0.75,6787A,10.0,0.35,excellent,7,True
BULK-INV-5176-L01,BULK-INV-5176,5176,2026-05-12,130A,3249B,Water Based,method_ii,0.75,6802B,10.0,0.351,excellent,8,True
BULK-INV-5176-L01,BULK-INV-5176,5176,2026-05-12,130A,3249B,Water Based,method_ii,0.75,6788B,10.0,0.373,excellent,9,True
BULK-INV-5176-L01,BULK-INV-5176,5176,2026-05-12,130A,3249B,Water Based,method_ii,0.75,6796B,8.0,0.375,excellent,10,True
BULK-INV-5176-L01,BULK-INV-5176,5176,2026-05-12,130A,3249B,Water Based,method_ii,0.75,6801B,4.0,0.404,excellent,11,True
BULK-INV-5176-L01,BULK-INV-5176,5176,2026-05-12,130A,3249B,Water Based,method_ii,0.75,6788A,10.0,0.508,excellent,12,True
BULK-INV-5176-L01,BULK-INV-5176,5176,2026-05-12,130A,3249B,Water Based,method_ii,0.75,6797B,7.0,0.685,strict,13,True
BULK-INV-5176-L01,BULK-INV-5176,5176,2026-05-12,130A,3249B,Water Based,method_ii,0.75,6789B,10.0,0.76,strict,14,True
BULK-INV-5176-L01,BULK-INV-5176,5176,2026-05-12,130A,3249B,Water Based,method_ii,0.75,6787B,7.0,0.797,strict,15,True
BULK-INV-5176-L01,BULK-INV-5176,5176,2026-05-12,130A,3249B,Water Based,method_ii,0.75,6548A,4.0,0.904,strict,16,True
BULK-INV-5176-L01,BULK-INV-5176,5176,2026-05-12,130A,3249B,Water Based,method_ii,0.75,6823N-B,5.0,1.056,relaxed,17,True
BULK-INV-5176-L01,BULK-INV-5176,5176,2026-05-12,130A,3249B,Water Based,method_ii,0.75,6833A,10.0,1.074,relaxed,18,True
BULK-INV-5176-L01,BULK-INV-5176,5176,2026-05-12,130A,3249B,Water Based,method_ii,0.75,6719N-D,5.0,1.165,relaxed,19,True
BULK-INV-5176-L01,BULK-INV-5176,5176,2026-05-12,130A,3249B,Water Based,method_ii,0.75,6803B,5.0,1.196,relaxed,20,True
BULK-INV-5176-L01,BULK-INV-5176,5176,2026-05-12,130A,3249B,Water Based,method_ii,0.75,6803A,10.0,1.227,relaxed,21,True
BULK-INV-5176-L01,BULK-INV-5176,5176,2026-05-12,130A,3249B,Water Based,method_ii,0.75,6832A,10.0,1.584,review,22,True
BULK-INV-5176-L01,BULK-INV-5176,5176,2026-05-12,130A,3249B,Water Based,method_ii,0.75,6832B,6.0,1.699,review,23,True
BULK-INV-5176-L01,BULK-INV-5176,5176,2026-05-12,130A,3249B,Water Based,method_ii,0.75,6833B,10.0,2.032,review,24,True
BULK-INV-5176-L01,BULK-INV-5176,5176,2026-05-12,130A,3249B,Water Based,method_ii,0.75,6528A,10.0,2.171,review,25,True
BULK-INV-5176-L01,BULK-INV-5176,5176,2026-05-12,130A,3249B,Water Based,method_ii,0.75,6770B,10.0,2.281,review,26,True
BULK-INV-5177-L01,BULK-INV-5177,5177,2026-05-13,130A,3249B,Paint,method_i_b,7.5,6788A,10.0,0.017,excellent,1,True
BULK-INV-5177-L01,BULK-INV-5177,5177,2026-05-13,130A,3249B,Paint,method_i_b,7.5,6787B,7.0,0.07,excellent,2,False
BULK-INV-5177-L01,BULK-INV-5177,5177,2026-05-13,130A,3249B,Paint,method_i_b,7.5,6797B,7.0,0.082,excellent,3,False
BULK-INV-5177-L01,BULK-INV-5177,5177,2026-05-13,130A,3249B,Paint,method_i_b,7.5,6797A,10.0,0.09,excellent,4,True
BULK-INV-5177-L01,BULK-INV-5177,5177,2026-05-13,130A,3249B,Paint,method_i_b,7.5,6787A,10.0,0.101,excellent,5,True
BULK-INV-5177-L01,BULK-INV-5177,5177,2026-05-13,130A,3249B,Paint,method_i_b,7.5,6796B,8.0,0.197,excellent,6,True
BULK-INV-5177-L01,BULK-INV-5177,5177,2026-05-13,130A,3249B,Paint,method_i_b,7.5,6788B,10.0,0.271,excellent,7,True
BULK-INV-5177-L01,BULK-INV-5177,5177,2026-05-13,130A,3249B,Paint,method_i_b,7.5,6796A,10.0,0.331,excellent,8,True
BULK-INV-5177-L01,BULK-INV-5177,5177,2026-05-13,130A,3249B,Paint,method_i_b,7.5,6803B,5.0,0.429,excellent,9,False
BULK-INV-5177-L01,BULK-INV-5177,5177,2026-05-13,130A,3249B,Paint,method_i_b,7.5,6802A,10.0,0.526,excellent,10,True
BULK-INV-5177-L01,BULK-INV-5177,5177,2026-05-13,130A,3249B,Paint,method_i_b,7.5,6801B,4.0,0.59,excellent,11,False
BULK-INV-5177-L01,BULK-INV-5177,5177,2026-05-13,130A,3249B,Paint,method_i_b,7.5,6803A,10.0,0.611,strict,12,True
BULK-INV-5177-L01,BULK-INV-5177,5177,2026-05-13,130A,3249B,Paint,method_i_b,7.5,6822N-A,5.0,0.661,strict,13,False
BULK-INV-5177-L01,BULK-INV-5177,5177,2026-05-13,130A,3249B,Paint,method_i_b,7.5,6833B,10.0,0.708,strict,14,True
BULK-INV-5177-L01,BULK-INV-5177,5177,2026-05-13,130A,3249B,Paint,method_i_b,7.5,6833A,10.0,0.77,strict,15,True
BULK-INV-5177-L01,BULK-INV-5177,5177,2026-05-13,130A,3249B,Paint,method_i_b,7.5,6802B,10.0,0.827,strict,16,True
BULK-INV-5177-L01,BULK-INV-5177,5177,2026-05-13,130A,3249B,Paint,method_i_b,7.5,6548A,4.0,0.833,strict,17,False
BULK-INV-5177-L01,BULK-INV-5177,5177,2026-05-13,130A,3249B,Paint,method_i_b,7.5,6832B,6.0,0.897,strict,18,False
BULK-INV-5177-L01,BULK-INV-5177,5177,2026-05-13,130A,3249B,Paint,method_i_b,7.5,6789A,10.0,0.899,strict,19,True
BULK-INV-5177-L01,BULK-INV-5177,5177,2026-05-13,130A,3249B,Paint,method_i_b,7.5,6801A,10.0,0.915,strict,20,True
BULK-INV-5177-L01,BULK-INV-5177,5177,2026-05-13,130A,3249B,Paint,method_i_b,7.5,6832A,10.0,0.923,strict,21,True
BULK-INV-5177-L01,BULK-INV-5177,5177,2026-05-13,130A,3249B,Paint,method_i_b,7.5,6719N-D,5.0,0.961,strict,22,False
BULK-INV-5177-L01,BULK-INV-5177,5177,2026-05-13,130A,3249B,Paint,method_i_b,7.5,6789B,10.0,1.026,relaxed,23,True
BULK-INV-5177-L01,BULK-INV-5177,5177,2026-05-13,130A,3249B,Paint,method_i_b,7.5,6770B,10.0,1.095,relaxed,24,True
BULK-INV-5177-L01,BULK-INV-5177,5177,2026-05-13,130A,3249B,Paint,method_i_b,7.5,6528A,10.0,1.236,relaxed,25,True
BULK-INV-5177-L01,BULK-INV-5177,5177,2026-05-13,130A,3249B,Paint,method_i_b,7.5,6823N-B,5.0,1.393,relaxed,26,False
BULK-INV-5178-L01,BULK-INV-5178,5178,2026-05-14,130A,3249B,Paint,method_i_b,20.0,6788A,10.0,0.017,excellent,1,False
BULK-INV-5178-L01,BULK-INV-5178,5178,2026-05-14,130A,3249B,Paint,method_i_b,20.0,6787B,7.0,0.07,excellent,2,False
BULK-INV-5178-L01,BULK-INV-5178,5178,2026-05-14,130A,3249B,Paint,method_i_b,20.0,6797B,7.0,0.082,excellent,3,False
BULK-INV-5178-L01,BULK-INV-5178,5178,2026-05-14,130A,3249B,Paint,method_i_b,20.0,6797A,10.0,0.09,excellent,4,False
BULK-INV-5178-L01,BULK-INV-5178,5178,2026-05-14,130A,3249B,Paint,method_i_b,20.0,6787A,10.0,0.101,excellent,5,False
BULK-INV-5178-L01,BULK-INV-5178,5178,2026-05-14,130A,3249B,Paint,method_i_b,20.0,6796B,8.0,0.197,excellent,6,False
BULK-INV-5178-L01,BULK-INV-5178,5178,2026-05-14,130A,3249B,Paint,method_i_b,20.0,6788B,10.0,0.271,excellent,7,False
BULK-INV-5178-L01,BULK-INV-5178,5178,2026-05-14,130A,3249B,Paint,method_i_b,20.0,6796A,10.0,0.331,excellent,8,False
BULK-INV-5178-L01,BULK-INV-5178,5178,2026-05-14,130A,3249B,Paint,method_i_b,20.0,6803B,5.0,0.429,excellent,9,False
BULK-INV-5178-L01,BULK-INV-5178,5178,2026-05-14,130A,3249B,Paint,method_i_b,20.0,6802A,10.0,0.526,excellent,10,False
BULK-INV-5178-L01,BULK-INV-5178,5178,2026-05-14,130A,3249B,Paint,method_i_b,20.0,6801B,4.0,0.59,excellent,11,False
BULK-INV-5178-L01,BULK-INV-5178,5178,2026-05-14,130A,3249B,Paint,method_i_b,20.0,6803A,10.0,0.611,strict,12,False
BULK-INV-5178-L01,BULK-INV-5178,5178,2026-05-14,130A,3249B,Paint,method_i_b,20.0,6822N-A,5.0,0.661,strict,13,False
BULK-INV-5178-L01,BULK-INV-5178,5178,2026-05-14,130A,3249B,Paint,method_i_b,20.0,6833B,10.0,0.708,strict,14,False
BULK-INV-5178-L01,BULK-INV-5178,5178,2026-05-14,130A,3249B,Paint,method_i_b,20.0,6833A,10.0,0.77,strict,15,False
BULK-INV-5178-L01,BULK-INV-5178,5178,2026-05-14,130A,3249B,Paint,method_i_b,20.0,6802B,10.0,0.827,strict,16,False
BULK-INV-5178-L01,BULK-INV-5178,5178,2026-05-14,130A,3249B,Paint,method_i_b,20.0,6548A,4.0,0.833,strict,17,False
BULK-INV-5178-L01,BULK-INV-5178,5178,2026-05-14,130A,3249B,Paint,method_i_b,20.0,6832B,6.0,0.897,strict,18,False
BULK-INV-5178-L01,BULK-INV-5178,5178,2026-05-14,130A,3249B,Paint,method_i_b,20.0,6789A,10.0,0.899,strict,19,False
BULK-INV-5178-L01,BULK-INV-5178,5178,2026-05-14,130A,3249B,Paint,method_i_b,20.0,6801A,10.0,0.915,strict,20,False
BULK-INV-5178-L01,BULK-INV-5178,5178,2026-05-14,130A,3249B,Paint,method_i_b,20.0,6832A,10.0,0.923,strict,21,False
BULK-INV-5178-L01,BULK-INV-5178,5178,2026-05-14,130A,3249B,Paint,method_i_b,20.0,6719N-D,5.0,0.961,strict,22,False
BULK-INV-5178-L01,BULK-INV-5178,5178,2026-05-14,130A,3249B,Paint,method_i_b,20.0,6789B,10.0,1.026,relaxed,23,False
BULK-INV-5178-L01,BULK-INV-5178,5178,2026-05-14,130A,3249B,Paint,method_i_b,20.0,6770B,10.0,1.095,relaxed,24,False
BULK-INV-5178-L01,BULK-INV-5178,5178,2026-05-14,130A,3249B,Paint,method_i_b,20.0,6528A,10.0,1.236,relaxed,25,False
BULK-INV-5178-L01,BULK-INV-5178,5178,2026-05-14,130A,3249B,Paint,method_i_b,20.0,6823N-B,5.0,1.393,relaxed,26,False
BULK-INV-5179-L01,BULK-INV-5179,5179,2026-05-15,130A,3249B,Water Based,method_ii,12.0,6802A,10.0,0.119,excellent,1,False
BULK-INV-5179-L01,BULK-INV-5179,5179,2026-05-15,130A,3249B,Water Based,method_ii,12.0,6796A,10.0,0.161,excellent,2,False
BULK-INV-5179-L01,BULK-INV-5179,5179,2026-05-15,130A,3249B,Water Based,method_ii,12.0,6801A,10.0,0.212,excellent,3,False
BULK-INV-5179-L01,BULK-INV-5179,5179,2026-05-15,130A,3249B,Water Based,method_ii,12.0,6789A,10.0,0.214,excellent,4,False
BULK-INV-5179-L01,BULK-INV-5179,5179,2026-05-15,130A,3249B,Water Based,method_ii,12.0,6822N-A,5.0,0.331,excellent,5,False
BULK-INV-5179-L01,BULK-INV-5179,5179,2026-05-15,130A,3249B,Water Based,method_ii,12.0,6797A,10.0,0.335,excellent,6,False
BULK-INV-5179-L01,BULK-INV-5179,5179,2026-05-15,130A,3249B,Water Based,method_ii,12.0,6787A,10.0,0.35,excellent,7,False
BULK-INV-5179-L01,BULK-INV-5179,5179,2026-05-15,130A,3249B,Water Based,method_ii,12.0,6802B,10.0,0.351,excellent,8,False
BULK-INV-5179-L01,BULK-INV-5179,5179,2026-05-15,130A,3249B,Water Based,method_ii,12.0,6788B,10.0,0.373,excellent,9,False
BULK-INV-5179-L01,BULK-INV-5179,5179,2026-05-15,130A,3249B,Water Based,method_ii,12.0,6796B,8.0,0.375,excellent,10,False
BULK-INV-5179-L01,BULK-INV-5179,5179,2026-05-15,130A,3249B,Water Based,method_ii,12.0,6801B,4.0,0.404,excellent,11,False
BULK-INV-5179-L01,BULK-INV-5179,5179,2026-05-15,130A,3249B,Water Based,method_ii,12.0,6788A,10.0,0.508,excellent,12,False
BULK-INV-5179-L01,BULK-INV-5179,5179,2026-05-15,130A,3249B,Water Based,method_ii,12.0,6797B,7.0,0.685,strict,13,False
BULK-INV-5179-L01,BULK-INV-5179,5179,2026-05-15,130A,3249B,Water Based,method_ii,12.0,6789B,10.0,0.76,strict,14,False
BULK-INV-5179-L01,BULK-INV-5179,5179,2026-05-15,130A,3249B,Water Based,method_ii,12.0,6787B,7.0,0.797,strict,15,False
BULK-INV-5179-L01,BULK-INV-5179,5179,2026-05-15,130A,3249B,Water Based,method_ii,12.0,6548A,4.0,0.904,strict,16,False
BULK-INV-5179-L01,BULK-INV-5179,5179,2026-05-15,130A,3249B,Water Based,method_ii,12.0,6823N-B,5.0,1.056,relaxed,17,False
BULK-INV-5179-L01,BULK-INV-5179,5179,2026-05-15,130A,3249B,Water Based,method_ii,12.0,6833A,10.0,1.074,relaxed,18,False
BULK-INV-5179-L01,BULK-INV-5179,5179,2026-05-15,130A,3249B,Water Based,method_ii,12.0,6719N-D,5.0,1.165,relaxed,19,False
BULK-INV-5179-L01,BULK-INV-5179,5179,2026-05-15,130A,3249B,Water Based,method_ii,12.0,6803B,5.0,1.196,relaxed,20,False
BULK-INV-5179-L01,BULK-INV-5179,5179,2026-05-15,130A,3249B,Water Based,method_ii,12.0,6803A,10.0,1.227,relaxed,21,False
BULK-INV-5179-L01,BULK-INV-5179,5179,2026-05-15,130A,3249B,Water Based,method_ii,12.0,6832A,10.0,1.584,review,22,False
BULK-INV-5179-L01,BULK-INV-5179,5179,2026-05-15,130A,3249B,Water Based,method_ii,12.0,6832B,6.0,1.699,review,23,False
BULK-INV-5179-L01,BULK-INV-5179,5179,2026-05-15,130A,3249B,Water Based,method_ii,12.0,6833B,10.0,2.032,review,24,False
BULK-INV-5179-L01,BULK-INV-5179,5179,2026-05-15,130A,3249B,Water Based,method_ii,12.0,6528A,10.0,2.171,review,25,False
BULK-INV-5179-L01,BULK-INV-5179,5179,2026-05-15,130A,3249B,Water Based,method_ii,12.0,6770B,10.0,2.281,review,26,False
BULK-INV-5180-L01,BULK-INV-5180,5180,2026-04-01,130A,3249B,Paint,method_i_b,1.0,6788A,10.0,0.017,excellent,1,True
BULK-INV-5180-L01,BULK-INV-5180,5180,2026-04-01,130A,3249B,Paint,method_i_b,1.0,6787B,7.0,0.07,excellent,2,True
BULK-INV-5180-L01,BULK-INV-5180,5180,2026-04-01,130A,3249B,Paint,method_i_b,1.0,6797B,7.0,0.082,excellent,3,True
BULK-INV-5180-L01,BULK-INV-5180,5180,2026-04-01,130A,3249B,Paint,method_i_b,1.0,6797A,10.0,0.09,excellent,4,True
BULK-INV-5180-L01,BULK-INV-5180,5180,2026-04-01,130A,3249B,Paint,method_i_b,1.0,6787A,10.0,0.101,excellent,5,True
BULK-INV-5180-L01,BULK-INV-5180,5180,2026-04-01,130A,3249B,Paint,method_i_b,1.0,6796B,8.0,0.197,excellent,6,True
BULK-INV-5180-L01,BULK-INV-5180,5180,2026-04-01,130A,3249B,Paint,method_i_b,1.0,6788B,10.0,0.271,excellent,7,True
BULK-INV-5180-L01,BULK-INV-5180,5180,2026-04-01,130A,3249B,Paint,method_i_b,1.0,6796A,10.0,0.331,excellent,8,True
BULK-INV-5180-L01,BULK-INV-5180,5180,2026-04-01,130A,3249B,Paint,method_i_b,1.0,6803B,5.0,0.429,excellent,9,True
BULK-INV-5180-L01,BULK-INV-5180,5180,2026-04-01,130A,3249B,Paint,method_i_b,1.0,6802A,10.0,0.526,excellent,10,True
BULK-INV-5180-L01,BULK-INV-5180,5180,2026-04-01,130A,3249B,Paint,method_i_b,1.0,6801B,4.0,0.59,excellent,11,True
BULK-INV-5180-L01,BULK-INV-5180,5180,2026-04-01,130A,3249B,Paint,method_i_b,1.0,6803A,10.0,0.611,strict,12,True
BULK-INV-5180-L01,BULK-INV-5180,5180,2026-04-01,130A,3249B,Paint,method_i_b,1.0,6822N-A,5.0,0.661,strict,13,True
BULK-INV-5180-L01,BULK-INV-5180,5180,2026-04-01,130A,3249B,Paint,method_i_b,1.0,6833B,10.0,0.708,strict,14,True
BULK-INV-5180-L01,BULK-INV-5180,5180,2026-04-01,130A,3249B,Paint,method_i_b,1.0,6833A,10.0,0.77,strict,15,True
BULK-INV-5180-L01,BULK-INV-5180,5180,2026-04-01,130A,3249B,Paint,method_i_b,1.0,6802B,10.0,0.827,strict,16,True
BULK-INV-5180-L01,BULK-INV-5180,5180,2026-04-01,130A,3249B,Paint,method_i_b,1.0,6548A,4.0,0.833,strict,17,True
BULK-INV-5180-L01,BULK-INV-5180,5180,2026-04-01,130A,3249B,Paint,method_i_b,1.0,6832B,6.0,0.897,strict,18,True
BULK-INV-5180-L01,BULK-INV-5180,5180,2026-04-01,130A,3249B,Paint,method_i_b,1.0,6789A,10.0,0.899,strict,19,True
BULK-INV-5180-L01,BULK-INV-5180,5180,2026-04-01,130A,3249B,Paint,method_i_b,1.0,6801A,10.0,0.915,strict,20,True
BULK-INV-5180-L01,BULK-INV-5180,5180,2026-04-01,130A,3249B,Paint,method_i_b,1.0,6832A,10.0,0.923,strict,21,True
BULK-INV-5180-L01,BULK-INV-5180,5180,2026-04-01,130A,3249B,Paint,method_i_b,1.0,6719N-D,5.0,0.961,strict,22,True
BULK-INV-5180-L01,BULK-INV-5180,5180,2026-04-01,130A,3249B,Paint,method_i_b,1.0,6789B,10.0,1.026,relaxed,23,True
BULK-INV-5180-L01,BULK-INV-5180,5180,2026-04-01,130A,3249B,Paint,method_i_b,1.0,6770B,10.0,1.095,relaxed,24,True
BULK-INV-5180-L01,BULK-INV-5180,5180,2026-04-01,130A,3249B,Paint,method_i_b,1.0,6528A,10.0,1.236,relaxed,25,True
BULK-INV-5180-L01,BULK-INV-5180,5180,2026-04-01,130A,3249B,Paint,method_i_b,1.0,6823N-B,5.0,1.393,relaxed,26,True
BULK-INV-5181-L01,BULK-INV-5181,5181,2026-04-02,130,325,Paint,method_i_b,0.75,6764-B,5.0,0.13,excellent,1,True
BULK-INV-5181-L01,BULK-INV-5181,5181,2026-04-02,130,325,Paint,method_i_b,0.75,6767A,10.0,0.269,excellent,2,True
BULK-INV-5181-L01,BULK-INV-5181,5181,2026-04-02,130,325,Paint,method_i_b,0.75,6823N-C,5.0,0.269,excellent,3,True
BULK-INV-5181-L01,BULK-INV-5181,5181,2026-04-02,130,325,Paint,method_i_b,0.75,6768A,5.0,0.284,excellent,4,True
BULK-INV-5181-L01,BULK-INV-5181,5181,2026-04-02,130,325,Paint,method_i_b,0.75,6764-A,10.0,0.297,excellent,5,True
BULK-INV-5181-L01,BULK-INV-5181,5181,2026-04-02,130,325,Paint,method_i_b,0.75,6782A,10.0,0.297,excellent,6,True
BULK-INV-5181-L01,BULK-INV-5181,5181,2026-04-02,130,325,Paint,method_i_b,0.75,6781A,10.0,0.309,excellent,7,True
BULK-INV-5181-L01,BULK-INV-5181,5181,2026-04-02,130,325,Paint,method_i_b,0.75,6781B,2.0,0.311,excellent,8,True
BULK-INV-5181-L01,BULK-INV-5181,5181,2026-04-02,130,325,Paint,method_i_b,0.75,6785A,10.0,0.323,excellent,9,True
BULK-INV-5181-L01,BULK-INV-5181,5181,2026-04-02,130,325,Paint,method_i_b,0.75,6823N-D,5.0,0.342,excellent,10,True
BULK-INV-5181-L01,BULK-INV-5181,5181,2026-04-02,130,325,Paint,method_i_b,0.75,6824N-A,5.0,0.363,excellent,11,True
BULK-INV-5181-L01,BULK-INV-5181,5181,2026-04-02,130,325,Paint,method_i_b,0.75,6822N-C,5.0,0.369,excellent,12,True
BULK-INV-5181-L01,BULK-INV-5181,5181,2026-04-02,130,325,Paint,method_i_b,0.75,6767B,10.0,0.371,excellent,13,True
BULK-INV-5181-L01,BULK-INV-5181,5181,2026-04-02,130,325,Paint,method_i_b,0.75,6828N-A,5.0,0.371,excellent,14,True
BULK-INV-5181-L01,BULK-INV-5181,5181,2026-04-02,130,325,Paint,method_i_b,0.75,6770A,10.0,0.387,excellent,15,True
BULK-INV-5181-L01,BULK-INV-5181,5181,2026-04-02,130,325,Paint,method_i_b,0.75,6784B,7.0,0.396,excellent,16,True
BULK-INV-5181-L01,BULK-INV-5181,5181,2026-04-02,130,325,Paint,method_i_b,0.75,6784A,10.0,0.415,excellent,17,True
BULK-INV-5181-L01,BULK-INV-5181,5181,2026-04-02,130,325,Paint,method_i_b,0.75,6828N-D,5.0,0.446,excellent,18,True
BULK-INV-5181-L01,BULK-INV-5181,5181,2026-04-02,130,325,Paint,method_i_b,0.75,6785B,10.0,0.453,excellent,19,True
BULK-INV-5181-L01,BULK-INV-5181,5181,2026-04-02,130,325,Paint,method_i_b,0.75,6563A,6.0,0.54,excellent,20,True
BULK-INV-5181-L01,BULK-INV-5181,5181,2026-04-02,130,325,Paint,method_i_b,0.75,6822N-D,5.0,0.559,excellent,21,True
BULK-INV-5181-L01,BULK-INV-5181,5181,2026-04-02,130,325,Paint,method_i_b,0.75,6823N-A,5.0,0.602,strict,22,True
BULK-INV-5181-L01,BULK-INV-5181,5181,2026-04-02,130,325,Paint,method_i_b,0.75,6127A,5.0,0.633,strict,23,True
BULK-INV-5181-L01,BULK-INV-5181,5181,2026-04-02,130,325,Paint,method_i_b,0.75,6828N-C,5.0,0.661,strict,24,True
BULK-INV-5181-L01,BULK-INV-5181,5181,2026-04-02,130,325,Paint,method_i_b,0.75,6812B,10.0,0.72,strict,25,True
BULK-INV-5181-L01,BULK-INV-5181,5181,2026-04-02,130,325,Paint,method_i_b,0.75,6812A,10.0,0.836,strict,26,True
BULK-INV-5181-L01,BULK-INV-5181,5181,2026-04-02,130,325,Paint,method_i_b,0.75,6566A,6.0,0.872,strict,27,True
BULK-INV-5181-L01,BULK-INV-5181,5181,2026-04-02,130,325,Paint,method_i_b,0.75,6566A,5.0,0.872,strict,28,True
BULK-INV-5181-L01,BULK-INV-5181,5181,2026-04-02,130,325,Paint,method_i_b,0.75,6778N-B,5.0,1.01,relaxed,29,True
BULK-INV-5181-L01,BULK-INV-5181,5181,2026-04-02,130,325,Paint,method_i_b,0.75,6826N-D,5.0,1.094,relaxed,30,True
BULK-INV-5181-L01,BULK-INV-5181,5181,2026-04-02,130,325,Paint,method_i_b,0.75,6827N-A,5.0,1.231,relaxed,31,True
BULK-INV-5182-L01,BULK-INV-5182,5182,2026-04-03,130,325,Paint,method_i_b,3.0,6764-B,5.0,0.13,excellent,1,True
BULK-INV-5182-L01,BULK-INV-5182,5182,2026-04-03,130,325,Paint,method_i_b,3.0,6767A,10.0,0.269,excellent,2,True
BULK-INV-5182-L01,BULK-INV-5182,5182,2026-04-03,130,325,Paint,method_i_b,3.0,6823N-C,5.0,0.269,excellent,3,True
BULK-INV-5182-L01,BULK-INV-5182,5182,2026-04-03,130,325,Paint,method_i_b,3.0,6768A,5.0,0.284,excellent,4,True
BULK-INV-5182-L01,BULK-INV-5182,5182,2026-04-03,130,325,Paint,method_i_b,3.0,6764-A,10.0,0.297,excellent,5,True
BULK-INV-5182-L01,BULK-INV-5182,5182,2026-04-03,130,325,Paint,method_i_b,3.0,6782A,10.0,0.297,excellent,6,True
BULK-INV-5182-L01,BULK-INV-5182,5182,2026-04-03,130,325,Paint,method_i_b,3.0,6781A,10.0,0.309,excellent,7,True
BULK-INV-5182-L01,BULK-INV-5182,5182,2026-04-03,130,325,Paint,method_i_b,3.0,6781B,2.0,0.311,excellent,8,False
BULK-INV-5182-L01,BULK-INV-5182,5182,2026-04-03,130,325,Paint,method_i_b,3.0,6785A,10.0,0.323,excellent,9,True
BULK-INV-5182-L01,BULK-INV-5182,5182,2026-04-03,130,325,Paint,method_i_b,3.0,6823N-D,5.0,0.342,excellent,10,True
BULK-INV-5182-L01,BULK-INV-5182,5182,2026-04-03,130,325,Paint,method_i_b,3.0,6824N-A,5.0,0.363,excellent,11,True
BULK-INV-5182-L01,BULK-INV-5182,5182,2026-04-03,130,325,Paint,method_i_b,3.0,6822N-C,5.0,0.369,excellent,12,True
BULK-INV-5182-L01,BULK-INV-5182,5182,2026-04-03,130,325,Paint,method_i_b,3.0,6767B,10.0,0.371,excellent,13,True
BULK-INV-5182-L01,BULK-INV-5182,5182,2026-04-03,130,325,Paint,method_i_b,3.0,6828N-A,5.0,0.371,excellent,14,True
BULK-INV-5182-L01,BULK-INV-5182,5182,2026-04-03,130,325,Paint,method_i_b,3.0,6770A,10.0,0.387,excellent,15,True
BULK-INV-5182-L01,BULK-INV-5182,5182,2026-04-03,130,325,Paint,method_i_b,3.0,6784B,7.0,0.396,excellent,16,True
BULK-INV-5182-L01,BULK-INV-5182,5182,2026-04-03,130,325,Paint,method_i_b,3.0,6784A,10.0,0.415,excellent,17,True
BULK-INV-5182-L01,BULK-INV-5182,5182,2026-04-03,130,325,Paint,method_i_b,3.0,6828N-D,5.0,0.446,excellent,18,True
BULK-INV-5182-L01,BULK-INV-5182,5182,2026-04-03,130,325,Paint,method_i_b,3.0,6785B,10.0,0.453,excellent,19,True
BULK-INV-5182-L01,BULK-INV-5182,5182,2026-04-03,130,325,Paint,method_i_b,3.0,6563A,6.0,0.54,excellent,20,True
BULK-INV-5182-L01,BULK-INV-5182,5182,2026-04-03,130,325,Paint,method_i_b,3.0,6822N-D,5.0,0.559,excellent,21,True
BULK-INV-5182-L01,BULK-INV-5182,5182,2026-04-03,130,325,Paint,method_i_b,3.0,6823N-A,5.0,0.602,strict,22,True
BULK-INV-5182-L01,BULK-INV-5182,5182,2026-04-03,130,325,Paint,method_i_b,3.0,6127A,5.0,0.633,strict,23,True
BULK-INV-5182-L01,BULK-INV-5182,5182,2026-04-03,130,325,Paint,method_i_b,3.0,6828N-C,5.0,0.661,strict,24,True
BULK-INV-5182-L01,BULK-INV-5182,5182,2026-04-03,130,325,Paint,method_i_b,3.0,6812B,10.0,0.72,strict,25,True
BULK-INV-5182-L01,BULK-INV-5182,5182,2026-04-03,130,325,Paint,method_i_b,3.0,6812A,10.0,0.836,strict,26,True
BULK-INV-5182-L01,BULK-INV-5182,5182,2026-04-03,130,325,Paint,method_i_b,3.0,6566A,6.0,0.872,strict,27,True
BULK-INV-5182-L01,BULK-INV-5182,5182,2026-04-03,130,325,Paint,method_i_b,3.0,6566A,5.0,0.872,strict,28,True
BULK-INV-5182-L01,BULK-INV-5182,5182,2026-04-03,130,325,Paint,method_i_b,3.0,6778N-B,5.0,1.01,relaxed,29,True
BULK-INV-5182-L01,BULK-INV-5182,5182,2026-04-03,130,325,Paint,method_i_b,3.0,6826N-D,5.0,1.094,relaxed,30,True
BULK-INV-5182-L01,BULK-INV-5182,5182,2026-04-03,130,325,Paint,method_i_b,3.0,6827N-A,5.0,1.231,relaxed,31,True
BULK-INV-5183-L01,BULK-INV-5183,5183,2026-04-04,130A,3249B,Water Based,method_ii,6.0,6802A,10.0,0.119,excellent,1,True
BULK-INV-5183-L01,BULK-INV-5183,5183,2026-04-04,130A,3249B,Water Based,method_ii,6.0,6796A,10.0,0.161,excellent,2,True
BULK-INV-5183-L01,BULK-INV-5183,5183,2026-04-04,130A,3249B,Water Based,method_ii,6.0,6801A,10.0,0.212,excellent,3,True
BULK-INV-5183-L01,BULK-INV-5183,5183,2026-04-04,130A,3249B,Water Based,method_ii,6.0,6789A,10.0,0.214,excellent,4,True
BULK-INV-5183-L01,BULK-INV-5183,5183,2026-04-04,130A,3249B,Water Based,method_ii,6.0,6822N-A,5.0,0.331,excellent,5,False
BULK-INV-5183-L01,BULK-INV-5183,5183,2026-04-04,130A,3249B,Water Based,method_ii,6.0,6797A,10.0,0.335,excellent,6,True
BULK-INV-5183-L01,BULK-INV-5183,5183,2026-04-04,130A,3249B,Water Based,method_ii,6.0,6787A,10.0,0.35,excellent,7,True
BULK-INV-5183-L01,BULK-INV-5183,5183,2026-04-04,130A,3249B,Water Based,method_ii,6.0,6802B,10.0,0.351,excellent,8,True
BULK-INV-5183-L01,BULK-INV-5183,5183,2026-04-04,130A,3249B,Water Based,method_ii,6.0,6788B,10.0,0.373,excellent,9,True
BULK-INV-5183-L01,BULK-INV-5183,5183,2026-04-04,130A,3249B,Water Based,method_ii,6.0,6796B,8.0,0.375,excellent,10,True
BULK-INV-5183-L01,BULK-INV-5183,5183,2026-04-04,130A,3249B,Water Based,method_ii,6.0,6801B,4.0,0.404,excellent,11,False
BULK-INV-5183-L01,BULK-INV-5183,5183,2026-04-04,130A,3249B,Water Based,method_ii,6.0,6788A,10.0,0.508,excellent,12,True
BULK-INV-5183-L01,BULK-INV-5183,5183,2026-04-04,130A,3249B,Water Based,method_ii,6.0,6797B,7.0,0.685,strict,13,True
BULK-INV-5183-L01,BULK-INV-5183,5183,2026-04-04,130A,3249B,Water Based,method_ii,6.0,6789B,10.0,0.76,strict,14,True
BULK-INV-5183-L01,BULK-INV-5183,5183,2026-04-04,130A,3249B,Water Based,method_ii,6.0,6787B,7.0,0.797,strict,15,True
BULK-INV-5183-L01,BULK-INV-5183,5183,2026-04-04,130A,3249B,Water Based,method_ii,6.0,6548A,4.0,0.904,strict,16,False
BULK-INV-5183-L01,BULK-INV-5183,5183,2026-04-04,130A,3249B,Water Based,method_ii,6.0,6823N-B,5.0,1.056,relaxed,17,False
BULK-INV-5183-L01,BULK-INV-5183,5183,2026-04-04,130A,3249B,Water Based,method_ii,6.0,6833A,10.0,1.074,relaxed,18,True
BULK-INV-5183-L01,BULK-INV-5183,5183,2026-04-04,130A,3249B,Water Based,method_ii,6.0,6719N-D,5.0,1.165,relaxed,19,False
BULK-INV-5183-L01,BULK-INV-5183,5183,2026-04-04,130A,3249B,Water Based,method_ii,6.0,6803B,5.0,1.196,relaxed,20,False
BULK-INV-5183-L01,BULK-INV-5183,5183,2026-04-04,130A,3249B,Water Based,method_ii,6.0,6803A,10.0,1.227,relaxed,21,True
BULK-INV-5183-L01,BULK-INV-5183,5183,2026-04-04,130A,3249B,Water Based,method_ii,6.0,6832A,10.0,1.584,review,22,True
BULK-INV-5183-L01,BULK-INV-5183,5183,2026-04-04,130A,3249B,Water Based,method_ii,6.0,6832B,6.0,1.699,review,23,True
BULK-INV-5183-L01,BULK-INV-5183,5183,2026-04-04,130A,3249B,Water Based,method_ii,6.0,6833B,10.0,2.032,review,24,True
BULK-INV-5183-L01,BULK-INV-5183,5183,2026-04-04,130A,3249B,Water Based,method_ii,6.0,6528A,10.0,2.171,review,25,True
BULK-INV-5183-L01,BULK-INV-5183,5183,2026-04-04,130A,3249B,Water Based,method_ii,6.0,6770B,10.0,2.281,review,26,True
BULK-INV-5183-L02,BULK-INV-5183,5183,2026-04-04,130,325,Water Based,method_ii,1.0,6778N-B,5.0,0.292,excellent,1,True
BULK-INV-5183-L02,BULK-INV-5183,5183,2026-04-04,130,325,Water Based,method_ii,1.0,6823N-D,5.0,0.493,excellent,2,True
BULK-INV-5183-L02,BULK-INV-5183,5183,2026-04-04,130,325,Water Based,method_ii,1.0,6824N-A,5.0,0.52,excellent,3,True
BULK-INV-5183-L02,BULK-INV-5183,5183,2026-04-04,130,325,Water Based,method_ii,1.0,6823N-C,5.0,0.623,strict,4,True
BULK-INV-5183-L02,BULK-INV-5183,5183,2026-04-04,130,325,Water Based,method_ii,1.0,6823N-A,5.0,0.732,strict,5,True
BULK-INV-5183-L02,BULK-INV-5183,5183,2026-04-04,130,325,Water Based,method_ii,1.0,6822N-D,5.0,0.747,strict,6,True
BULK-INV-5183-L02,BULK-INV-5183,5183,2026-04-04,130,325,Water Based,method_ii,1.0,6828N-D,5.0,0.799,strict,7,True
BULK-INV-5183-L02,BULK-INV-5183,5183,2026-04-04,130,325,Water Based,method_ii,1.0,6563A,6.0,0.929,strict,8,True
BULK-INV-5183-L02,BULK-INV-5183,5183,2026-04-04,130,325,Water Based,method_ii,1.0,6764-B,5.0,0.941,strict,9,True
BULK-INV-5183-L02,BULK-INV-5183,5183,2026-04-04,130,325,Water Based,method_ii,1.0,6768A,5.0,0.957,strict,10,True
BULK-INV-5183-L02,BULK-INV-5183,5183,2026-04-04,130,325,Water Based,method_ii,1.0,6828N-A,5.0,0.974,strict,11,True
BULK-INV-5183-L02,BULK-INV-5183,5183,2026-04-04,130,325,Water Based,method_ii,1.0,6828N-C,5.0,1.052,relaxed,12,True
BULK-INV-5183-L02,BULK-INV-5183,5183,2026-04-04,130,325,Water Based,method_ii,1.0,6822N-C,5.0,1.066,relaxed,13,True
BULK-INV-5183-L02,BULK-INV-5183,5183,2026-04-04,130,325,Water Based,method_ii,1.0,6764-A,10.0,1.175,relaxed,14,True
BULK-INV-5183-L02,BULK-INV-5183,5183,2026-04-04,130,325,Water Based,method_ii,1.0,6127A,5.0,1.205,relaxed,15,True
BULK-INV-5183-L02,BULK-INV-5183,5183,2026-04-04,130,325,Water Based,method_ii,1.0,6767A,10.0,1.397,relaxed,16,True
BULK-INV-5183-L02,BULK-INV-5183,5183,2026-04-04,130,325,Water Based,method_ii,1.0,6566A,6.0,1.422,relaxed,17,True
BULK-INV-5183-L02,BULK-INV-5183,5183,2026-04-04,130,325,Water Based,method_ii,1.0,6566A,5.0,1.422,relaxed,18,True
BULK-INV-5183-L02,BULK-INV-5183,5183,2026-04-04,130,325,Water Based,method_ii,1.0,6785B,10.0,1.449,relaxed,19,True
BULK-INV-5183-L02,BULK-INV-5183,5183,2026-04-04,130,325,Water Based,method_ii,1.0,6767B,10.0,1.465,relaxed,20,True
BULK-INV-5183-L02,BULK-INV-5183,5183,2026-04-04,130,325,Water Based,method_ii,1.0,6812B,10.0,1.476,relaxed,21,True
BULK-INV-5183-L02,BULK-INV-5183,5183,2026-04-04,130,325,Water Based,method_ii,1.0,6784B,7.0,1.546,review,22,True
BULK-INV-5183-L02,BULK-INV-5183,5183,2026-04-04,130,325,Water Based,method_ii,1.0,6782A,10.0,1.575,review,23,True
BULK-INV-5183-L02,BULK-INV-5183,5183,2026-04-04,130,325,Water Based,method_ii,1.0,6784A,10.0,1.581,review,24,True
BULK-INV-5183-L02,BULK-INV-5183,5183,2026-04-04,130,325,Water Based,method_ii,1.0,6781B,2.0,1.623,review,25,True
BULK-INV-5183-L02,BULK-INV-5183,5183,2026-04-04,130,325,Water Based,method_ii,1.0,6785A,10.0,1.688,review,26,True
BULK-INV-5183-L02,BULK-INV-5183,5183,2026-04-04,130,325,Water Based,method_ii,1.0,6826N-D,5.0,1.84,review,27,True
BULK-INV-5183-L02,BULK-INV-5183,5183,2026-04-04,130,325,Water Based,method_ii,1.0,6781A,10.0,1.929,review,28,True
BULK-INV-5183-L02,BULK-INV-5183,5183,2026-04-04,130,325,Water Based,method_ii,1.0,6812A,10.0,1.955,review,29,True
BULK-INV-5183-L02,BULK-INV-5183,5183,2026-04-04,130,325,Water Based,method_ii,1.0,6827N-A,5.0,1.965,review,30,True
BULK-INV-5183-L02,BULK-INV-5183,5183,2026-04-04,130,325,Water Based,method_ii,1.0,6770A,10.0,2.183,review,31,True
BULK-INV-5184-L01,BULK-INV-5184,5184,2026-04-05,130A,3249B,Water Based,method_ii,30.0,6802A,10.0,0.119,excellent,1,False
BULK-INV-5184-L01,BULK-INV-5184,5184,2026-04-05,130A,3249B,Water Based,method_ii,30.0,6796A,10.0,0.161,excellent,2,False
BULK-INV-5184-L01,BULK-INV-5184,5184,2026-04-05,130A,3249B,Water Based,method_ii,30.0,6801A,10.0,0.212,excellent,3,False
BULK-INV-5184-L01,BULK-INV-5184,5184,2026-04-05,130A,3249B,Water Based,method_ii,30.0,6789A,10.0,0.214,excellent,4,False
BULK-INV-5184-L01,BULK-INV-5184,5184,2026-04-05,130A,3249B,Water Based,method_ii,30.0,6822N-A,5.0,0.331,excellent,5,False
BULK-INV-5184-L01,BULK-INV-5184,5184,2026-04-05,130A,3249B,Water Based,method_ii,30.0,6797A,10.0,0.335,excellent,6,False
BULK-INV-5184-L01,BULK-INV-5184,5184,2026-04-05,130A,3249B,Water Based,method_ii,30.0,6787A,10.0,0.35,excellent,7,False
BULK-INV-5184-L01,BULK-INV-5184,5184,2026-04-05,130A,3249B,Water Based,method_ii,30.0,6802B,10.0,0.351,excellent,8,False
BULK-INV-5184-L01,BULK-INV-5184,5184,2026-04-05,130A,3249B,Water Based,method_ii,30.0,6788B,10.0,0.373,excellent,9,False
BULK-INV-5184-L01,BULK-INV-5184,5184,2026-04-05,130A,3249B,Water Based,method_ii,30.0,6796B,8.0,0.375,excellent,10,False
BULK-INV-5184-L01,BULK-INV-5184,5184,2026-04-05,130A,3249B,Water Based,method_ii,30.0,6801B,4.0,0.404,excellent,11,False
BULK-INV-5184-L01,BULK-INV-5184,5184,2026-04-05,130A,3249B,Water Based,method_ii,30.0,6788A,10.0,0.508,excellent,12,False
BULK-INV-5184-L01,BULK-INV-5184,5184,2026-04-05,130A,3249B,Water Based,method_ii,30.0,6797B,7.0,0.685,strict,13,False
BULK-INV-5184-L01,BULK-INV-5184,5184,2026-04-05,130A,3249B,Water Based,method_ii,30.0,6789B,10.0,0.76,strict,14,False
BULK-INV-5184-L01,BULK-INV-5184,5184,2026-04-05,130A,3249B,Water Based,method_ii,30.0,6787B,7.0,0.797,strict,15,False
BULK-INV-5184-L01,BULK-INV-5184,5184,2026-04-05,130A,3249B,Water Based,method_ii,30.0,6548A,4.0,0.904,strict,16,False
BULK-INV-5184-L01,BULK-INV-5184,5184,2026-04-05,130A,3249B,Water Based,method_ii,30.0,6823N-B,5.0,1.056,relaxed,17,False
BULK-INV-5184-L01,BULK-INV-5184,5184,2026-04-05,130A,3249B,Water Based,method_ii,30.0,6833A,10.0,1.074,relaxed,18,False
BULK-INV-5184-L01,BULK-INV-5184,5184,2026-04-05,130A,3249B,Water Based,method_ii,30.0,6719N-D,5.0,1.165,relaxed,19,False
BULK-INV-5184-L01,BULK-INV-5184,5184,2026-04-05,130A,3249B,Water Based,method_ii,30.0,6803B,5.0,1.196,relaxed,20,False
BULK-INV-5184-L01,BULK-INV-5184,5184,2026-04-05,130A,3249B,Water Based,method_ii,30.0,6803A,10.0,1.227,relaxed,21,False
BULK-INV-5184-L01,BULK-INV-5184,5184,2026-04-05,130A,3249B,Water Based,method_ii,30.0,6832A,10.0,1.584,review,22,False
BULK-INV-5184-L01,BULK-INV-5184,5184,2026-04-05,130A,3249B,Water Based,method_ii,30.0,6832B,6.0,1.699,review,23,False
BULK-INV-5184-L01,BULK-INV-5184,5184,2026-04-05,130A,3249B,Water Based,method_ii,30.0,6833B,10.0,2.032,review,24,False
BULK-INV-5184-L01,BULK-INV-5184,5184,2026-04-05,130A,3249B,Water Based,method_ii,30.0,6528A,10.0,2.171,review,25,False
BULK-INV-5184-L01,BULK-INV-5184,5184,2026-04-05,130A,3249B,Water Based,method_ii,30.0,6770B,10.0,2.281,review,26,False
BULK-INV-5185-L01,BULK-INV-5185,5185,2026-04-06,130,325,Water Based,method_ii,0.75,6778N-B,5.0,0.292,excellent,1,True
BULK-INV-5185-L01,BULK-INV-5185,5185,2026-04-06,130,325,Water Based,method_ii,0.75,6823N-D,5.0,0.493,excellent,2,True
BULK-INV-5185-L01,BULK-INV-5185,5185,2026-04-06,130,325,Water Based,method_ii,0.75,6824N-A,5.0,0.52,excellent,3,True
BULK-INV-5185-L01,BULK-INV-5185,5185,2026-04-06,130,325,Water Based,method_ii,0.75,6823N-C,5.0,0.623,strict,4,True
BULK-INV-5185-L01,BULK-INV-5185,5185,2026-04-06,130,325,Water Based,method_ii,0.75,6823N-A,5.0,0.732,strict,5,True
BULK-INV-5185-L01,BULK-INV-5185,5185,2026-04-06,130,325,Water Based,method_ii,0.75,6822N-D,5.0,0.747,strict,6,True
BULK-INV-5185-L01,BULK-INV-5185,5185,2026-04-06,130,325,Water Based,method_ii,0.75,6828N-D,5.0,0.799,strict,7,True
BULK-INV-5185-L01,BULK-INV-5185,5185,2026-04-06,130,325,Water Based,method_ii,0.75,6563A,6.0,0.929,strict,8,True
BULK-INV-5185-L01,BULK-INV-5185,5185,2026-04-06,130,325,Water Based,method_ii,0.75,6764-B,5.0,0.941,strict,9,True
BULK-INV-5185-L01,BULK-INV-5185,5185,2026-04-06,130,325,Water Based,method_ii,0.75,6768A,5.0,0.957,strict,10,True
BULK-INV-5185-L01,BULK-INV-5185,5185,2026-04-06,130,325,Water Based,method_ii,0.75,6828N-A,5.0,0.974,strict,11,True
BULK-INV-5185-L01,BULK-INV-5185,5185,2026-04-06,130,325,Water Based,method_ii,0.75,6828N-C,5.0,1.052,relaxed,12,True
BULK-INV-5185-L01,BULK-INV-5185,5185,2026-04-06,130,325,Water Based,method_ii,0.75,6822N-C,5.0,1.066,relaxed,13,True
BULK-INV-5185-L01,BULK-INV-5185,5185,2026-04-06,130,325,Water Based,method_ii,0.75,6764-A,10.0,1.175,relaxed,14,True
BULK-INV-5185-L01,BULK-INV-5185,5185,2026-04-06,130,325,Water Based,method_ii,0.75,6127A,5.0,1.205,relaxed,15,True
BULK-INV-5185-L01,BULK-INV-5185,5185,2026-04-06,130,325,Water Based,method_ii,0.75,6767A,10.0,1.397,relaxed,16,True
BULK-INV-5185-L01,BULK-INV-5185,5185,2026-04-06,130,325,Water Based,method_ii,0.75,6566A,6.0,1.422,relaxed,17,True
BULK-INV-5185-L01,BULK-INV-5185,5185,2026-04-06,130,325,Water Based,method_ii,0.75,6566A,5.0,1.422,relaxed,18,True
BULK-INV-5185-L01,BULK-INV-5185,5185,2026-04-06,130,325,Water Based,method_ii,0.75,6785B,10.0,1.449,relaxed,19,True
BULK-INV-5185-L01,BULK-INV-5185,5185,2026-04-06,130,325,Water Based,method_ii,0.75,6767B,10.0,1.465,relaxed,20,True
BULK-INV-5185-L01,BULK-INV-5185,5185,2026-04-06,130,325,Water Based,method_ii,0.75,6812B,10.0,1.476,relaxed,21,True
BULK-INV-5185-L01,BULK-INV-5185,5185,2026-04-06,130,325,Water Based,method_ii,0.75,6784B,7.0,1.546,review,22,True
BULK-INV-5185-L01,BULK-INV-5185,5185,2026-04-06,130,325,Water Based,method_ii,0.75,6782A,10.0,1.575,review,23,True
BULK-INV-5185-L01,BULK-INV-5185,5185,2026-04-06,130,325,Water Based,method_ii,0.75,6784A,10.0,1.581,review,24,True
BULK-INV-5185-L01,BULK-INV-5185,5185,2026-04-06,130,325,Water Based,method_ii,0.75,6781B,2.0,1.623,review,25,True
BULK-INV-5185-L01,BULK-INV-5185,5185,2026-04-06,130,325,Water Based,method_ii,0.75,6785A,10.0,1.688,review,26,True
BULK-INV-5185-L01,BULK-INV-5185,5185,2026-04-06,130,325,Water Based,method_ii,0.75,6826N-D,5.0,1.84,review,27,True
BULK-INV-5185-L01,BULK-INV-5185,5185,2026-04-06,130,325,Water Based,method_ii,0.75,6781A,10.0,1.929,review,28,True
BULK-INV-5185-L01,BULK-INV-5185,5185,2026-04-06,130,325,Water Based,method_ii,0.75,6812A,10.0,1.955,review,29,True
BULK-INV-5185-L01,BULK-INV-5185,5185,2026-04-06,130,325,Water Based,method_ii,0.75,6827N-A,5.0,1.965,review,30,True
BULK-INV-5185-L01,BULK-INV-5185,5185,2026-04-06,130,325,Water Based,method_ii,0.75,6770A,10.0,2.183,review,31,True
BULK-INV-5185-L02,BULK-INV-5185,5185,2026-04-06,130,325,Water Based,method_ii,1.0,6778N-B,5.0,0.292,excellent,1,True
BULK-INV-5185-L02,BULK-INV-5185,5185,2026-04-06,130,325,Water Based,method_ii,1.0,6823N-D,5.0,0.493,excellent,2,True
BULK-INV-5185-L02,BULK-INV-5185,5185,2026-04-06,130,325,Water Based,method_ii,1.0,6824N-A,5.0,0.52,excellent,3,True
BULK-INV-5185-L02,BULK-INV-5185,5185,2026-04-06,130,325,Water Based,method_ii,1.0,6823N-C,5.0,0.623,strict,4,True
BULK-INV-5185-L02,BULK-INV-5185,5185,2026-04-06,130,325,Water Based,method_ii,1.0,6823N-A,5.0,0.732,strict,5,True
BULK-INV-5185-L02,BULK-INV-5185,5185,2026-04-06,130,325,Water Based,method_ii,1.0,6822N-D,5.0,0.747,strict,6,True
BULK-INV-5185-L02,BULK-INV-5185,5185,2026-04-06,130,325,Water Based,method_ii,1.0,6828N-D,5.0,0.799,strict,7,True
BULK-INV-5185-L02,BULK-INV-5185,5185,2026-04-06,130,325,Water Based,method_ii,1.0,6563A,6.0,0.929,strict,8,True
BULK-INV-5185-L02,BULK-INV-5185,5185,2026-04-06,130,325,Water Based,method_ii,1.0,6764-B,5.0,0.941,strict,9,True
BULK-INV-5185-L02,BULK-INV-5185,5185,2026-04-06,130,325,Water Based,method_ii,1.0,6768A,5.0,0.957,strict,10,True
BULK-INV-5185-L02,BULK-INV-5185,5185,2026-04-06,130,325,Water Based,method_ii,1.0,6828N-A,5.0,0.974,strict,11,True
BULK-INV-5185-L02,BULK-INV-5185,5185,2026-04-06,130,325,Water Based,method_ii,1.0,6828N-C,5.0,1.052,relaxed,12,True
BULK-INV-5185-L02,BULK-INV-5185,5185,2026-04-06,130,325,Water Based,method_ii,1.0,6822N-C,5.0,1.066,relaxed,13,True
BULK-INV-5185-L02,BULK-INV-5185,5185,2026-04-06,130,325,Water Based,method_ii,1.0,6764-A,10.0,1.175,relaxed,14,True
BULK-INV-5185-L02,BULK-INV-5185,5185,2026-04-06,130,325,Water Based,method_ii,1.0,6127A,5.0,1.205,relaxed,15,True
BULK-INV-5185-L02,BULK-INV-5185,5185,2026-04-06,130,325,Water Based,method_ii,1.0,6767A,10.0,1.397,relaxed,16,True
BULK-INV-5185-L02,BULK-INV-5185,5185,2026-04-06,130,325,Water Based,method_ii,1.0,6566A,6.0,1.422,relaxed,17,True
BULK-INV-5185-L02,BULK-INV-5185,5185,2026-04-06,130,325,Water Based,method_ii,1.0,6566A,5.0,1.422,relaxed,18,True
BULK-INV-5185-L02,BULK-INV-5185,5185,2026-04-06,130,325,Water Based,method_ii,1.0,6785B,10.0,1.449,relaxed,19,True
BULK-INV-5185-L02,BULK-INV-5185,5185,2026-04-06,130,325,Water Based,method_ii,1.0,6767B,10.0,1.465,relaxed,20,True
BULK-INV-5185-L02,BULK-INV-5185,5185,2026-04-06,130,325,Water Based,method_ii,1.0,6812B,10.0,1.476,relaxed,21,True
BULK-INV-5185-L02,BULK-INV-5185,5185,2026-04-06,130,325,Water Based,method_ii,1.0,6784B,7.0,1.546,review,22,True
BULK-INV-5185-L02,BULK-INV-5185,5185,2026-04-06,130,325,Water Based,method_ii,1.0,6782A,10.0,1.575,review,23,True
BULK-INV-5185-L02,BULK-INV-5185,5185,2026-04-06,130,325,Water Based,method_ii,1.0,6784A,10.0,1.581,review,24,True
BULK-INV-5185-L02,BULK-INV-5185,5185,2026-04-06,130,325,Water Based,method_ii,1.0,6781B,2.0,1.623,review,25,True
BULK-INV-5185-L02,BULK-INV-5185,5185,2026-04-06,130,325,Water Based,method_ii,1.0,6785A,10.0,1.688,review,26,True
BULK-INV-5185-L02,BULK-INV-5185,5185,2026-04-06,130,325,Water Based,method_ii,1.0,6826N-D,5.0,1.84,review,27,True
BULK-INV-5185-L02,BULK-INV-5185,5185,2026-04-06,130,325,Water Based,method_ii,1.0,6781A,10.0,1.929,review,28,True
BULK-INV-5185-L02,BULK-INV-5185,5185,2026-04-06,130,325,Water Based,method_ii,1.0,6812A,10.0,1.955,review,29,True
BULK-INV-5185-L02,BULK-INV-5185,5185,2026-04-06,130,325,Water Based,method_ii,1.0,6827N-A,5.0,1.965,review,30,True
BULK-INV-5185-L02,BULK-INV-5185,5185,2026-04-06,130,325,Water Based,method_ii,1.0,6770A,10.0,2.183,review,31,True
BULK-INV-5186-L01,BULK-INV-5186,5186,2026-04-07,130,325,Water Based,method_ii,3.5,6778N-B,5.0,0.292,excellent,1,True
BULK-INV-5186-L01,BULK-INV-5186,5186,2026-04-07,130,325,Water Based,method_ii,3.5,6823N-D,5.0,0.493,excellent,2,True
BULK-INV-5186-L01,BULK-INV-5186,5186,2026-04-07,130,325,Water Based,method_ii,3.5,6824N-A,5.0,0.52,excellent,3,True
BULK-INV-5186-L01,BULK-INV-5186,5186,2026-04-07,130,325,Water Based,method_ii,3.5,6823N-C,5.0,0.623,strict,4,True
BULK-INV-5186-L01,BULK-INV-5186,5186,2026-04-07,130,325,Water Based,method_ii,3.5,6823N-A,5.0,0.732,strict,5,True
BULK-INV-5186-L01,BULK-INV-5186,5186,2026-04-07,130,325,Water Based,method_ii,3.5,6822N-D,5.0,0.747,strict,6,True
BULK-INV-5186-L01,BULK-INV-5186,5186,2026-04-07,130,325,Water Based,method_ii,3.5,6828N-D,5.0,0.799,strict,7,True
BULK-INV-5186-L01,BULK-INV-5186,5186,2026-04-07,130,325,Water Based,method_ii,3.5,6563A,6.0,0.929,strict,8,True
BULK-INV-5186-L01,BULK-INV-5186,5186,2026-04-07,130,325,Water Based,method_ii,3.5,6764-B,5.0,0.941,strict,9,True
BULK-INV-5186-L01,BULK-INV-5186,5186,2026-04-07,130,325,Water Based,method_ii,3.5,6768A,5.0,0.957,strict,10,True
BULK-INV-5186-L01,BULK-INV-5186,5186,2026-04-07,130,325,Water Based,method_ii,3.5,6828N-A,5.0,0.974,strict,11,True
BULK-INV-5186-L01,BULK-INV-5186,5186,2026-04-07,130,325,Water Based,method_ii,3.5,6828N-C,5.0,1.052,relaxed,12,True
BULK-INV-5186-L01,BULK-INV-5186,5186,2026-04-07,130,325,Water Based,method_ii,3.5,6822N-C,5.0,1.066,relaxed,13,True
BULK-INV-5186-L01,BULK-INV-5186,5186,2026-04-07,130,325,Water Based,method_ii,3.5,6764-A,10.0,1.175,relaxed,14,True
BULK-INV-5186-L01,BULK-INV-5186,5186,2026-04-07,130,325,Water Based,method_ii,3.5,6127A,5.0,1.205,relaxed,15,True
BULK-INV-5186-L01,BULK-INV-5186,5186,2026-04-07,130,325,Water Based,method_ii,3.5,6767A,10.0,1.397,relaxed,16,True
BULK-INV-5186-L01,BULK-INV-5186,5186,2026-04-07,130,325,Water Based,method_ii,3.5,6566A,6.0,1.422,relaxed,17,True
BULK-INV-5186-L01,BULK-INV-5186,5186,2026-04-07,130,325,Water Based,method_ii,3.5,6566A,5.0,1.422,relaxed,18,True
BULK-INV-5186-L01,BULK-INV-5186,5186,2026-04-07,130,325,Water Based,method_ii,3.5,6785B,10.0,1.449,relaxed,19,True
BULK-INV-5186-L01,BULK-INV-5186,5186,2026-04-07,130,325,Water Based,method_ii,3.5,6767B,10.0,1.465,relaxed,20,True
BULK-INV-5186-L01,BULK-INV-5186,5186,2026-04-07,130,325,Water Based,method_ii,3.5,6812B,10.0,1.476,relaxed,21,True
BULK-INV-5186-L01,BULK-INV-5186,5186,2026-04-07,130,325,Water Based,method_ii,3.5,6784B,7.0,1.546,review,22,True
BULK-INV-5186-L01,BULK-INV-5186,5186,2026-04-07,130,325,Water Based,method_ii,3.5,6782A,10.0,1.575,review,23,True
BULK-INV-5186-L01,BULK-INV-5186,5186,2026-04-07,130,325,Water Based,method_ii,3.5,6784A,10.0,1.581,review,24,True
BULK-INV-5186-L01,BULK-INV-5186,5186,2026-04-07,130,325,Water Based,method_ii,3.5,6781B,2.0,1.623,review,25,False
BULK-INV-5186-L01,BULK-INV-5186,5186,2026-04-07,130,325,Water Based,method_ii,3.5,6785A,10.0,1.688,review,26,True
BULK-INV-5186-L01,BULK-INV-5186,5186,2026-04-07,130,325,Water Based,method_ii,3.5,6826N-D,5.0,1.84,review,27,True
BULK-INV-5186-L01,BULK-INV-5186,5186,2026-04-07,130,325,Water Based,method_ii,3.5,6781A,10.0,1.929,review,28,True
BULK-INV-5186-L01,BULK-INV-5186,5186,2026-04-07,130,325,Water Based,method_ii,3.5,6812A,10.0,1.955,review,29,True
BULK-INV-5186-L01,BULK-INV-5186,5186,2026-04-07,130,325,Water Based,method_ii,3.5,6827N-A,5.0,1.965,review,30,True
BULK-INV-5186-L01,BULK-INV-5186,5186,2026-04-07,130,325,Water Based,method_ii,3.5,6770A,10.0,2.183,review,31,True
BULK-INV-5186-L02,BULK-INV-5186,5186,2026-04-07,130A,3249B,Water Based,method_ii,2.5,6802A,10.0,0.119,excellent,1,True
BULK-INV-5186-L02,BULK-INV-5186,5186,2026-04-07,130A,3249B,Water Based,method_ii,2.5,6796A,10.0,0.161,excellent,2,True
BULK-INV-5186-L02,BULK-INV-5186,5186,2026-04-07,130A,3249B,Water Based,method_ii,2.5,6801A,10.0,0.212,excellent,3,True
BULK-INV-5186-L02,BULK-INV-5186,5186,2026-04-07,130A,3249B,Water Based,method_ii,2.5,6789A,10.0,0.214,excellent,4,True
BULK-INV-5186-L02,BULK-INV-5186,5186,2026-04-07,130A,3249B,Water Based,method_ii,2.5,6822N-A,5.0,0.331,excellent,5,True
BULK-INV-5186-L02,BULK-INV-5186,5186,2026-04-07,130A,3249B,Water Based,method_ii,2.5,6797A,10.0,0.335,excellent,6,True
BULK-INV-5186-L02,BULK-INV-5186,5186,2026-04-07,130A,3249B,Water Based,method_ii,2.5,6787A,10.0,0.35,excellent,7,True
BULK-INV-5186-L02,BULK-INV-5186,5186,2026-04-07,130A,3249B,Water Based,method_ii,2.5,6802B,10.0,0.351,excellent,8,True
BULK-INV-5186-L02,BULK-INV-5186,5186,2026-04-07,130A,3249B,Water Based,method_ii,2.5,6788B,10.0,0.373,excellent,9,True
BULK-INV-5186-L02,BULK-INV-5186,5186,2026-04-07,130A,3249B,Water Based,method_ii,2.5,6796B,8.0,0.375,excellent,10,True
BULK-INV-5186-L02,BULK-INV-5186,5186,2026-04-07,130A,3249B,Water Based,method_ii,2.5,6801B,4.0,0.404,excellent,11,True
BULK-INV-5186-L02,BULK-INV-5186,5186,2026-04-07,130A,3249B,Water Based,method_ii,2.5,6788A,10.0,0.508,excellent,12,True
BULK-INV-5186-L02,BULK-INV-5186,5186,2026-04-07,130A,3249B,Water Based,method_ii,2.5,6797B,7.0,0.685,strict,13,True
BULK-INV-5186-L02,BULK-INV-5186,5186,2026-04-07,130A,3249B,Water Based,method_ii,2.5,6789B,10.0,0.76,strict,14,True
BULK-INV-5186-L02,BULK-INV-5186,5186,2026-04-07,130A,3249B,Water Based,method_ii,2.5,6787B,7.0,0.797,strict,15,True
BULK-INV-5186-L02,BULK-INV-5186,5186,2026-04-07,130A,3249B,Water Based,method_ii,2.5,6548A,4.0,0.904,strict,16,True
BULK-INV-5186-L02,BULK-INV-5186,5186,2026-04-07,130A,3249B,Water Based,method_ii,2.5,6823N-B,5.0,1.056,relaxed,17,True
BULK-INV-5186-L02,BULK-INV-5186,5186,2026-04-07,130A,3249B,Water Based,method_ii,2.5,6833A,10.0,1.074,relaxed,18,True
BULK-INV-5186-L02,BULK-INV-5186,5186,2026-04-07,130A,3249B,Water Based,method_ii,2.5,6719N-D,5.0,1.165,relaxed,19,True
BULK-INV-5186-L02,BULK-INV-5186,5186,2026-04-07,130A,3249B,Water Based,method_ii,2.5,6803B,5.0,1.196,relaxed,20,True
BULK-INV-5186-L02,BULK-INV-5186,5186,2026-04-07,130A,3249B,Water Based,method_ii,2.5,6803A,10.0,1.227,relaxed,21,True
BULK-INV-5186-L02,BULK-INV-5186,5186,2026-04-07,130A,3249B,Water Based,method_ii,2.5,6832A,10.0,1.584,review,22,True
BULK-INV-5186-L02,BULK-INV-5186,5186,2026-04-07,130A,3249B,Water Based,method_ii,2.5,6832B,6.0,1.699,review,23,True
BULK-INV-5186-L02,BULK-INV-5186,5186,2026-04-07,130A,3249B,Water Based,method_ii,2.5,6833B,10.0,2.032,review,24,True
BULK-INV-5186-L02,BULK-INV-5186,5186,2026-04-07,130A,3249B,Water Based,method_ii,2.5,6528A,10.0,2.171,review,25,True
BULK-INV-5186-L02,BULK-INV-5186,5186,2026-04-07,130A,3249B,Water Based,method_ii,2.5,6770B,10.0,2.281,review,26,True
BULK-INV-5187-L01,BULK-INV-5187,5187,2026-04-08,130A,3249B,Paint,method_i_b,1.0,6788A,10.0,0.017,excellent,1,True
BULK-INV-5187-L01,BULK-INV-5187,5187,2026-04-08,130A,3249B,Paint,method_i_b,1.0,6787B,7.0,0.07,excellent,2,True
BULK-INV-5187-L01,BULK-INV-5187,5187,2026-04-08,130A,3249B,Paint,method_i_b,1.0,6797B,7.0,0.082,excellent,3,True
BULK-INV-5187-L01,BULK-INV-5187,5187,2026-04-08,130A,3249B,Paint,method_i_b,1.0,6797A,10.0,0.09,excellent,4,True
BULK-INV-5187-L01,BULK-INV-5187,5187,2026-04-08,130A,3249B,Paint,method_i_b,1.0,6787A,10.0,0.101,excellent,5,True
BULK-INV-5187-L01,BULK-INV-5187,5187,2026-04-08,130A,3249B,Paint,method_i_b,1.0,6796B,8.0,0.197,excellent,6,True
BULK-INV-5187-L01,BULK-INV-5187,5187,2026-04-08,130A,3249B,Paint,method_i_b,1.0,6788B,10.0,0.271,excellent,7,True
BULK-INV-5187-L01,BULK-INV-5187,5187,2026-04-08,130A,3249B,Paint,method_i_b,1.0,6796A,10.0,0.331,excellent,8,True
BULK-INV-5187-L01,BULK-INV-5187,5187,2026-04-08,130A,3249B,Paint,method_i_b,1.0,6803B,5.0,0.429,excellent,9,True
BULK-INV-5187-L01,BULK-INV-5187,5187,2026-04-08,130A,3249B,Paint,method_i_b,1.0,6802A,10.0,0.526,excellent,10,True
BULK-INV-5187-L01,BULK-INV-5187,5187,2026-04-08,130A,3249B,Paint,method_i_b,1.0,6801B,4.0,0.59,excellent,11,True
BULK-INV-5187-L01,BULK-INV-5187,5187,2026-04-08,130A,3249B,Paint,method_i_b,1.0,6803A,10.0,0.611,strict,12,True
BULK-INV-5187-L01,BULK-INV-5187,5187,2026-04-08,130A,3249B,Paint,method_i_b,1.0,6822N-A,5.0,0.661,strict,13,True
BULK-INV-5187-L01,BULK-INV-5187,5187,2026-04-08,130A,3249B,Paint,method_i_b,1.0,6833B,10.0,0.708,strict,14,True
BULK-INV-5187-L01,BULK-INV-5187,5187,2026-04-08,130A,3249B,Paint,method_i_b,1.0,6833A,10.0,0.77,strict,15,True
BULK-INV-5187-L01,BULK-INV-5187,5187,2026-04-08,130A,3249B,Paint,method_i_b,1.0,6802B,10.0,0.827,strict,16,True
BULK-INV-5187-L01,BULK-INV-5187,5187,2026-04-08,130A,3249B,Paint,method_i_b,1.0,6548A,4.0,0.833,strict,17,True
BULK-INV-5187-L01,BULK-INV-5187,5187,2026-04-08,130A,3249B,Paint,method_i_b,1.0,6832B,6.0,0.897,strict,18,True
BULK-INV-5187-L01,BULK-INV-5187,5187,2026-04-08,130A,3249B,Paint,method_i_b,1.0,6789A,10.0,0.899,strict,19,True
BULK-INV-5187-L01,BULK-INV-5187,5187,2026-04-08,130A,3249B,Paint,method_i_b,1.0,6801A,10.0,0.915,strict,20,True
BULK-INV-5187-L01,BULK-INV-5187,5187,2026-04-08,130A,3249B,Paint,method_i_b,1.0,6832A,10.0,0.923,strict,21,True
BULK-INV-5187-L01,BULK-INV-5187,5187,2026-04-08,130A,3249B,Paint,method_i_b,1.0,6719N-D,5.0,0.961,strict,22,True
BULK-INV-5187-L01,BULK-INV-5187,5187,2026-04-08,130A,3249B,Paint,method_i_b,1.0,6789B,10.0,1.026,relaxed,23,True
BULK-INV-5187-L01,BULK-INV-5187,5187,2026-04-08,130A,3249B,Paint,method_i_b,1.0,6770B,10.0,1.095,relaxed,24,True
BULK-INV-5187-L01,BULK-INV-5187,5187,2026-04-08,130A,3249B,Paint,method_i_b,1.0,6528A,10.0,1.236,relaxed,25,True
BULK-INV-5187-L01,BULK-INV-5187,5187,2026-04-08,130A,3249B,Paint,method_i_b,1.0,6823N-B,5.0,1.393,relaxed,26,True
BULK-INV-5188-L01,BULK-INV-5188,5188,2026-04-09,130A,3249B,Paint,method_i_b,7.5,6788A,10.0,0.017,excellent,1,True
BULK-INV-5188-L01,BULK-INV-5188,5188,2026-04-09,130A,3249B,Paint,method_i_b,7.5,6787B,7.0,0.07,excellent,2,False
BULK-INV-5188-L01,BULK-INV-5188,5188,2026-04-09,130A,3249B,Paint,method_i_b,7.5,6797B,7.0,0.082,excellent,3,False
BULK-INV-5188-L01,BULK-INV-5188,5188,2026-04-09,130A,3249B,Paint,method_i_b,7.5,6797A,10.0,0.09,excellent,4,True
BULK-INV-5188-L01,BULK-INV-5188,5188,2026-04-09,130A,3249B,Paint,method_i_b,7.5,6787A,10.0,0.101,excellent,5,True
BULK-INV-5188-L01,BULK-INV-5188,5188,2026-04-09,130A,3249B,Paint,method_i_b,7.5,6796B,8.0,0.197,excellent,6,True
BULK-INV-5188-L01,BULK-INV-5188,5188,2026-04-09,130A,3249B,Paint,method_i_b,7.5,6788B,10.0,0.271,excellent,7,True
BULK-INV-5188-L01,BULK-INV-5188,5188,2026-04-09,130A,3249B,Paint,method_i_b,7.5,6796A,10.0,0.331,excellent,8,True
BULK-INV-5188-L01,BULK-INV-5188,5188,2026-04-09,130A,3249B,Paint,method_i_b,7.5,6803B,5.0,0.429,excellent,9,False
BULK-INV-5188-L01,BULK-INV-5188,5188,2026-04-09,130A,3249B,Paint,method_i_b,7.5,6802A,10.0,0.526,excellent,10,True
BULK-INV-5188-L01,BULK-INV-5188,5188,2026-04-09,130A,3249B,Paint,method_i_b,7.5,6801B,4.0,0.59,excellent,11,False
BULK-INV-5188-L01,BULK-INV-5188,5188,2026-04-09,130A,3249B,Paint,method_i_b,7.5,6803A,10.0,0.611,strict,12,True
BULK-INV-5188-L01,BULK-INV-5188,5188,2026-04-09,130A,3249B,Paint,method_i_b,7.5,6822N-A,5.0,0.661,strict,13,False
BULK-INV-5188-L01,BULK-INV-5188,5188,2026-04-09,130A,3249B,Paint,method_i_b,7.5,6833B,10.0,0.708,strict,14,True
BULK-INV-5188-L01,BULK-INV-5188,5188,2026-04-09,130A,3249B,Paint,method_i_b,7.5,6833A,10.0,0.77,strict,15,True
BULK-INV-5188-L01,BULK-INV-5188,5188,2026-04-09,130A,3249B,Paint,method_i_b,7.5,6802B,10.0,0.827,strict,16,True
BULK-INV-5188-L01,BULK-INV-5188,5188,2026-04-09,130A,3249B,Paint,method_i_b,7.5,6548A,4.0,0.833,strict,17,False
BULK-INV-5188-L01,BULK-INV-5188,5188,2026-04-09,130A,3249B,Paint,method_i_b,7.5,6832B,6.0,0.897,strict,18,False
BULK-INV-5188-L01,BULK-INV-5188,5188,2026-04-09,130A,3249B,Paint,method_i_b,7.5,6789A,10.0,0.899,strict,19,True
BULK-INV-5188-L01,BULK-INV-5188,5188,2026-04-09,130A,3249B,Paint,method_i_b,7.5,6801A,10.0,0.915,strict,20,True
BULK-INV-5188-L01,BULK-INV-5188,5188,2026-04-09,130A,3249B,Paint,method_i_b,7.5,6832A,10.0,0.923,strict,21,True
BULK-INV-5188-L01,BULK-INV-5188,5188,2026-04-09,130A,3249B,Paint,method_i_b,7.5,6719N-D,5.0,0.961,strict,22,False
BULK-INV-5188-L01,BULK-INV-5188,5188,2026-04-09,130A,3249B,Paint,method_i_b,7.5,6789B,10.0,1.026,relaxed,23,True
BULK-INV-5188-L01,BULK-INV-5188,5188,2026-04-09,130A,3249B,Paint,method_i_b,7.5,6770B,10.0,1.095,relaxed,24,True
BULK-INV-5188-L01,BULK-INV-5188,5188,2026-04-09,130A,3249B,Paint,method_i_b,7.5,6528A,10.0,1.236,relaxed,25,True
BULK-INV-5188-L01,BULK-INV-5188,5188,2026-04-09,130A,3249B,Paint,method_i_b,7.5,6823N-B,5.0,1.393,relaxed,26,False
BULK-INV-5188-L02,BULK-INV-5188,5188,2026-04-09,130,325,Paint,method_i_b,0.75,6764-B,5.0,0.13,excellent,1,True
BULK-INV-5188-L02,BULK-INV-5188,5188,2026-04-09,130,325,Paint,method_i_b,0.75,6767A,10.0,0.269,excellent,2,True
BULK-INV-5188-L02,BULK-INV-5188,5188,2026-04-09,130,325,Paint,method_i_b,0.75,6823N-C,5.0,0.269,excellent,3,True
BULK-INV-5188-L02,BULK-INV-5188,5188,2026-04-09,130,325,Paint,method_i_b,0.75,6768A,5.0,0.284,excellent,4,True
BULK-INV-5188-L02,BULK-INV-5188,5188,2026-04-09,130,325,Paint,method_i_b,0.75,6764-A,10.0,0.297,excellent,5,True
BULK-INV-5188-L02,BULK-INV-5188,5188,2026-04-09,130,325,Paint,method_i_b,0.75,6782A,10.0,0.297,excellent,6,True
BULK-INV-5188-L02,BULK-INV-5188,5188,2026-04-09,130,325,Paint,method_i_b,0.75,6781A,10.0,0.309,excellent,7,True
BULK-INV-5188-L02,BULK-INV-5188,5188,2026-04-09,130,325,Paint,method_i_b,0.75,6781B,2.0,0.311,excellent,8,True
BULK-INV-5188-L02,BULK-INV-5188,5188,2026-04-09,130,325,Paint,method_i_b,0.75,6785A,10.0,0.323,excellent,9,True
BULK-INV-5188-L02,BULK-INV-5188,5188,2026-04-09,130,325,Paint,method_i_b,0.75,6823N-D,5.0,0.342,excellent,10,True
BULK-INV-5188-L02,BULK-INV-5188,5188,2026-04-09,130,325,Paint,method_i_b,0.75,6824N-A,5.0,0.363,excellent,11,True
BULK-INV-5188-L02,BULK-INV-5188,5188,2026-04-09,130,325,Paint,method_i_b,0.75,6822N-C,5.0,0.369,excellent,12,True
BULK-INV-5188-L02,BULK-INV-5188,5188,2026-04-09,130,325,Paint,method_i_b,0.75,6767B,10.0,0.371,excellent,13,True
BULK-INV-5188-L02,BULK-INV-5188,5188,2026-04-09,130,325,Paint,method_i_b,0.75,6828N-A,5.0,0.371,excellent,14,True
BULK-INV-5188-L02,BULK-INV-5188,5188,2026-04-09,130,325,Paint,method_i_b,0.75,6770A,10.0,0.387,excellent,15,True
BULK-INV-5188-L02,BULK-INV-5188,5188,2026-04-09,130,325,Paint,method_i_b,0.75,6784B,7.0,0.396,excellent,16,True
BULK-INV-5188-L02,BULK-INV-5188,5188,2026-04-09,130,325,Paint,method_i_b,0.75,6784A,10.0,0.415,excellent,17,True
BULK-INV-5188-L02,BULK-INV-5188,5188,2026-04-09,130,325,Paint,method_i_b,0.75,6828N-D,5.0,0.446,excellent,18,True
BULK-INV-5188-L02,BULK-INV-5188,5188,2026-04-09,130,325,Paint,method_i_b,0.75,6785B,10.0,0.453,excellent,19,True
BULK-INV-5188-L02,BULK-INV-5188,5188,2026-04-09,130,325,Paint,method_i_b,0.75,6563A,6.0,0.54,excellent,20,True
BULK-INV-5188-L02,BULK-INV-5188,5188,2026-04-09,130,325,Paint,method_i_b,0.75,6822N-D,5.0,0.559,excellent,21,True
BULK-INV-5188-L02,BULK-INV-5188,5188,2026-04-09,130,325,Paint,method_i_b,0.75,6823N-A,5.0,0.602,strict,22,True
BULK-INV-5188-L02,BULK-INV-5188,5188,2026-04-09,130,325,Paint,method_i_b,0.75,6127A,5.0,0.633,strict,23,True
BULK-INV-5188-L02,BULK-INV-5188,5188,2026-04-09,130,325,Paint,method_i_b,0.75,6828N-C,5.0,0.661,strict,24,True
BULK-INV-5188-L02,BULK-INV-5188,5188,2026-04-09,130,325,Paint,method_i_b,0.75,6812B,10.0,0.72,strict,25,True
BULK-INV-5188-L02,BULK-INV-5188,5188,2026-04-09,130,325,Paint,method_i_b,0.75,6812A,10.0,0.836,strict,26,True
BULK-INV-5188-L02,BULK-INV-5188,5188,2026-04-09,130,325,Paint,method_i_b,0.75,6566A,6.0,0.872,strict,27,True
BULK-INV-5188-L02,BULK-INV-5188,5188,2026-04-09,130,325,Paint,method_i_b,0.75,6566A,5.0,0.872,strict,28,True
BULK-INV-5188-L02,BULK-INV-5188,5188,2026-04-09,130,325,Paint,method_i_b,0.75,6778N-B,5.0,1.01,relaxed,29,True
BULK-INV-5188-L02,BULK-INV-5188,5188,2026-04-09,130,325,Paint,method_i_b,0.75,6826N-D,5.0,1.094,relaxed,30,True
BULK-INV-5188-L02,BULK-INV-5188,5188,2026-04-09,130,325,Paint,method_i_b,0.75,6827N-A,5.0,1.231,relaxed,31,True
BULK-INV-5189-L01,BULK-INV-5189,5189,2026-04-10,130,325,Paint,method_i_b,30.0,6764-B,5.0,0.13,excellent,1,False
BULK-INV-5189-L01,BULK-INV-5189,5189,2026-04-10,130,325,Paint,method_i_b,30.0,6767A,10.0,0.269,excellent,2,False
BULK-INV-5189-L01,BULK-INV-5189,5189,2026-04-10,130,325,Paint,method_i_b,30.0,6823N-C,5.0,0.269,excellent,3,False
BULK-INV-5189-L01,BULK-INV-5189,5189,2026-04-10,130,325,Paint,method_i_b,30.0,6768A,5.0,0.284,excellent,4,False
BULK-INV-5189-L01,BULK-INV-5189,5189,2026-04-10,130,325,Paint,method_i_b,30.0,6764-A,10.0,0.297,excellent,5,False
BULK-INV-5189-L01,BULK-INV-5189,5189,2026-04-10,130,325,Paint,method_i_b,30.0,6782A,10.0,0.297,excellent,6,False
BULK-INV-5189-L01,BULK-INV-5189,5189,2026-04-10,130,325,Paint,method_i_b,30.0,6781A,10.0,0.309,excellent,7,False
BULK-INV-5189-L01,BULK-INV-5189,5189,2026-04-10,130,325,Paint,method_i_b,30.0,6781B,2.0,0.311,excellent,8,False
BULK-INV-5189-L01,BULK-INV-5189,5189,2026-04-10,130,325,Paint,method_i_b,30.0,6785A,10.0,0.323,excellent,9,False
BULK-INV-5189-L01,BULK-INV-5189,5189,2026-04-10,130,325,Paint,method_i_b,30.0,6823N-D,5.0,0.342,excellent,10,False
BULK-INV-5189-L01,BULK-INV-5189,5189,2026-04-10,130,325,Paint,method_i_b,30.0,6824N-A,5.0,0.363,excellent,11,False
BULK-INV-5189-L01,BULK-INV-5189,5189,2026-04-10,130,325,Paint,method_i_b,30.0,6822N-C,5.0,0.369,excellent,12,False
BULK-INV-5189-L01,BULK-INV-5189,5189,2026-04-10,130,325,Paint,method_i_b,30.0,6767B,10.0,0.371,excellent,13,False
BULK-INV-5189-L01,BULK-INV-5189,5189,2026-04-10,130,325,Paint,method_i_b,30.0,6828N-A,5.0,0.371,excellent,14,False
BULK-INV-5189-L01,BULK-INV-5189,5189,2026-04-10,130,325,Paint,method_i_b,30.0,6770A,10.0,0.387,excellent,15,False
BULK-INV-5189-L01,BULK-INV-5189,5189,2026-04-10,130,325,Paint,method_i_b,30.0,6784B,7.0,0.396,excellent,16,False
BULK-INV-5189-L01,BULK-INV-5189,5189,2026-04-10,130,325,Paint,method_i_b,30.0,6784A,10.0,0.415,excellent,17,False
BULK-INV-5189-L01,BULK-INV-5189,5189,2026-04-10,130,325,Paint,method_i_b,30.0,6828N-D,5.0,0.446,excellent,18,False
BULK-INV-5189-L01,BULK-INV-5189,5189,2026-04-10,130,325,Paint,method_i_b,30.0,6785B,10.0,0.453,excellent,19,False
BULK-INV-5189-L01,BULK-INV-5189,5189,2026-04-10,130,325,Paint,method_i_b,30.0,6563A,6.0,0.54,excellent,20,False
BULK-INV-5189-L01,BULK-INV-5189,5189,2026-04-10,130,325,Paint,method_i_b,30.0,6822N-D,5.0,0.559,excellent,21,False
BULK-INV-5189-L01,BULK-INV-5189,5189,2026-04-10,130,325,Paint,method_i_b,30.0,6823N-A,5.0,0.602,strict,22,False
BULK-INV-5189-L01,BULK-INV-5189,5189,2026-04-10,130,325,Paint,method_i_b,30.0,6127A,5.0,0.633,strict,23,False
BULK-INV-5189-L01,BULK-INV-5189,5189,2026-04-10,130,325,Paint,method_i_b,30.0,6828N-C,5.0,0.661,strict,24,False
BULK-INV-5189-L01,BULK-INV-5189,5189,2026-04-10,130,325,Paint,method_i_b,30.0,6812B,10.0,0.72,strict,25,False
BULK-INV-5189-L01,BULK-INV-5189,5189,2026-04-10,130,325,Paint,method_i_b,30.0,6812A,10.0,0.836,strict,26,False
BULK-INV-5189-L01,BULK-INV-5189,5189,2026-04-10,130,325,Paint,method_i_b,30.0,6566A,6.0,0.872,strict,27,False
BULK-INV-5189-L01,BULK-INV-5189,5189,2026-04-10,130,325,Paint,method_i_b,30.0,6566A,5.0,0.872,strict,28,False
BULK-INV-5189-L01,BULK-INV-5189,5189,2026-04-10,130,325,Paint,method_i_b,30.0,6778N-B,5.0,1.01,relaxed,29,False
BULK-INV-5189-L01,BULK-INV-5189,5189,2026-04-10,130,325,Paint,method_i_b,30.0,6826N-D,5.0,1.094,relaxed,30,False
BULK-INV-5189-L01,BULK-INV-5189,5189,2026-04-10,130,325,Paint,method_i_b,30.0,6827N-A,5.0,1.231,relaxed,31,False
BULK-INV-5190-L01,BULK-INV-5190,5190,2026-04-11,130A,3249B,Paint,method_i_b,1.0,6788A,10.0,0.017,excellent,1,True
BULK-INV-5190-L01,BULK-INV-5190,5190,2026-04-11,130A,3249B,Paint,method_i_b,1.0,6787B,7.0,0.07,excellent,2,True
BULK-INV-5190-L01,BULK-INV-5190,5190,2026-04-11,130A,3249B,Paint,method_i_b,1.0,6797B,7.0,0.082,excellent,3,True
BULK-INV-5190-L01,BULK-INV-5190,5190,2026-04-11,130A,3249B,Paint,method_i_b,1.0,6797A,10.0,0.09,excellent,4,True
BULK-INV-5190-L01,BULK-INV-5190,5190,2026-04-11,130A,3249B,Paint,method_i_b,1.0,6787A,10.0,0.101,excellent,5,True
BULK-INV-5190-L01,BULK-INV-5190,5190,2026-04-11,130A,3249B,Paint,method_i_b,1.0,6796B,8.0,0.197,excellent,6,True
BULK-INV-5190-L01,BULK-INV-5190,5190,2026-04-11,130A,3249B,Paint,method_i_b,1.0,6788B,10.0,0.271,excellent,7,True
BULK-INV-5190-L01,BULK-INV-5190,5190,2026-04-11,130A,3249B,Paint,method_i_b,1.0,6796A,10.0,0.331,excellent,8,True
BULK-INV-5190-L01,BULK-INV-5190,5190,2026-04-11,130A,3249B,Paint,method_i_b,1.0,6803B,5.0,0.429,excellent,9,True
BULK-INV-5190-L01,BULK-INV-5190,5190,2026-04-11,130A,3249B,Paint,method_i_b,1.0,6802A,10.0,0.526,excellent,10,True
BULK-INV-5190-L01,BULK-INV-5190,5190,2026-04-11,130A,3249B,Paint,method_i_b,1.0,6801B,4.0,0.59,excellent,11,True
BULK-INV-5190-L01,BULK-INV-5190,5190,2026-04-11,130A,3249B,Paint,method_i_b,1.0,6803A,10.0,0.611,strict,12,True
BULK-INV-5190-L01,BULK-INV-5190,5190,2026-04-11,130A,3249B,Paint,method_i_b,1.0,6822N-A,5.0,0.661,strict,13,True
BULK-INV-5190-L01,BULK-INV-5190,5190,2026-04-11,130A,3249B,Paint,method_i_b,1.0,6833B,10.0,0.708,strict,14,True
BULK-INV-5190-L01,BULK-INV-5190,5190,2026-04-11,130A,3249B,Paint,method_i_b,1.0,6833A,10.0,0.77,strict,15,True
BULK-INV-5190-L01,BULK-INV-5190,5190,2026-04-11,130A,3249B,Paint,method_i_b,1.0,6802B,10.0,0.827,strict,16,True
BULK-INV-5190-L01,BULK-INV-5190,5190,2026-04-11,130A,3249B,Paint,method_i_b,1.0,6548A,4.0,0.833,strict,17,True
BULK-INV-5190-L01,BULK-INV-5190,5190,2026-04-11,130A,3249B,Paint,method_i_b,1.0,6832B,6.0,0.897,strict,18,True
BULK-INV-5190-L01,BULK-INV-5190,5190,2026-04-11,130A,3249B,Paint,method_i_b,1.0,6789A,10.0,0.899,strict,19,True
BULK-INV-5190-L01,BULK-INV-5190,5190,2026-04-11,130A,3249B,Paint,method_i_b,1.0,6801A,10.0,0.915,strict,20,True
BULK-INV-5190-L01,BULK-INV-5190,5190,2026-04-11,130A,3249B,Paint,method_i_b,1.0,6832A,10.0,0.923,strict,21,True
BULK-INV-5190-L01,BULK-INV-5190,5190,2026-04-11,130A,3249B,Paint,method_i_b,1.0,6719N-D,5.0,0.961,strict,22,True
BULK-INV-5190-L01,BULK-INV-5190,5190,2026-04-11,130A,3249B,Paint,method_i_b,1.0,6789B,10.0,1.026,relaxed,23,True
BULK-INV-5190-L01,BULK-INV-5190,5190,2026-04-11,130A,3249B,Paint,method_i_b,1.0,6770B,10.0,1.095,relaxed,24,True
BULK-INV-5190-L01,BULK-INV-5190,5190,2026-04-11,130A,3249B,Paint,method_i_b,1.0,6528A,10.0,1.236,relaxed,25,True
BULK-INV-5190-L01,BULK-INV-5190,5190,2026-04-11,130A,3249B,Paint,method_i_b,1.0,6823N-B,5.0,1.393,relaxed,26,True
BULK-INV-5191-L01,BULK-INV-5191,5191,2026-04-12,130,325,Water Based,method_ii,25.0,6778N-B,5.0,0.292,excellent,1,False
BULK-INV-5191-L01,BULK-INV-5191,5191,2026-04-12,130,325,Water Based,method_ii,25.0,6823N-D,5.0,0.493,excellent,2,False
BULK-INV-5191-L01,BULK-INV-5191,5191,2026-04-12,130,325,Water Based,method_ii,25.0,6824N-A,5.0,0.52,excellent,3,False
BULK-INV-5191-L01,BULK-INV-5191,5191,2026-04-12,130,325,Water Based,method_ii,25.0,6823N-C,5.0,0.623,strict,4,False
BULK-INV-5191-L01,BULK-INV-5191,5191,2026-04-12,130,325,Water Based,method_ii,25.0,6823N-A,5.0,0.732,strict,5,False
BULK-INV-5191-L01,BULK-INV-5191,5191,2026-04-12,130,325,Water Based,method_ii,25.0,6822N-D,5.0,0.747,strict,6,False
BULK-INV-5191-L01,BULK-INV-5191,5191,2026-04-12,130,325,Water Based,method_ii,25.0,6828N-D,5.0,0.799,strict,7,False
BULK-INV-5191-L01,BULK-INV-5191,5191,2026-04-12,130,325,Water Based,method_ii,25.0,6563A,6.0,0.929,strict,8,False
BULK-INV-5191-L01,BULK-INV-5191,5191,2026-04-12,130,325,Water Based,method_ii,25.0,6764-B,5.0,0.941,strict,9,False
BULK-INV-5191-L01,BULK-INV-5191,5191,2026-04-12,130,325,Water Based,method_ii,25.0,6768A,5.0,0.957,strict,10,False
BULK-INV-5191-L01,BULK-INV-5191,5191,2026-04-12,130,325,Water Based,method_ii,25.0,6828N-A,5.0,0.974,strict,11,False
BULK-INV-5191-L01,BULK-INV-5191,5191,2026-04-12,130,325,Water Based,method_ii,25.0,6828N-C,5.0,1.052,relaxed,12,False
BULK-INV-5191-L01,BULK-INV-5191,5191,2026-04-12,130,325,Water Based,method_ii,25.0,6822N-C,5.0,1.066,relaxed,13,False
BULK-INV-5191-L01,BULK-INV-5191,5191,2026-04-12,130,325,Water Based,method_ii,25.0,6764-A,10.0,1.175,relaxed,14,False
BULK-INV-5191-L01,BULK-INV-5191,5191,2026-04-12,130,325,Water Based,method_ii,25.0,6127A,5.0,1.205,relaxed,15,False
BULK-INV-5191-L01,BULK-INV-5191,5191,2026-04-12,130,325,Water Based,method_ii,25.0,6767A,10.0,1.397,relaxed,16,False
BULK-INV-5191-L01,BULK-INV-5191,5191,2026-04-12,130,325,Water Based,method_ii,25.0,6566A,6.0,1.422,relaxed,17,False
BULK-INV-5191-L01,BULK-INV-5191,5191,2026-04-12,130,325,Water Based,method_ii,25.0,6566A,5.0,1.422,relaxed,18,False
BULK-INV-5191-L01,BULK-INV-5191,5191,2026-04-12,130,325,Water Based,method_ii,25.0,6785B,10.0,1.449,relaxed,19,False
BULK-INV-5191-L01,BULK-INV-5191,5191,2026-04-12,130,325,Water Based,method_ii,25.0,6767B,10.0,1.465,relaxed,20,False
BULK-INV-5191-L01,BULK-INV-5191,5191,2026-04-12,130,325,Water Based,method_ii,25.0,6812B,10.0,1.476,relaxed,21,False
BULK-INV-5191-L01,BULK-INV-5191,5191,2026-04-12,130,325,Water Based,method_ii,25.0,6784B,7.0,1.546,review,22,False
BULK-INV-5191-L01,BULK-INV-5191,5191,2026-04-12,130,325,Water Based,method_ii,25.0,6782A,10.0,1.575,review,23,False
BULK-INV-5191-L01,BULK-INV-5191,5191,2026-04-12,130,325,Water Based,method_ii,25.0,6784A,10.0,1.581,review,24,False
BULK-INV-5191-L01,BULK-INV-5191,5191,2026-04-12,130,325,Water Based,method_ii,25.0,6781B,2.0,1.623,review,25,False
BULK-INV-5191-L01,BULK-INV-5191,5191,2026-04-12,130,325,Water Based,method_ii,25.0,6785A,10.0,1.688,review,26,False
BULK-INV-5191-L01,BULK-INV-5191,5191,2026-04-12,130,325,Water Based,method_ii,25.0,6826N-D,5.0,1.84,review,27,False
BULK-INV-5191-L01,BULK-INV-5191,5191,2026-04-12,130,325,Water Based,method_ii,25.0,6781A,10.0,1.929,review,28,False
BULK-INV-5191-L01,BULK-INV-5191,5191,2026-04-12,130,325,Water Based,method_ii,25.0,6812A,10.0,1.955,review,29,False
BULK-INV-5191-L01,BULK-INV-5191,5191,2026-04-12,130,325,Water Based,method_ii,25.0,6827N-A,5.0,1.965,review,30,False
BULK-INV-5191-L01,BULK-INV-5191,5191,2026-04-12,130,325,Water Based,method_ii,25.0,6770A,10.0,2.183,review,31,False
BULK-INV-5192-L01,BULK-INV-5192,5192,2026-04-13,130,325,Paint,method_i_b,2.0,6764-B,5.0,0.13,excellent,1,True
BULK-INV-5192-L01,BULK-INV-5192,5192,2026-04-13,130,325,Paint,method_i_b,2.0,6767A,10.0,0.269,excellent,2,True
BULK-INV-5192-L01,BULK-INV-5192,5192,2026-04-13,130,325,Paint,method_i_b,2.0,6823N-C,5.0,0.269,excellent,3,True
BULK-INV-5192-L01,BULK-INV-5192,5192,2026-04-13,130,325,Paint,method_i_b,2.0,6768A,5.0,0.284,excellent,4,True
BULK-INV-5192-L01,BULK-INV-5192,5192,2026-04-13,130,325,Paint,method_i_b,2.0,6764-A,10.0,0.297,excellent,5,True
BULK-INV-5192-L01,BULK-INV-5192,5192,2026-04-13,130,325,Paint,method_i_b,2.0,6782A,10.0,0.297,excellent,6,True
BULK-INV-5192-L01,BULK-INV-5192,5192,2026-04-13,130,325,Paint,method_i_b,2.0,6781A,10.0,0.309,excellent,7,True
BULK-INV-5192-L01,BULK-INV-5192,5192,2026-04-13,130,325,Paint,method_i_b,2.0,6781B,2.0,0.311,excellent,8,True
BULK-INV-5192-L01,BULK-INV-5192,5192,2026-04-13,130,325,Paint,method_i_b,2.0,6785A,10.0,0.323,excellent,9,True
BULK-INV-5192-L01,BULK-INV-5192,5192,2026-04-13,130,325,Paint,method_i_b,2.0,6823N-D,5.0,0.342,excellent,10,True
BULK-INV-5192-L01,BULK-INV-5192,5192,2026-04-13,130,325,Paint,method_i_b,2.0,6824N-A,5.0,0.363,excellent,11,True
BULK-INV-5192-L01,BULK-INV-5192,5192,2026-04-13,130,325,Paint,method_i_b,2.0,6822N-C,5.0,0.369,excellent,12,True
BULK-INV-5192-L01,BULK-INV-5192,5192,2026-04-13,130,325,Paint,method_i_b,2.0,6767B,10.0,0.371,excellent,13,True
BULK-INV-5192-L01,BULK-INV-5192,5192,2026-04-13,130,325,Paint,method_i_b,2.0,6828N-A,5.0,0.371,excellent,14,True
BULK-INV-5192-L01,BULK-INV-5192,5192,2026-04-13,130,325,Paint,method_i_b,2.0,6770A,10.0,0.387,excellent,15,True
BULK-INV-5192-L01,BULK-INV-5192,5192,2026-04-13,130,325,Paint,method_i_b,2.0,6784B,7.0,0.396,excellent,16,True
BULK-INV-5192-L01,BULK-INV-5192,5192,2026-04-13,130,325,Paint,method_i_b,2.0,6784A,10.0,0.415,excellent,17,True
BULK-INV-5192-L01,BULK-INV-5192,5192,2026-04-13,130,325,Paint,method_i_b,2.0,6828N-D,5.0,0.446,excellent,18,True
BULK-INV-5192-L01,BULK-INV-5192,5192,2026-04-13,130,325,Paint,method_i_b,2.0,6785B,10.0,0.453,excellent,19,True
BULK-INV-5192-L01,BULK-INV-5192,5192,2026-04-13,130,325,Paint,method_i_b,2.0,6563A,6.0,0.54,excellent,20,True
BULK-INV-5192-L01,BULK-INV-5192,5192,2026-04-13,130,325,Paint,method_i_b,2.0,6822N-D,5.0,0.559,excellent,21,True
BULK-INV-5192-L01,BULK-INV-5192,5192,2026-04-13,130,325,Paint,method_i_b,2.0,6823N-A,5.0,0.602,strict,22,True
BULK-INV-5192-L01,BULK-INV-5192,5192,2026-04-13,130,325,Paint,method_i_b,2.0,6127A,5.0,0.633,strict,23,True
BULK-INV-5192-L01,BULK-INV-5192,5192,2026-04-13,130,325,Paint,method_i_b,2.0,6828N-C,5.0,0.661,strict,24,True
BULK-INV-5192-L01,BULK-INV-5192,5192,2026-04-13,130,325,Paint,method_i_b,2.0,6812B,10.0,0.72,strict,25,True
BULK-INV-5192-L01,BULK-INV-5192,5192,2026-04-13,130,325,Paint,method_i_b,2.0,6812A,10.0,0.836,strict,26,True
BULK-INV-5192-L01,BULK-INV-5192,5192,2026-04-13,130,325,Paint,method_i_b,2.0,6566A,6.0,0.872,strict,27,True
BULK-INV-5192-L01,BULK-INV-5192,5192,2026-04-13,130,325,Paint,method_i_b,2.0,6566A,5.0,0.872,strict,28,True
BULK-INV-5192-L01,BULK-INV-5192,5192,2026-04-13,130,325,Paint,method_i_b,2.0,6778N-B,5.0,1.01,relaxed,29,True
BULK-INV-5192-L01,BULK-INV-5192,5192,2026-04-13,130,325,Paint,method_i_b,2.0,6826N-D,5.0,1.094,relaxed,30,True
BULK-INV-5192-L01,BULK-INV-5192,5192,2026-04-13,130,325,Paint,method_i_b,2.0,6827N-A,5.0,1.231,relaxed,31,True
BULK-INV-5192-L02,BULK-INV-5192,5192,2026-04-13,130,325,Paint,method_i_b,2.5,6764-B,5.0,0.13,excellent,1,True
BULK-INV-5192-L02,BULK-INV-5192,5192,2026-04-13,130,325,Paint,method_i_b,2.5,6767A,10.0,0.269,excellent,2,True
BULK-INV-5192-L02,BULK-INV-5192,5192,2026-04-13,130,325,Paint,method_i_b,2.5,6823N-C,5.0,0.269,excellent,3,True
BULK-INV-5192-L02,BULK-INV-5192,5192,2026-04-13,130,325,Paint,method_i_b,2.5,6768A,5.0,0.284,excellent,4,True
BULK-INV-5192-L02,BULK-INV-5192,5192,2026-04-13,130,325,Paint,method_i_b,2.5,6764-A,10.0,0.297,excellent,5,True
BULK-INV-5192-L02,BULK-INV-5192,5192,2026-04-13,130,325,Paint,method_i_b,2.5,6782A,10.0,0.297,excellent,6,True
BULK-INV-5192-L02,BULK-INV-5192,5192,2026-04-13,130,325,Paint,method_i_b,2.5,6781A,10.0,0.309,excellent,7,True
BULK-INV-5192-L02,BULK-INV-5192,5192,2026-04-13,130,325,Paint,method_i_b,2.5,6781B,2.0,0.311,excellent,8,False
BULK-INV-5192-L02,BULK-INV-5192,5192,2026-04-13,130,325,Paint,method_i_b,2.5,6785A,10.0,0.323,excellent,9,True
BULK-INV-5192-L02,BULK-INV-5192,5192,2026-04-13,130,325,Paint,method_i_b,2.5,6823N-D,5.0,0.342,excellent,10,True
BULK-INV-5192-L02,BULK-INV-5192,5192,2026-04-13,130,325,Paint,method_i_b,2.5,6824N-A,5.0,0.363,excellent,11,True
BULK-INV-5192-L02,BULK-INV-5192,5192,2026-04-13,130,325,Paint,method_i_b,2.5,6822N-C,5.0,0.369,excellent,12,True
BULK-INV-5192-L02,BULK-INV-5192,5192,2026-04-13,130,325,Paint,method_i_b,2.5,6767B,10.0,0.371,excellent,13,True
BULK-INV-5192-L02,BULK-INV-5192,5192,2026-04-13,130,325,Paint,method_i_b,2.5,6828N-A,5.0,0.371,excellent,14,True
BULK-INV-5192-L02,BULK-INV-5192,5192,2026-04-13,130,325,Paint,method_i_b,2.5,6770A,10.0,0.387,excellent,15,True
BULK-INV-5192-L02,BULK-INV-5192,5192,2026-04-13,130,325,Paint,method_i_b,2.5,6784B,7.0,0.396,excellent,16,True
BULK-INV-5192-L02,BULK-INV-5192,5192,2026-04-13,130,325,Paint,method_i_b,2.5,6784A,10.0,0.415,excellent,17,True
BULK-INV-5192-L02,BULK-INV-5192,5192,2026-04-13,130,325,Paint,method_i_b,2.5,6828N-D,5.0,0.446,excellent,18,True
BULK-INV-5192-L02,BULK-INV-5192,5192,2026-04-13,130,325,Paint,method_i_b,2.5,6785B,10.0,0.453,excellent,19,True
BULK-INV-5192-L02,BULK-INV-5192,5192,2026-04-13,130,325,Paint,method_i_b,2.5,6563A,6.0,0.54,excellent,20,True
BULK-INV-5192-L02,BULK-INV-5192,5192,2026-04-13,130,325,Paint,method_i_b,2.5,6822N-D,5.0,0.559,excellent,21,True
BULK-INV-5192-L02,BULK-INV-5192,5192,2026-04-13,130,325,Paint,method_i_b,2.5,6823N-A,5.0,0.602,strict,22,True
BULK-INV-5192-L02,BULK-INV-5192,5192,2026-04-13,130,325,Paint,method_i_b,2.5,6127A,5.0,0.633,strict,23,True
BULK-INV-5192-L02,BULK-INV-5192,5192,2026-04-13,130,325,Paint,method_i_b,2.5,6828N-C,5.0,0.661,strict,24,True
BULK-INV-5192-L02,BULK-INV-5192,5192,2026-04-13,130,325,Paint,method_i_b,2.5,6812B,10.0,0.72,strict,25,True
BULK-INV-5192-L02,BULK-INV-5192,5192,2026-04-13,130,325,Paint,method_i_b,2.5,6812A,10.0,0.836,strict,26,True
BULK-INV-5192-L02,BULK-INV-5192,5192,2026-04-13,130,325,Paint,method_i_b,2.5,6566A,6.0,0.872,strict,27,True
BULK-INV-5192-L02,BULK-INV-5192,5192,2026-04-13,130,325,Paint,method_i_b,2.5,6566A,5.0,0.872,strict,28,True
BULK-INV-5192-L02,BULK-INV-5192,5192,2026-04-13,130,325,Paint,method_i_b,2.5,6778N-B,5.0,1.01,relaxed,29,True
BULK-INV-5192-L02,BULK-INV-5192,5192,2026-04-13,130,325,Paint,method_i_b,2.5,6826N-D,5.0,1.094,relaxed,30,True
BULK-INV-5192-L02,BULK-INV-5192,5192,2026-04-13,130,325,Paint,method_i_b,2.5,6827N-A,5.0,1.231,relaxed,31,True
BULK-INV-5193-L01,BULK-INV-5193,5193,2026-04-14,130A,3249B,Paint,method_i_b,2.5,6788A,10.0,0.017,excellent,1,True
BULK-INV-5193-L01,BULK-INV-5193,5193,2026-04-14,130A,3249B,Paint,method_i_b,2.5,6787B,7.0,0.07,excellent,2,True
BULK-INV-5193-L01,BULK-INV-5193,5193,2026-04-14,130A,3249B,Paint,method_i_b,2.5,6797B,7.0,0.082,excellent,3,True
BULK-INV-5193-L01,BULK-INV-5193,5193,2026-04-14,130A,3249B,Paint,method_i_b,2.5,6797A,10.0,0.09,excellent,4,True
BULK-INV-5193-L01,BULK-INV-5193,5193,2026-04-14,130A,3249B,Paint,method_i_b,2.5,6787A,10.0,0.101,excellent,5,True
BULK-INV-5193-L01,BULK-INV-5193,5193,2026-04-14,130A,3249B,Paint,method_i_b,2.5,6796B,8.0,0.197,excellent,6,True
BULK-INV-5193-L01,BULK-INV-5193,5193,2026-04-14,130A,3249B,Paint,method_i_b,2.5,6788B,10.0,0.271,excellent,7,True
BULK-INV-5193-L01,BULK-INV-5193,5193,2026-04-14,130A,3249B,Paint,method_i_b,2.5,6796A,10.0,0.331,excellent,8,True
BULK-INV-5193-L01,BULK-INV-5193,5193,2026-04-14,130A,3249B,Paint,method_i_b,2.5,6803B,5.0,0.429,excellent,9,True
BULK-INV-5193-L01,BULK-INV-5193,5193,2026-04-14,130A,3249B,Paint,method_i_b,2.5,6802A,10.0,0.526,excellent,10,True
BULK-INV-5193-L01,BULK-INV-5193,5193,2026-04-14,130A,3249B,Paint,method_i_b,2.5,6801B,4.0,0.59,excellent,11,True
BULK-INV-5193-L01,BULK-INV-5193,5193,2026-04-14,130A,3249B,Paint,method_i_b,2.5,6803A,10.0,0.611,strict,12,True
BULK-INV-5193-L01,BULK-INV-5193,5193,2026-04-14,130A,3249B,Paint,method_i_b,2.5,6822N-A,5.0,0.661,strict,13,True
BULK-INV-5193-L01,BULK-INV-5193,5193,2026-04-14,130A,3249B,Paint,method_i_b,2.5,6833B,10.0,0.708,strict,14,True
BULK-INV-5193-L01,BULK-INV-5193,5193,2026-04-14,130A,3249B,Paint,method_i_b,2.5,6833A,10.0,0.77,strict,15,True
BULK-INV-5193-L01,BULK-INV-5193,5193,2026-04-14,130A,3249B,Paint,method_i_b,2.5,6802B,10.0,0.827,strict,16,True
BULK-INV-5193-L01,BULK-INV-5193,5193,2026-04-14,130A,3249B,Paint,method_i_b,2.5,6548A,4.0,0.833,strict,17,True
BULK-INV-5193-L01,BULK-INV-5193,5193,2026-04-14,130A,3249B,Paint,method_i_b,2.5,6832B,6.0,0.897,strict,18,True
BULK-INV-5193-L01,BULK-INV-5193,5193,2026-04-14,130A,3249B,Paint,method_i_b,2.5,6789A,10.0,0.899,strict,19,True
BULK-INV-5193-L01,BULK-INV-5193,5193,2026-04-14,130A,3249B,Paint,method_i_b,2.5,6801A,10.0,0.915,strict,20,True
BULK-INV-5193-L01,BULK-INV-5193,5193,2026-04-14,130A,3249B,Paint,method_i_b,2.5,6832A,10.0,0.923,strict,21,True
BULK-INV-5193-L01,BULK-INV-5193,5193,2026-04-14,130A,3249B,Paint,method_i_b,2.5,6719N-D,5.0,0.961,strict,22,True
BULK-INV-5193-L01,BULK-INV-5193,5193,2026-04-14,130A,3249B,Paint,method_i_b,2.5,6789B,10.0,1.026,relaxed,23,True
BULK-INV-5193-L01,BULK-INV-5193,5193,2026-04-14,130A,3249B,Paint,method_i_b,2.5,6770B,10.0,1.095,relaxed,24,True
BULK-INV-5193-L01,BULK-INV-5193,5193,2026-04-14,130A,3249B,Paint,method_i_b,2.5,6528A,10.0,1.236,relaxed,25,True
BULK-INV-5193-L01,BULK-INV-5193,5193,2026-04-14,130A,3249B,Paint,method_i_b,2.5,6823N-B,5.0,1.393,relaxed,26,True
BULK-INV-5194-L01,BULK-INV-5194,5194,2026-04-15,130,325,Water Based,method_ii,10.0,6778N-B,5.0,0.292,excellent,1,False
BULK-INV-5194-L01,BULK-INV-5194,5194,2026-04-15,130,325,Water Based,method_ii,10.0,6823N-D,5.0,0.493,excellent,2,False
BULK-INV-5194-L01,BULK-INV-5194,5194,2026-04-15,130,325,Water Based,method_ii,10.0,6824N-A,5.0,0.52,excellent,3,False
BULK-INV-5194-L01,BULK-INV-5194,5194,2026-04-15,130,325,Water Based,method_ii,10.0,6823N-C,5.0,0.623,strict,4,False
BULK-INV-5194-L01,BULK-INV-5194,5194,2026-04-15,130,325,Water Based,method_ii,10.0,6823N-A,5.0,0.732,strict,5,False
BULK-INV-5194-L01,BULK-INV-5194,5194,2026-04-15,130,325,Water Based,method_ii,10.0,6822N-D,5.0,0.747,strict,6,False
BULK-INV-5194-L01,BULK-INV-5194,5194,2026-04-15,130,325,Water Based,method_ii,10.0,6828N-D,5.0,0.799,strict,7,False
BULK-INV-5194-L01,BULK-INV-5194,5194,2026-04-15,130,325,Water Based,method_ii,10.0,6563A,6.0,0.929,strict,8,False
BULK-INV-5194-L01,BULK-INV-5194,5194,2026-04-15,130,325,Water Based,method_ii,10.0,6764-B,5.0,0.941,strict,9,False
BULK-INV-5194-L01,BULK-INV-5194,5194,2026-04-15,130,325,Water Based,method_ii,10.0,6768A,5.0,0.957,strict,10,False
BULK-INV-5194-L01,BULK-INV-5194,5194,2026-04-15,130,325,Water Based,method_ii,10.0,6828N-A,5.0,0.974,strict,11,False
BULK-INV-5194-L01,BULK-INV-5194,5194,2026-04-15,130,325,Water Based,method_ii,10.0,6828N-C,5.0,1.052,relaxed,12,False
BULK-INV-5194-L01,BULK-INV-5194,5194,2026-04-15,130,325,Water Based,method_ii,10.0,6822N-C,5.0,1.066,relaxed,13,False
BULK-INV-5194-L01,BULK-INV-5194,5194,2026-04-15,130,325,Water Based,method_ii,10.0,6764-A,10.0,1.175,relaxed,14,True
BULK-INV-5194-L01,BULK-INV-5194,5194,2026-04-15,130,325,Water Based,method_ii,10.0,6127A,5.0,1.205,relaxed,15,False
BULK-INV-5194-L01,BULK-INV-5194,5194,2026-04-15,130,325,Water Based,method_ii,10.0,6767A,10.0,1.397,relaxed,16,True
BULK-INV-5194-L01,BULK-INV-5194,5194,2026-04-15,130,325,Water Based,method_ii,10.0,6566A,6.0,1.422,relaxed,17,False
BULK-INV-5194-L01,BULK-INV-5194,5194,2026-04-15,130,325,Water Based,method_ii,10.0,6566A,5.0,1.422,relaxed,18,False
BULK-INV-5194-L01,BULK-INV-5194,5194,2026-04-15,130,325,Water Based,method_ii,10.0,6785B,10.0,1.449,relaxed,19,True
BULK-INV-5194-L01,BULK-INV-5194,5194,2026-04-15,130,325,Water Based,method_ii,10.0,6767B,10.0,1.465,relaxed,20,True
BULK-INV-5194-L01,BULK-INV-5194,5194,2026-04-15,130,325,Water Based,method_ii,10.0,6812B,10.0,1.476,relaxed,21,True
BULK-INV-5194-L01,BULK-INV-5194,5194,2026-04-15,130,325,Water Based,method_ii,10.0,6784B,7.0,1.546,review,22,False
BULK-INV-5194-L01,BULK-INV-5194,5194,2026-04-15,130,325,Water Based,method_ii,10.0,6782A,10.0,1.575,review,23,True
BULK-INV-5194-L01,BULK-INV-5194,5194,2026-04-15,130,325,Water Based,method_ii,10.0,6784A,10.0,1.581,review,24,True
BULK-INV-5194-L01,BULK-INV-5194,5194,2026-04-15,130,325,Water Based,method_ii,10.0,6781B,2.0,1.623,review,25,False
BULK-INV-5194-L01,BULK-INV-5194,5194,2026-04-15,130,325,Water Based,method_ii,10.0,6785A,10.0,1.688,review,26,True
BULK-INV-5194-L01,BULK-INV-5194,5194,2026-04-15,130,325,Water Based,method_ii,10.0,6826N-D,5.0,1.84,review,27,False
BULK-INV-5194-L01,BULK-INV-5194,5194,2026-04-15,130,325,Water Based,method_ii,10.0,6781A,10.0,1.929,review,28,True
BULK-INV-5194-L01,BULK-INV-5194,5194,2026-04-15,130,325,Water Based,method_ii,10.0,6812A,10.0,1.955,review,29,True
BULK-INV-5194-L01,BULK-INV-5194,5194,2026-04-15,130,325,Water Based,method_ii,10.0,6827N-A,5.0,1.965,review,30,False
BULK-INV-5194-L01,BULK-INV-5194,5194,2026-04-15,130,325,Water Based,method_ii,10.0,6770A,10.0,2.183,review,31,True
BULK-INV-5195-L01,BULK-INV-5195,5195,2026-04-16,130A,3249B,Water Based,method_ii,7.5,6802A,10.0,0.119,excellent,1,True
BULK-INV-5195-L01,BULK-INV-5195,5195,2026-04-16,130A,3249B,Water Based,method_ii,7.5,6796A,10.0,0.161,excellent,2,True
BULK-INV-5195-L01,BULK-INV-5195,5195,2026-04-16,130A,3249B,Water Based,method_ii,7.5,6801A,10.0,0.212,excellent,3,True
BULK-INV-5195-L01,BULK-INV-5195,5195,2026-04-16,130A,3249B,Water Based,method_ii,7.5,6789A,10.0,0.214,excellent,4,True
BULK-INV-5195-L01,BULK-INV-5195,5195,2026-04-16,130A,3249B,Water Based,method_ii,7.5,6822N-A,5.0,0.331,excellent,5,False
BULK-INV-5195-L01,BULK-INV-5195,5195,2026-04-16,130A,3249B,Water Based,method_ii,7.5,6797A,10.0,0.335,excellent,6,True
BULK-INV-5195-L01,BULK-INV-5195,5195,2026-04-16,130A,3249B,Water Based,method_ii,7.5,6787A,10.0,0.35,excellent,7,True
BULK-INV-5195-L01,BULK-INV-5195,5195,2026-04-16,130A,3249B,Water Based,method_ii,7.5,6802B,10.0,0.351,excellent,8,True
BULK-INV-5195-L01,BULK-INV-5195,5195,2026-04-16,130A,3249B,Water Based,method_ii,7.5,6788B,10.0,0.373,excellent,9,True
BULK-INV-5195-L01,BULK-INV-5195,5195,2026-04-16,130A,3249B,Water Based,method_ii,7.5,6796B,8.0,0.375,excellent,10,True
BULK-INV-5195-L01,BULK-INV-5195,5195,2026-04-16,130A,3249B,Water Based,method_ii,7.5,6801B,4.0,0.404,excellent,11,False
BULK-INV-5195-L01,BULK-INV-5195,5195,2026-04-16,130A,3249B,Water Based,method_ii,7.5,6788A,10.0,0.508,excellent,12,True
BULK-INV-5195-L01,BULK-INV-5195,5195,2026-04-16,130A,3249B,Water Based,method_ii,7.5,6797B,7.0,0.685,strict,13,False
BULK-INV-5195-L01,BULK-INV-5195,5195,2026-04-16,130A,3249B,Water Based,method_ii,7.5,6789B,10.0,0.76,strict,14,True
BULK-INV-5195-L01,BULK-INV-5195,5195,2026-04-16,130A,3249B,Water Based,method_ii,7.5,6787B,7.0,0.797,strict,15,False
BULK-INV-5195-L01,BULK-INV-5195,5195,2026-04-16,130A,3249B,Water Based,method_ii,7.5,6548A,4.0,0.904,strict,16,False
BULK-INV-5195-L01,BULK-INV-5195,5195,2026-04-16,130A,3249B,Water Based,method_ii,7.5,6823N-B,5.0,1.056,relaxed,17,False
BULK-INV-5195-L01,BULK-INV-5195,5195,2026-04-16,130A,3249B,Water Based,method_ii,7.5,6833A,10.0,1.074,relaxed,18,True
BULK-INV-5195-L01,BULK-INV-5195,5195,2026-04-16,130A,3249B,Water Based,method_ii,7.5,6719N-D,5.0,1.165,relaxed,19,False
BULK-INV-5195-L01,BULK-INV-5195,5195,2026-04-16,130A,3249B,Water Based,method_ii,7.5,6803B,5.0,1.196,relaxed,20,False
BULK-INV-5195-L01,BULK-INV-5195,5195,2026-04-16,130A,3249B,Water Based,method_ii,7.5,6803A,10.0,1.227,relaxed,21,True
BULK-INV-5195-L01,BULK-INV-5195,5195,2026-04-16,130A,3249B,Water Based,method_ii,7.5,6832A,10.0,1.584,review,22,True
BULK-INV-5195-L01,BULK-INV-5195,5195,2026-04-16,130A,3249B,Water Based,method_ii,7.5,6832B,6.0,1.699,review,23,False
BULK-INV-5195-L01,BULK-INV-5195,5195,2026-04-16,130A,3249B,Water Based,method_ii,7.5,6833B,10.0,2.032,review,24,True
BULK-INV-5195-L01,BULK-INV-5195,5195,2026-04-16,130A,3249B,Water Based,method_ii,7.5,6528A,10.0,2.171,review,25,True
BULK-INV-5195-L01,BULK-INV-5195,5195,2026-04-16,130A,3249B,Water Based,method_ii,7.5,6770B,10.0,2.281,review,26,True
BULK-INV-5195-L02,BULK-INV-5195,5195,2026-04-16,130A,3249B,Paint,method_i_b,2.0,6788A,10.0,0.017,excellent,1,True
BULK-INV-5195-L02,BULK-INV-5195,5195,2026-04-16,130A,3249B,Paint,method_i_b,2.0,6787B,7.0,0.07,excellent,2,True
BULK-INV-5195-L02,BULK-INV-5195,5195,2026-04-16,130A,3249B,Paint,method_i_b,2.0,6797B,7.0,0.082,excellent,3,True
BULK-INV-5195-L02,BULK-INV-5195,5195,2026-04-16,130A,3249B,Paint,method_i_b,2.0,6797A,10.0,0.09,excellent,4,True
BULK-INV-5195-L02,BULK-INV-5195,5195,2026-04-16,130A,3249B,Paint,method_i_b,2.0,6787A,10.0,0.101,excellent,5,True
BULK-INV-5195-L02,BULK-INV-5195,5195,2026-04-16,130A,3249B,Paint,method_i_b,2.0,6796B,8.0,0.197,excellent,6,True
BULK-INV-5195-L02,BULK-INV-5195,5195,2026-04-16,130A,3249B,Paint,method_i_b,2.0,6788B,10.0,0.271,excellent,7,True
BULK-INV-5195-L02,BULK-INV-5195,5195,2026-04-16,130A,3249B,Paint,method_i_b,2.0,6796A,10.0,0.331,excellent,8,True
BULK-INV-5195-L02,BULK-INV-5195,5195,2026-04-16,130A,3249B,Paint,method_i_b,2.0,6803B,5.0,0.429,excellent,9,True
BULK-INV-5195-L02,BULK-INV-5195,5195,2026-04-16,130A,3249B,Paint,method_i_b,2.0,6802A,10.0,0.526,excellent,10,True
BULK-INV-5195-L02,BULK-INV-5195,5195,2026-04-16,130A,3249B,Paint,method_i_b,2.0,6801B,4.0,0.59,excellent,11,True
BULK-INV-5195-L02,BULK-INV-5195,5195,2026-04-16,130A,3249B,Paint,method_i_b,2.0,6803A,10.0,0.611,strict,12,True
BULK-INV-5195-L02,BULK-INV-5195,5195,2026-04-16,130A,3249B,Paint,method_i_b,2.0,6822N-A,5.0,0.661,strict,13,True
BULK-INV-5195-L02,BULK-INV-5195,5195,2026-04-16,130A,3249B,Paint,method_i_b,2.0,6833B,10.0,0.708,strict,14,True
BULK-INV-5195-L02,BULK-INV-5195,5195,2026-04-16,130A,3249B,Paint,method_i_b,2.0,6833A,10.0,0.77,strict,15,True
BULK-INV-5195-L02,BULK-INV-5195,5195,2026-04-16,130A,3249B,Paint,method_i_b,2.0,6802B,10.0,0.827,strict,16,True
BULK-INV-5195-L02,BULK-INV-5195,5195,2026-04-16,130A,3249B,Paint,method_i_b,2.0,6548A,4.0,0.833,strict,17,True
BULK-INV-5195-L02,BULK-INV-5195,5195,2026-04-16,130A,3249B,Paint,method_i_b,2.0,6832B,6.0,0.897,strict,18,True
BULK-INV-5195-L02,BULK-INV-5195,5195,2026-04-16,130A,3249B,Paint,method_i_b,2.0,6789A,10.0,0.899,strict,19,True
BULK-INV-5195-L02,BULK-INV-5195,5195,2026-04-16,130A,3249B,Paint,method_i_b,2.0,6801A,10.0,0.915,strict,20,True
BULK-INV-5195-L02,BULK-INV-5195,5195,2026-04-16,130A,3249B,Paint,method_i_b,2.0,6832A,10.0,0.923,strict,21,True
BULK-INV-5195-L02,BULK-INV-5195,5195,2026-04-16,130A,3249B,Paint,method_i_b,2.0,6719N-D,5.0,0.961,strict,22,True
BULK-INV-5195-L02,BULK-INV-5195,5195,2026-04-16,130A,3249B,Paint,method_i_b,2.0,6789B,10.0,1.026,relaxed,23,True
BULK-INV-5195-L02,BULK-INV-5195,5195,2026-04-16,130A,3249B,Paint,method_i_b,2.0,6770B,10.0,1.095,relaxed,24,True
BULK-INV-5195-L02,BULK-INV-5195,5195,2026-04-16,130A,3249B,Paint,method_i_b,2.0,6528A,10.0,1.236,relaxed,25,True
BULK-INV-5195-L02,BULK-INV-5195,5195,2026-04-16,130A,3249B,Paint,method_i_b,2.0,6823N-B,5.0,1.393,relaxed,26,True
BULK-INV-5196-L01,BULK-INV-5196,5196,2026-04-17,130A,3249B,Paint,method_i_b,7.5,6788A,10.0,0.017,excellent,1,True
BULK-INV-5196-L01,BULK-INV-5196,5196,2026-04-17,130A,3249B,Paint,method_i_b,7.5,6787B,7.0,0.07,excellent,2,False
BULK-INV-5196-L01,BULK-INV-5196,5196,2026-04-17,130A,3249B,Paint,method_i_b,7.5,6797B,7.0,0.082,excellent,3,False
BULK-INV-5196-L01,BULK-INV-5196,5196,2026-04-17,130A,3249B,Paint,method_i_b,7.5,6797A,10.0,0.09,excellent,4,True
BULK-INV-5196-L01,BULK-INV-5196,5196,2026-04-17,130A,3249B,Paint,method_i_b,7.5,6787A,10.0,0.101,excellent,5,True
BULK-INV-5196-L01,BULK-INV-5196,5196,2026-04-17,130A,3249B,Paint,method_i_b,7.5,6796B,8.0,0.197,excellent,6,True
BULK-INV-5196-L01,BULK-INV-5196,5196,2026-04-17,130A,3249B,Paint,method_i_b,7.5,6788B,10.0,0.271,excellent,7,True
BULK-INV-5196-L01,BULK-INV-5196,5196,2026-04-17,130A,3249B,Paint,method_i_b,7.5,6796A,10.0,0.331,excellent,8,True
BULK-INV-5196-L01,BULK-INV-5196,5196,2026-04-17,130A,3249B,Paint,method_i_b,7.5,6803B,5.0,0.429,excellent,9,False
BULK-INV-5196-L01,BULK-INV-5196,5196,2026-04-17,130A,3249B,Paint,method_i_b,7.5,6802A,10.0,0.526,excellent,10,True
BULK-INV-5196-L01,BULK-INV-5196,5196,2026-04-17,130A,3249B,Paint,method_i_b,7.5,6801B,4.0,0.59,excellent,11,False
BULK-INV-5196-L01,BULK-INV-5196,5196,2026-04-17,130A,3249B,Paint,method_i_b,7.5,6803A,10.0,0.611,strict,12,True
BULK-INV-5196-L01,BULK-INV-5196,5196,2026-04-17,130A,3249B,Paint,method_i_b,7.5,6822N-A,5.0,0.661,strict,13,False
BULK-INV-5196-L01,BULK-INV-5196,5196,2026-04-17,130A,3249B,Paint,method_i_b,7.5,6833B,10.0,0.708,strict,14,True
BULK-INV-5196-L01,BULK-INV-5196,5196,2026-04-17,130A,3249B,Paint,method_i_b,7.5,6833A,10.0,0.77,strict,15,True
BULK-INV-5196-L01,BULK-INV-5196,5196,2026-04-17,130A,3249B,Paint,method_i_b,7.5,6802B,10.0,0.827,strict,16,True
BULK-INV-5196-L01,BULK-INV-5196,5196,2026-04-17,130A,3249B,Paint,method_i_b,7.5,6548A,4.0,0.833,strict,17,False
BULK-INV-5196-L01,BULK-INV-5196,5196,2026-04-17,130A,3249B,Paint,method_i_b,7.5,6832B,6.0,0.897,strict,18,False
BULK-INV-5196-L01,BULK-INV-5196,5196,2026-04-17,130A,3249B,Paint,method_i_b,7.5,6789A,10.0,0.899,strict,19,True
BULK-INV-5196-L01,BULK-INV-5196,5196,2026-04-17,130A,3249B,Paint,method_i_b,7.5,6801A,10.0,0.915,strict,20,True
BULK-INV-5196-L01,BULK-INV-5196,5196,2026-04-17,130A,3249B,Paint,method_i_b,7.5,6832A,10.0,0.923,strict,21,True
BULK-INV-5196-L01,BULK-INV-5196,5196,2026-04-17,130A,3249B,Paint,method_i_b,7.5,6719N-D,5.0,0.961,strict,22,False
BULK-INV-5196-L01,BULK-INV-5196,5196,2026-04-17,130A,3249B,Paint,method_i_b,7.5,6789B,10.0,1.026,relaxed,23,True
BULK-INV-5196-L01,BULK-INV-5196,5196,2026-04-17,130A,3249B,Paint,method_i_b,7.5,6770B,10.0,1.095,relaxed,24,True
BULK-INV-5196-L01,BULK-INV-5196,5196,2026-04-17,130A,3249B,Paint,method_i_b,7.5,6528A,10.0,1.236,relaxed,25,True
BULK-INV-5196-L01,BULK-INV-5196,5196,2026-04-17,130A,3249B,Paint,method_i_b,7.5,6823N-B,5.0,1.393,relaxed,26,False
BULK-INV-5197-L01,BULK-INV-5197,5197,2026-04-18,130A,3249B,Water Based,method_ii,3.5,6802A,10.0,0.119,excellent,1,True
BULK-INV-5197-L01,BULK-INV-5197,5197,2026-04-18,130A,3249B,Water Based,method_ii,3.5,6796A,10.0,0.161,excellent,2,True
BULK-INV-5197-L01,BULK-INV-5197,5197,2026-04-18,130A,3249B,Water Based,method_ii,3.5,6801A,10.0,0.212,excellent,3,True
BULK-INV-5197-L01,BULK-INV-5197,5197,2026-04-18,130A,3249B,Water Based,method_ii,3.5,6789A,10.0,0.214,excellent,4,True
BULK-INV-5197-L01,BULK-INV-5197,5197,2026-04-18,130A,3249B,Water Based,method_ii,3.5,6822N-A,5.0,0.331,excellent,5,True
BULK-INV-5197-L01,BULK-INV-5197,5197,2026-04-18,130A,3249B,Water Based,method_ii,3.5,6797A,10.0,0.335,excellent,6,True
BULK-INV-5197-L01,BULK-INV-5197,5197,2026-04-18,130A,3249B,Water Based,method_ii,3.5,6787A,10.0,0.35,excellent,7,True
BULK-INV-5197-L01,BULK-INV-5197,5197,2026-04-18,130A,3249B,Water Based,method_ii,3.5,6802B,10.0,0.351,excellent,8,True
BULK-INV-5197-L01,BULK-INV-5197,5197,2026-04-18,130A,3249B,Water Based,method_ii,3.5,6788B,10.0,0.373,excellent,9,True
BULK-INV-5197-L01,BULK-INV-5197,5197,2026-04-18,130A,3249B,Water Based,method_ii,3.5,6796B,8.0,0.375,excellent,10,True
BULK-INV-5197-L01,BULK-INV-5197,5197,2026-04-18,130A,3249B,Water Based,method_ii,3.5,6801B,4.0,0.404,excellent,11,True
BULK-INV-5197-L01,BULK-INV-5197,5197,2026-04-18,130A,3249B,Water Based,method_ii,3.5,6788A,10.0,0.508,excellent,12,True
BULK-INV-5197-L01,BULK-INV-5197,5197,2026-04-18,130A,3249B,Water Based,method_ii,3.5,6797B,7.0,0.685,strict,13,True
BULK-INV-5197-L01,BULK-INV-5197,5197,2026-04-18,130A,3249B,Water Based,method_ii,3.5,6789B,10.0,0.76,strict,14,True
BULK-INV-5197-L01,BULK-INV-5197,5197,2026-04-18,130A,3249B,Water Based,method_ii,3.5,6787B,7.0,0.797,strict,15,True
BULK-INV-5197-L01,BULK-INV-5197,5197,2026-04-18,130A,3249B,Water Based,method_ii,3.5,6548A,4.0,0.904,strict,16,True
BULK-INV-5197-L01,BULK-INV-5197,5197,2026-04-18,130A,3249B,Water Based,method_ii,3.5,6823N-B,5.0,1.056,relaxed,17,True
BULK-INV-5197-L01,BULK-INV-5197,5197,2026-04-18,130A,3249B,Water Based,method_ii,3.5,6833A,10.0,1.074,relaxed,18,True
BULK-INV-5197-L01,BULK-INV-5197,5197,2026-04-18,130A,3249B,Water Based,method_ii,3.5,6719N-D,5.0,1.165,relaxed,19,True
BULK-INV-5197-L01,BULK-INV-5197,5197,2026-04-18,130A,3249B,Water Based,method_ii,3.5,6803B,5.0,1.196,relaxed,20,True
BULK-INV-5197-L01,BULK-INV-5197,5197,2026-04-18,130A,3249B,Water Based,method_ii,3.5,6803A,10.0,1.227,relaxed,21,True
BULK-INV-5197-L01,BULK-INV-5197,5197,2026-04-18,130A,3249B,Water Based,method_ii,3.5,6832A,10.0,1.584,review,22,True
BULK-INV-5197-L01,BULK-INV-5197,5197,2026-04-18,130A,3249B,Water Based,method_ii,3.5,6832B,6.0,1.699,review,23,True
BULK-INV-5197-L01,BULK-INV-5197,5197,2026-04-18,130A,3249B,Water Based,method_ii,3.5,6833B,10.0,2.032,review,24,True
BULK-INV-5197-L01,BULK-INV-5197,5197,2026-04-18,130A,3249B,Water Based,method_ii,3.5,6528A,10.0,2.171,review,25,True
BULK-INV-5197-L01,BULK-INV-5197,5197,2026-04-18,130A,3249B,Water Based,method_ii,3.5,6770B,10.0,2.281,review,26,True
BULK-INV-5198-L01,BULK-INV-5198,5198,2026-04-19,130,325,Water Based,method_ii,20.0,6778N-B,5.0,0.292,excellent,1,False
BULK-INV-5198-L01,BULK-INV-5198,5198,2026-04-19,130,325,Water Based,method_ii,20.0,6823N-D,5.0,0.493,excellent,2,False
BULK-INV-5198-L01,BULK-INV-5198,5198,2026-04-19,130,325,Water Based,method_ii,20.0,6824N-A,5.0,0.52,excellent,3,False
BULK-INV-5198-L01,BULK-INV-5198,5198,2026-04-19,130,325,Water Based,method_ii,20.0,6823N-C,5.0,0.623,strict,4,False
BULK-INV-5198-L01,BULK-INV-5198,5198,2026-04-19,130,325,Water Based,method_ii,20.0,6823N-A,5.0,0.732,strict,5,False
BULK-INV-5198-L01,BULK-INV-5198,5198,2026-04-19,130,325,Water Based,method_ii,20.0,6822N-D,5.0,0.747,strict,6,False
BULK-INV-5198-L01,BULK-INV-5198,5198,2026-04-19,130,325,Water Based,method_ii,20.0,6828N-D,5.0,0.799,strict,7,False
BULK-INV-5198-L01,BULK-INV-5198,5198,2026-04-19,130,325,Water Based,method_ii,20.0,6563A,6.0,0.929,strict,8,False
BULK-INV-5198-L01,BULK-INV-5198,5198,2026-04-19,130,325,Water Based,method_ii,20.0,6764-B,5.0,0.941,strict,9,False
BULK-INV-5198-L01,BULK-INV-5198,5198,2026-04-19,130,325,Water Based,method_ii,20.0,6768A,5.0,0.957,strict,10,False
BULK-INV-5198-L01,BULK-INV-5198,5198,2026-04-19,130,325,Water Based,method_ii,20.0,6828N-A,5.0,0.974,strict,11,False
BULK-INV-5198-L01,BULK-INV-5198,5198,2026-04-19,130,325,Water Based,method_ii,20.0,6828N-C,5.0,1.052,relaxed,12,False
BULK-INV-5198-L01,BULK-INV-5198,5198,2026-04-19,130,325,Water Based,method_ii,20.0,6822N-C,5.0,1.066,relaxed,13,False
BULK-INV-5198-L01,BULK-INV-5198,5198,2026-04-19,130,325,Water Based,method_ii,20.0,6764-A,10.0,1.175,relaxed,14,False
BULK-INV-5198-L01,BULK-INV-5198,5198,2026-04-19,130,325,Water Based,method_ii,20.0,6127A,5.0,1.205,relaxed,15,False
BULK-INV-5198-L01,BULK-INV-5198,5198,2026-04-19,130,325,Water Based,method_ii,20.0,6767A,10.0,1.397,relaxed,16,False
BULK-INV-5198-L01,BULK-INV-5198,5198,2026-04-19,130,325,Water Based,method_ii,20.0,6566A,6.0,1.422,relaxed,17,False
BULK-INV-5198-L01,BULK-INV-5198,5198,2026-04-19,130,325,Water Based,method_ii,20.0,6566A,5.0,1.422,relaxed,18,False
BULK-INV-5198-L01,BULK-INV-5198,5198,2026-04-19,130,325,Water Based,method_ii,20.0,6785B,10.0,1.449,relaxed,19,False
BULK-INV-5198-L01,BULK-INV-5198,5198,2026-04-19,130,325,Water Based,method_ii,20.0,6767B,10.0,1.465,relaxed,20,False
BULK-INV-5198-L01,BULK-INV-5198,5198,2026-04-19,130,325,Water Based,method_ii,20.0,6812B,10.0,1.476,relaxed,21,False
BULK-INV-5198-L01,BULK-INV-5198,5198,2026-04-19,130,325,Water Based,method_ii,20.0,6784B,7.0,1.546,review,22,False
BULK-INV-5198-L01,BULK-INV-5198,5198,2026-04-19,130,325,Water Based,method_ii,20.0,6782A,10.0,1.575,review,23,False
BULK-INV-5198-L01,BULK-INV-5198,5198,2026-04-19,130,325,Water Based,method_ii,20.0,6784A,10.0,1.581,review,24,False
BULK-INV-5198-L01,BULK-INV-5198,5198,2026-04-19,130,325,Water Based,method_ii,20.0,6781B,2.0,1.623,review,25,False
BULK-INV-5198-L01,BULK-INV-5198,5198,2026-04-19,130,325,Water Based,method_ii,20.0,6785A,10.0,1.688,review,26,False
BULK-INV-5198-L01,BULK-INV-5198,5198,2026-04-19,130,325,Water Based,method_ii,20.0,6826N-D,5.0,1.84,review,27,False
BULK-INV-5198-L01,BULK-INV-5198,5198,2026-04-19,130,325,Water Based,method_ii,20.0,6781A,10.0,1.929,review,28,False
BULK-INV-5198-L01,BULK-INV-5198,5198,2026-04-19,130,325,Water Based,method_ii,20.0,6812A,10.0,1.955,review,29,False
BULK-INV-5198-L01,BULK-INV-5198,5198,2026-04-19,130,325,Water Based,method_ii,20.0,6827N-A,5.0,1.965,review,30,False
BULK-INV-5198-L01,BULK-INV-5198,5198,2026-04-19,130,325,Water Based,method_ii,20.0,6770A,10.0,2.183,review,31,False
BULK-INV-5199-L01,BULK-INV-5199,5199,2026-04-20,130A,3249B,Paint,method_i_b,3.0,6788A,10.0,0.017,excellent,1,True
BULK-INV-5199-L01,BULK-INV-5199,5199,2026-04-20,130A,3249B,Paint,method_i_b,3.0,6787B,7.0,0.07,excellent,2,True
BULK-INV-5199-L01,BULK-INV-5199,5199,2026-04-20,130A,3249B,Paint,method_i_b,3.0,6797B,7.0,0.082,excellent,3,True
BULK-INV-5199-L01,BULK-INV-5199,5199,2026-04-20,130A,3249B,Paint,method_i_b,3.0,6797A,10.0,0.09,excellent,4,True
BULK-INV-5199-L01,BULK-INV-5199,5199,2026-04-20,130A,3249B,Paint,method_i_b,3.0,6787A,10.0,0.101,excellent,5,True
BULK-INV-5199-L01,BULK-INV-5199,5199,2026-04-20,130A,3249B,Paint,method_i_b,3.0,6796B,8.0,0.197,excellent,6,True
BULK-INV-5199-L01,BULK-INV-5199,5199,2026-04-20,130A,3249B,Paint,method_i_b,3.0,6788B,10.0,0.271,excellent,7,True
BULK-INV-5199-L01,BULK-INV-5199,5199,2026-04-20,130A,3249B,Paint,method_i_b,3.0,6796A,10.0,0.331,excellent,8,True
BULK-INV-5199-L01,BULK-INV-5199,5199,2026-04-20,130A,3249B,Paint,method_i_b,3.0,6803B,5.0,0.429,excellent,9,True
BULK-INV-5199-L01,BULK-INV-5199,5199,2026-04-20,130A,3249B,Paint,method_i_b,3.0,6802A,10.0,0.526,excellent,10,True
BULK-INV-5199-L01,BULK-INV-5199,5199,2026-04-20,130A,3249B,Paint,method_i_b,3.0,6801B,4.0,0.59,excellent,11,True
BULK-INV-5199-L01,BULK-INV-5199,5199,2026-04-20,130A,3249B,Paint,method_i_b,3.0,6803A,10.0,0.611,strict,12,True
BULK-INV-5199-L01,BULK-INV-5199,5199,2026-04-20,130A,3249B,Paint,method_i_b,3.0,6822N-A,5.0,0.661,strict,13,True
BULK-INV-5199-L01,BULK-INV-5199,5199,2026-04-20,130A,3249B,Paint,method_i_b,3.0,6833B,10.0,0.708,strict,14,True
BULK-INV-5199-L01,BULK-INV-5199,5199,2026-04-20,130A,3249B,Paint,method_i_b,3.0,6833A,10.0,0.77,strict,15,True
BULK-INV-5199-L01,BULK-INV-5199,5199,2026-04-20,130A,3249B,Paint,method_i_b,3.0,6802B,10.0,0.827,strict,16,True
BULK-INV-5199-L01,BULK-INV-5199,5199,2026-04-20,130A,3249B,Paint,method_i_b,3.0,6548A,4.0,0.833,strict,17,True
BULK-INV-5199-L01,BULK-INV-5199,5199,2026-04-20,130A,3249B,Paint,method_i_b,3.0,6832B,6.0,0.897,strict,18,True
BULK-INV-5199-L01,BULK-INV-5199,5199,2026-04-20,130A,3249B,Paint,method_i_b,3.0,6789A,10.0,0.899,strict,19,True
BULK-INV-5199-L01,BULK-INV-5199,5199,2026-04-20,130A,3249B,Paint,method_i_b,3.0,6801A,10.0,0.915,strict,20,True
BULK-INV-5199-L01,BULK-INV-5199,5199,2026-04-20,130A,3249B,Paint,method_i_b,3.0,6832A,10.0,0.923,strict,21,True
BULK-INV-5199-L01,BULK-INV-5199,5199,2026-04-20,130A,3249B,Paint,method_i_b,3.0,6719N-D,5.0,0.961,strict,22,True
BULK-INV-5199-L01,BULK-INV-5199,5199,2026-04-20,130A,3249B,Paint,method_i_b,3.0,6789B,10.0,1.026,relaxed,23,True
BULK-INV-5199-L01,BULK-INV-5199,5199,2026-04-20,130A,3249B,Paint,method_i_b,3.0,6770B,10.0,1.095,relaxed,24,True
BULK-INV-5199-L01,BULK-INV-5199,5199,2026-04-20,130A,3249B,Paint,method_i_b,3.0,6528A,10.0,1.236,relaxed,25,True
BULK-INV-5199-L01,BULK-INV-5199,5199,2026-04-20,130A,3249B,Paint,method_i_b,3.0,6823N-B,5.0,1.393,relaxed,26,True
BULK-INV-5201-L01,BULK-INV-5201,5201,2026-04-22,130A,3249B,Paint,method_i_b,2.5,6788A,10.0,0.017,excellent,1,True
BULK-INV-5201-L01,BULK-INV-5201,5201,2026-04-22,130A,3249B,Paint,method_i_b,2.5,6787B,7.0,0.07,excellent,2,True
BULK-INV-5201-L01,BULK-INV-5201,5201,2026-04-22,130A,3249B,Paint,method_i_b,2.5,6797B,7.0,0.082,excellent,3,True
BULK-INV-5201-L01,BULK-INV-5201,5201,2026-04-22,130A,3249B,Paint,method_i_b,2.5,6797A,10.0,0.09,excellent,4,True
BULK-INV-5201-L01,BULK-INV-5201,5201,2026-04-22,130A,3249B,Paint,method_i_b,2.5,6787A,10.0,0.101,excellent,5,True
BULK-INV-5201-L01,BULK-INV-5201,5201,2026-04-22,130A,3249B,Paint,method_i_b,2.5,6796B,8.0,0.197,excellent,6,True
BULK-INV-5201-L01,BULK-INV-5201,5201,2026-04-22,130A,3249B,Paint,method_i_b,2.5,6788B,10.0,0.271,excellent,7,True
BULK-INV-5201-L01,BULK-INV-5201,5201,2026-04-22,130A,3249B,Paint,method_i_b,2.5,6796A,10.0,0.331,excellent,8,True
BULK-INV-5201-L01,BULK-INV-5201,5201,2026-04-22,130A,3249B,Paint,method_i_b,2.5,6803B,5.0,0.429,excellent,9,True
BULK-INV-5201-L01,BULK-INV-5201,5201,2026-04-22,130A,3249B,Paint,method_i_b,2.5,6802A,10.0,0.526,excellent,10,True
BULK-INV-5201-L01,BULK-INV-5201,5201,2026-04-22,130A,3249B,Paint,method_i_b,2.5,6801B,4.0,0.59,excellent,11,True
BULK-INV-5201-L01,BULK-INV-5201,5201,2026-04-22,130A,3249B,Paint,method_i_b,2.5,6803A,10.0,0.611,strict,12,True
BULK-INV-5201-L01,BULK-INV-5201,5201,2026-04-22,130A,3249B,Paint,method_i_b,2.5,6822N-A,5.0,0.661,strict,13,True
BULK-INV-5201-L01,BULK-INV-5201,5201,2026-04-22,130A,3249B,Paint,method_i_b,2.5,6833B,10.0,0.708,strict,14,True
BULK-INV-5201-L01,BULK-INV-5201,5201,2026-04-22,130A,3249B,Paint,method_i_b,2.5,6833A,10.0,0.77,strict,15,True
BULK-INV-5201-L01,BULK-INV-5201,5201,2026-04-22,130A,3249B,Paint,method_i_b,2.5,6802B,10.0,0.827,strict,16,True
BULK-INV-5201-L01,BULK-INV-5201,5201,2026-04-22,130A,3249B,Paint,method_i_b,2.5,6548A,4.0,0.833,strict,17,True
BULK-INV-5201-L01,BULK-INV-5201,5201,2026-04-22,130A,3249B,Paint,method_i_b,2.5,6832B,6.0,0.897,strict,18,True
BULK-INV-5201-L01,BULK-INV-5201,5201,2026-04-22,130A,3249B,Paint,method_i_b,2.5,6789A,10.0,0.899,strict,19,True
BULK-INV-5201-L01,BULK-INV-5201,5201,2026-04-22,130A,3249B,Paint,method_i_b,2.5,6801A,10.0,0.915,strict,20,True
BULK-INV-5201-L01,BULK-INV-5201,5201,2026-04-22,130A,3249B,Paint,method_i_b,2.5,6832A,10.0,0.923,strict,21,True
BULK-INV-5201-L01,BULK-INV-5201,5201,2026-04-22,130A,3249B,Paint,method_i_b,2.5,6719N-D,5.0,0.961,strict,22,True
BULK-INV-5201-L01,BULK-INV-5201,5201,2026-04-22,130A,3249B,Paint,method_i_b,2.5,6789B,10.0,1.026,relaxed,23,True
BULK-INV-5201-L01,BULK-INV-5201,5201,2026-04-22,130A,3249B,Paint,method_i_b,2.5,6770B,10.0,1.095,relaxed,24,True
BULK-INV-5201-L01,BULK-INV-5201,5201,2026-04-22,130A,3249B,Paint,method_i_b,2.5,6528A,10.0,1.236,relaxed,25,True
BULK-INV-5201-L01,BULK-INV-5201,5201,2026-04-22,130A,3249B,Paint,method_i_b,2.5,6823N-B,5.0,1.393,relaxed,26,True
BULK-INV-5202-L01,BULK-INV-5202,5202,2026-04-23,130A,3249B,Paint,method_i_b,0.5,6788A,10.0,0.017,excellent,1,True
BULK-INV-5202-L01,BULK-INV-5202,5202,2026-04-23,130A,3249B,Paint,method_i_b,0.5,6787B,7.0,0.07,excellent,2,True
BULK-INV-5202-L01,BULK-INV-5202,5202,2026-04-23,130A,3249B,Paint,method_i_b,0.5,6797B,7.0,0.082,excellent,3,True
BULK-INV-5202-L01,BULK-INV-5202,5202,2026-04-23,130A,3249B,Paint,method_i_b,0.5,6797A,10.0,0.09,excellent,4,True
BULK-INV-5202-L01,BULK-INV-5202,5202,2026-04-23,130A,3249B,Paint,method_i_b,0.5,6787A,10.0,0.101,excellent,5,True
BULK-INV-5202-L01,BULK-INV-5202,5202,2026-04-23,130A,3249B,Paint,method_i_b,0.5,6796B,8.0,0.197,excellent,6,True
BULK-INV-5202-L01,BULK-INV-5202,5202,2026-04-23,130A,3249B,Paint,method_i_b,0.5,6788B,10.0,0.271,excellent,7,True
BULK-INV-5202-L01,BULK-INV-5202,5202,2026-04-23,130A,3249B,Paint,method_i_b,0.5,6796A,10.0,0.331,excellent,8,True
BULK-INV-5202-L01,BULK-INV-5202,5202,2026-04-23,130A,3249B,Paint,method_i_b,0.5,6803B,5.0,0.429,excellent,9,True
BULK-INV-5202-L01,BULK-INV-5202,5202,2026-04-23,130A,3249B,Paint,method_i_b,0.5,6802A,10.0,0.526,excellent,10,True
BULK-INV-5202-L01,BULK-INV-5202,5202,2026-04-23,130A,3249B,Paint,method_i_b,0.5,6801B,4.0,0.59,excellent,11,True
BULK-INV-5202-L01,BULK-INV-5202,5202,2026-04-23,130A,3249B,Paint,method_i_b,0.5,6803A,10.0,0.611,strict,12,True
BULK-INV-5202-L01,BULK-INV-5202,5202,2026-04-23,130A,3249B,Paint,method_i_b,0.5,6822N-A,5.0,0.661,strict,13,True
BULK-INV-5202-L01,BULK-INV-5202,5202,2026-04-23,130A,3249B,Paint,method_i_b,0.5,6833B,10.0,0.708,strict,14,True
BULK-INV-5202-L01,BULK-INV-5202,5202,2026-04-23,130A,3249B,Paint,method_i_b,0.5,6833A,10.0,0.77,strict,15,True
BULK-INV-5202-L01,BULK-INV-5202,5202,2026-04-23,130A,3249B,Paint,method_i_b,0.5,6802B,10.0,0.827,strict,16,True
BULK-INV-5202-L01,BULK-INV-5202,5202,2026-04-23,130A,3249B,Paint,method_i_b,0.5,6548A,4.0,0.833,strict,17,True
BULK-INV-5202-L01,BULK-INV-5202,5202,2026-04-23,130A,3249B,Paint,method_i_b,0.5,6832B,6.0,0.897,strict,18,True
BULK-INV-5202-L01,BULK-INV-5202,5202,2026-04-23,130A,3249B,Paint,method_i_b,0.5,6789A,10.0,0.899,strict,19,True
BULK-INV-5202-L01,BULK-INV-5202,5202,2026-04-23,130A,3249B,Paint,method_i_b,0.5,6801A,10.0,0.915,strict,20,True
BULK-INV-5202-L01,BULK-INV-5202,5202,2026-04-23,130A,3249B,Paint,method_i_b,0.5,6832A,10.0,0.923,strict,21,True
BULK-INV-5202-L01,BULK-INV-5202,5202,2026-04-23,130A,3249B,Paint,method_i_b,0.5,6719N-D,5.0,0.961,strict,22,True
BULK-INV-5202-L01,BULK-INV-5202,5202,2026-04-23,130A,3249B,Paint,method_i_b,0.5,6789B,10.0,1.026,relaxed,23,True
BULK-INV-5202-L01,BULK-INV-5202,5202,2026-04-23,130A,3249B,Paint,method_i_b,0.5,6770B,10.0,1.095,relaxed,24,True
BULK-INV-5202-L01,BULK-INV-5202,5202,2026-04-23,130A,3249B,Paint,method_i_b,0.5,6528A,10.0,1.236,relaxed,25,True
BULK-INV-5202-L01,BULK-INV-5202,5202,2026-04-23,130A,3249B,Paint,method_i_b,0.5,6823N-B,5.0,1.393,relaxed,26,True
BULK-INV-5202-L02,BULK-INV-5202,5202,2026-04-23,130A,3249B,Water Based,method_ii,2.0,6802A,10.0,0.119,excellent,1,True
BULK-INV-5202-L02,BULK-INV-5202,5202,2026-04-23,130A,3249B,Water Based,method_ii,2.0,6796A,10.0,0.161,excellent,2,True
BULK-INV-5202-L02,BULK-INV-5202,5202,2026-04-23,130A,3249B,Water Based,method_ii,2.0,6801A,10.0,0.212,excellent,3,True
BULK-INV-5202-L02,BULK-INV-5202,5202,2026-04-23,130A,3249B,Water Based,method_ii,2.0,6789A,10.0,0.214,excellent,4,True
BULK-INV-5202-L02,BULK-INV-5202,5202,2026-04-23,130A,3249B,Water Based,method_ii,2.0,6822N-A,5.0,0.331,excellent,5,True
BULK-INV-5202-L02,BULK-INV-5202,5202,2026-04-23,130A,3249B,Water Based,method_ii,2.0,6797A,10.0,0.335,excellent,6,True
BULK-INV-5202-L02,BULK-INV-5202,5202,2026-04-23,130A,3249B,Water Based,method_ii,2.0,6787A,10.0,0.35,excellent,7,True
BULK-INV-5202-L02,BULK-INV-5202,5202,2026-04-23,130A,3249B,Water Based,method_ii,2.0,6802B,10.0,0.351,excellent,8,True
BULK-INV-5202-L02,BULK-INV-5202,5202,2026-04-23,130A,3249B,Water Based,method_ii,2.0,6788B,10.0,0.373,excellent,9,True
BULK-INV-5202-L02,BULK-INV-5202,5202,2026-04-23,130A,3249B,Water Based,method_ii,2.0,6796B,8.0,0.375,excellent,10,True
BULK-INV-5202-L02,BULK-INV-5202,5202,2026-04-23,130A,3249B,Water Based,method_ii,2.0,6801B,4.0,0.404,excellent,11,True
BULK-INV-5202-L02,BULK-INV-5202,5202,2026-04-23,130A,3249B,Water Based,method_ii,2.0,6788A,10.0,0.508,excellent,12,True
BULK-INV-5202-L02,BULK-INV-5202,5202,2026-04-23,130A,3249B,Water Based,method_ii,2.0,6797B,7.0,0.685,strict,13,True
BULK-INV-5202-L02,BULK-INV-5202,5202,2026-04-23,130A,3249B,Water Based,method_ii,2.0,6789B,10.0,0.76,strict,14,True
BULK-INV-5202-L02,BULK-INV-5202,5202,2026-04-23,130A,3249B,Water Based,method_ii,2.0,6787B,7.0,0.797,strict,15,True
BULK-INV-5202-L02,BULK-INV-5202,5202,2026-04-23,130A,3249B,Water Based,method_ii,2.0,6548A,4.0,0.904,strict,16,True
BULK-INV-5202-L02,BULK-INV-5202,5202,2026-04-23,130A,3249B,Water Based,method_ii,2.0,6823N-B,5.0,1.056,relaxed,17,True
BULK-INV-5202-L02,BULK-INV-5202,5202,2026-04-23,130A,3249B,Water Based,method_ii,2.0,6833A,10.0,1.074,relaxed,18,True
BULK-INV-5202-L02,BULK-INV-5202,5202,2026-04-23,130A,3249B,Water Based,method_ii,2.0,6719N-D,5.0,1.165,relaxed,19,True
BULK-INV-5202-L02,BULK-INV-5202,5202,2026-04-23,130A,3249B,Water Based,method_ii,2.0,6803B,5.0,1.196,relaxed,20,True
BULK-INV-5202-L02,BULK-INV-5202,5202,2026-04-23,130A,3249B,Water Based,method_ii,2.0,6803A,10.0,1.227,relaxed,21,True
BULK-INV-5202-L02,BULK-INV-5202,5202,2026-04-23,130A,3249B,Water Based,method_ii,2.0,6832A,10.0,1.584,review,22,True
BULK-INV-5202-L02,BULK-INV-5202,5202,2026-04-23,130A,3249B,Water Based,method_ii,2.0,6832B,6.0,1.699,review,23,True
BULK-INV-5202-L02,BULK-INV-5202,5202,2026-04-23,130A,3249B,Water Based,method_ii,2.0,6833B,10.0,2.032,review,24,True
BULK-INV-5202-L02,BULK-INV-5202,5202,2026-04-23,130A,3249B,Water Based,method_ii,2.0,6528A,10.0,2.171,review,25,True
BULK-INV-5202-L02,BULK-INV-5202,5202,2026-04-23,130A,3249B,Water Based,method_ii,2.0,6770B,10.0,2.281,review,26,True
BULK-INV-5203-L01,BULK-INV-5203,5203,2026-04-24,130A,3249B,Water Based,method_ii,25.0,6802A,10.0,0.119,excellent,1,False
BULK-INV-5203-L01,BULK-INV-5203,5203,2026-04-24,130A,3249B,Water Based,method_ii,25.0,6796A,10.0,0.161,excellent,2,False
BULK-INV-5203-L01,BULK-INV-5203,5203,2026-04-24,130A,3249B,Water Based,method_ii,25.0,6801A,10.0,0.212,excellent,3,False
BULK-INV-5203-L01,BULK-INV-5203,5203,2026-04-24,130A,3249B,Water Based,method_ii,25.0,6789A,10.0,0.214,excellent,4,False
BULK-INV-5203-L01,BULK-INV-5203,5203,2026-04-24,130A,3249B,Water Based,method_ii,25.0,6822N-A,5.0,0.331,excellent,5,False
BULK-INV-5203-L01,BULK-INV-5203,5203,2026-04-24,130A,3249B,Water Based,method_ii,25.0,6797A,10.0,0.335,excellent,6,False
BULK-INV-5203-L01,BULK-INV-5203,5203,2026-04-24,130A,3249B,Water Based,method_ii,25.0,6787A,10.0,0.35,excellent,7,False
BULK-INV-5203-L01,BULK-INV-5203,5203,2026-04-24,130A,3249B,Water Based,method_ii,25.0,6802B,10.0,0.351,excellent,8,False
BULK-INV-5203-L01,BULK-INV-5203,5203,2026-04-24,130A,3249B,Water Based,method_ii,25.0,6788B,10.0,0.373,excellent,9,False
BULK-INV-5203-L01,BULK-INV-5203,5203,2026-04-24,130A,3249B,Water Based,method_ii,25.0,6796B,8.0,0.375,excellent,10,False
BULK-INV-5203-L01,BULK-INV-5203,5203,2026-04-24,130A,3249B,Water Based,method_ii,25.0,6801B,4.0,0.404,excellent,11,False
BULK-INV-5203-L01,BULK-INV-5203,5203,2026-04-24,130A,3249B,Water Based,method_ii,25.0,6788A,10.0,0.508,excellent,12,False
BULK-INV-5203-L01,BULK-INV-5203,5203,2026-04-24,130A,3249B,Water Based,method_ii,25.0,6797B,7.0,0.685,strict,13,False
BULK-INV-5203-L01,BULK-INV-5203,5203,2026-04-24,130A,3249B,Water Based,method_ii,25.0,6789B,10.0,0.76,strict,14,False
BULK-INV-5203-L01,BULK-INV-5203,5203,2026-04-24,130A,3249B,Water Based,method_ii,25.0,6787B,7.0,0.797,strict,15,False
BULK-INV-5203-L01,BULK-INV-5203,5203,2026-04-24,130A,3249B,Water Based,method_ii,25.0,6548A,4.0,0.904,strict,16,False
BULK-INV-5203-L01,BULK-INV-5203,5203,2026-04-24,130A,3249B,Water Based,method_ii,25.0,6823N-B,5.0,1.056,relaxed,17,False
BULK-INV-5203-L01,BULK-INV-5203,5203,2026-04-24,130A,3249B,Water Based,method_ii,25.0,6833A,10.0,1.074,relaxed,18,False
BULK-INV-5203-L01,BULK-INV-5203,5203,2026-04-24,130A,3249B,Water Based,method_ii,25.0,6719N-D,5.0,1.165,relaxed,19,False
BULK-INV-5203-L01,BULK-INV-5203,5203,2026-04-24,130A,3249B,Water Based,method_ii,25.0,6803B,5.0,1.196,relaxed,20,False
BULK-INV-5203-L01,BULK-INV-5203,5203,2026-04-24,130A,3249B,Water Based,method_ii,25.0,6803A,10.0,1.227,relaxed,21,False
BULK-INV-5203-L01,BULK-INV-5203,5203,2026-04-24,130A,3249B,Water Based,method_ii,25.0,6832A,10.0,1.584,review,22,False
BULK-INV-5203-L01,BULK-INV-5203,5203,2026-04-24,130A,3249B,Water Based,method_ii,25.0,6832B,6.0,1.699,review,23,False
BULK-INV-5203-L01,BULK-INV-5203,5203,2026-04-24,130A,3249B,Water Based,method_ii,25.0,6833B,10.0,2.032,review,24,False
BULK-INV-5203-L01,BULK-INV-5203,5203,2026-04-24,130A,3249B,Water Based,method_ii,25.0,6528A,10.0,2.171,review,25,False
BULK-INV-5203-L01,BULK-INV-5203,5203,2026-04-24,130A,3249B,Water Based,method_ii,25.0,6770B,10.0,2.281,review,26,False
BULK-INV-5204-L01,BULK-INV-5204,5204,2026-04-25,130A,3249B,Paint,method_i_b,1.5,6788A,10.0,0.017,excellent,1,True
BULK-INV-5204-L01,BULK-INV-5204,5204,2026-04-25,130A,3249B,Paint,method_i_b,1.5,6787B,7.0,0.07,excellent,2,True
BULK-INV-5204-L01,BULK-INV-5204,5204,2026-04-25,130A,3249B,Paint,method_i_b,1.5,6797B,7.0,0.082,excellent,3,True
BULK-INV-5204-L01,BULK-INV-5204,5204,2026-04-25,130A,3249B,Paint,method_i_b,1.5,6797A,10.0,0.09,excellent,4,True
BULK-INV-5204-L01,BULK-INV-5204,5204,2026-04-25,130A,3249B,Paint,method_i_b,1.5,6787A,10.0,0.101,excellent,5,True
BULK-INV-5204-L01,BULK-INV-5204,5204,2026-04-25,130A,3249B,Paint,method_i_b,1.5,6796B,8.0,0.197,excellent,6,True
BULK-INV-5204-L01,BULK-INV-5204,5204,2026-04-25,130A,3249B,Paint,method_i_b,1.5,6788B,10.0,0.271,excellent,7,True
BULK-INV-5204-L01,BULK-INV-5204,5204,2026-04-25,130A,3249B,Paint,method_i_b,1.5,6796A,10.0,0.331,excellent,8,True
BULK-INV-5204-L01,BULK-INV-5204,5204,2026-04-25,130A,3249B,Paint,method_i_b,1.5,6803B,5.0,0.429,excellent,9,True
BULK-INV-5204-L01,BULK-INV-5204,5204,2026-04-25,130A,3249B,Paint,method_i_b,1.5,6802A,10.0,0.526,excellent,10,True
BULK-INV-5204-L01,BULK-INV-5204,5204,2026-04-25,130A,3249B,Paint,method_i_b,1.5,6801B,4.0,0.59,excellent,11,True
BULK-INV-5204-L01,BULK-INV-5204,5204,2026-04-25,130A,3249B,Paint,method_i_b,1.5,6803A,10.0,0.611,strict,12,True
BULK-INV-5204-L01,BULK-INV-5204,5204,2026-04-25,130A,3249B,Paint,method_i_b,1.5,6822N-A,5.0,0.661,strict,13,True
BULK-INV-5204-L01,BULK-INV-5204,5204,2026-04-25,130A,3249B,Paint,method_i_b,1.5,6833B,10.0,0.708,strict,14,True
BULK-INV-5204-L01,BULK-INV-5204,5204,2026-04-25,130A,3249B,Paint,method_i_b,1.5,6833A,10.0,0.77,strict,15,True
BULK-INV-5204-L01,BULK-INV-5204,5204,2026-04-25,130A,3249B,Paint,method_i_b,1.5,6802B,10.0,0.827,strict,16,True
BULK-INV-5204-L01,BULK-INV-5204,5204,2026-04-25,130A,3249B,Paint,method_i_b,1.5,6548A,4.0,0.833,strict,17,True
BULK-INV-5204-L01,BULK-INV-5204,5204,2026-04-25,130A,3249B,Paint,method_i_b,1.5,6832B,6.0,0.897,strict,18,True
BULK-INV-5204-L01,BULK-INV-5204,5204,2026-04-25,130A,3249B,Paint,method_i_b,1.5,6789A,10.0,0.899,strict,19,True
BULK-INV-5204-L01,BULK-INV-5204,5204,2026-04-25,130A,3249B,Paint,method_i_b,1.5,6801A,10.0,0.915,strict,20,True
BULK-INV-5204-L01,BULK-INV-5204,5204,2026-04-25,130A,3249B,Paint,method_i_b,1.5,6832A,10.0,0.923,strict,21,True
BULK-INV-5204-L01,BULK-INV-5204,5204,2026-04-25,130A,3249B,Paint,method_i_b,1.5,6719N-D,5.0,0.961,strict,22,True
BULK-INV-5204-L01,BULK-INV-5204,5204,2026-04-25,130A,3249B,Paint,method_i_b,1.5,6789B,10.0,1.026,relaxed,23,True
BULK-INV-5204-L01,BULK-INV-5204,5204,2026-04-25,130A,3249B,Paint,method_i_b,1.5,6770B,10.0,1.095,relaxed,24,True
BULK-INV-5204-L01,BULK-INV-5204,5204,2026-04-25,130A,3249B,Paint,method_i_b,1.5,6528A,10.0,1.236,relaxed,25,True
BULK-INV-5204-L01,BULK-INV-5204,5204,2026-04-25,130A,3249B,Paint,method_i_b,1.5,6823N-B,5.0,1.393,relaxed,26,True
BULK-INV-5205-L01,BULK-INV-5205,5205,2026-04-26,130,325,Water Based,method_ii,5.0,6778N-B,5.0,0.292,excellent,1,True
BULK-INV-5205-L01,BULK-INV-5205,5205,2026-04-26,130,325,Water Based,method_ii,5.0,6823N-D,5.0,0.493,excellent,2,True
BULK-INV-5205-L01,BULK-INV-5205,5205,2026-04-26,130,325,Water Based,method_ii,5.0,6824N-A,5.0,0.52,excellent,3,True
BULK-INV-5205-L01,BULK-INV-5205,5205,2026-04-26,130,325,Water Based,method_ii,5.0,6823N-C,5.0,0.623,strict,4,True
BULK-INV-5205-L01,BULK-INV-5205,5205,2026-04-26,130,325,Water Based,method_ii,5.0,6823N-A,5.0,0.732,strict,5,True
BULK-INV-5205-L01,BULK-INV-5205,5205,2026-04-26,130,325,Water Based,method_ii,5.0,6822N-D,5.0,0.747,strict,6,True
BULK-INV-5205-L01,BULK-INV-5205,5205,2026-04-26,130,325,Water Based,method_ii,5.0,6828N-D,5.0,0.799,strict,7,True
BULK-INV-5205-L01,BULK-INV-5205,5205,2026-04-26,130,325,Water Based,method_ii,5.0,6563A,6.0,0.929,strict,8,True
BULK-INV-5205-L01,BULK-INV-5205,5205,2026-04-26,130,325,Water Based,method_ii,5.0,6764-B,5.0,0.941,strict,9,True
BULK-INV-5205-L01,BULK-INV-5205,5205,2026-04-26,130,325,Water Based,method_ii,5.0,6768A,5.0,0.957,strict,10,True
BULK-INV-5205-L01,BULK-INV-5205,5205,2026-04-26,130,325,Water Based,method_ii,5.0,6828N-A,5.0,0.974,strict,11,True
BULK-INV-5205-L01,BULK-INV-5205,5205,2026-04-26,130,325,Water Based,method_ii,5.0,6828N-C,5.0,1.052,relaxed,12,True
BULK-INV-5205-L01,BULK-INV-5205,5205,2026-04-26,130,325,Water Based,method_ii,5.0,6822N-C,5.0,1.066,relaxed,13,True
BULK-INV-5205-L01,BULK-INV-5205,5205,2026-04-26,130,325,Water Based,method_ii,5.0,6764-A,10.0,1.175,relaxed,14,True
BULK-INV-5205-L01,BULK-INV-5205,5205,2026-04-26,130,325,Water Based,method_ii,5.0,6127A,5.0,1.205,relaxed,15,True
BULK-INV-5205-L01,BULK-INV-5205,5205,2026-04-26,130,325,Water Based,method_ii,5.0,6767A,10.0,1.397,relaxed,16,True
BULK-INV-5205-L01,BULK-INV-5205,5205,2026-04-26,130,325,Water Based,method_ii,5.0,6566A,6.0,1.422,relaxed,17,True
BULK-INV-5205-L01,BULK-INV-5205,5205,2026-04-26,130,325,Water Based,method_ii,5.0,6566A,5.0,1.422,relaxed,18,True
BULK-INV-5205-L01,BULK-INV-5205,5205,2026-04-26,130,325,Water Based,method_ii,5.0,6785B,10.0,1.449,relaxed,19,True
BULK-INV-5205-L01,BULK-INV-5205,5205,2026-04-26,130,325,Water Based,method_ii,5.0,6767B,10.0,1.465,relaxed,20,True
BULK-INV-5205-L01,BULK-INV-5205,5205,2026-04-26,130,325,Water Based,method_ii,5.0,6812B,10.0,1.476,relaxed,21,True
BULK-INV-5205-L01,BULK-INV-5205,5205,2026-04-26,130,325,Water Based,method_ii,5.0,6784B,7.0,1.546,review,22,True
BULK-INV-5205-L01,BULK-INV-5205,5205,2026-04-26,130,325,Water Based,method_ii,5.0,6782A,10.0,1.575,review,23,True
BULK-INV-5205-L01,BULK-INV-5205,5205,2026-04-26,130,325,Water Based,method_ii,5.0,6784A,10.0,1.581,review,24,True
BULK-INV-5205-L01,BULK-INV-5205,5205,2026-04-26,130,325,Water Based,method_ii,5.0,6781B,2.0,1.623,review,25,False
BULK-INV-5205-L01,BULK-INV-5205,5205,2026-04-26,130,325,Water Based,method_ii,5.0,6785A,10.0,1.688,review,26,True
BULK-INV-5205-L01,BULK-INV-5205,5205,2026-04-26,130,325,Water Based,method_ii,5.0,6826N-D,5.0,1.84,review,27,True
BULK-INV-5205-L01,BULK-INV-5205,5205,2026-04-26,130,325,Water Based,method_ii,5.0,6781A,10.0,1.929,review,28,True
BULK-INV-5205-L01,BULK-INV-5205,5205,2026-04-26,130,325,Water Based,method_ii,5.0,6812A,10.0,1.955,review,29,True
BULK-INV-5205-L01,BULK-INV-5205,5205,2026-04-26,130,325,Water Based,method_ii,5.0,6827N-A,5.0,1.965,review,30,True
BULK-INV-5205-L01,BULK-INV-5205,5205,2026-04-26,130,325,Water Based,method_ii,5.0,6770A,10.0,2.183,review,31,True
BULK-INV-5206-L01,BULK-INV-5206,5206,2026-04-27,130A,3249B,Water Based,method_ii,1.25,6802A,10.0,0.119,excellent,1,True
BULK-INV-5206-L01,BULK-INV-5206,5206,2026-04-27,130A,3249B,Water Based,method_ii,1.25,6796A,10.0,0.161,excellent,2,True
BULK-INV-5206-L01,BULK-INV-5206,5206,2026-04-27,130A,3249B,Water Based,method_ii,1.25,6801A,10.0,0.212,excellent,3,True
BULK-INV-5206-L01,BULK-INV-5206,5206,2026-04-27,130A,3249B,Water Based,method_ii,1.25,6789A,10.0,0.214,excellent,4,True
BULK-INV-5206-L01,BULK-INV-5206,5206,2026-04-27,130A,3249B,Water Based,method_ii,1.25,6822N-A,5.0,0.331,excellent,5,True
BULK-INV-5206-L01,BULK-INV-5206,5206,2026-04-27,130A,3249B,Water Based,method_ii,1.25,6797A,10.0,0.335,excellent,6,True
BULK-INV-5206-L01,BULK-INV-5206,5206,2026-04-27,130A,3249B,Water Based,method_ii,1.25,6787A,10.0,0.35,excellent,7,True
BULK-INV-5206-L01,BULK-INV-5206,5206,2026-04-27,130A,3249B,Water Based,method_ii,1.25,6802B,10.0,0.351,excellent,8,True
BULK-INV-5206-L01,BULK-INV-5206,5206,2026-04-27,130A,3249B,Water Based,method_ii,1.25,6788B,10.0,0.373,excellent,9,True
BULK-INV-5206-L01,BULK-INV-5206,5206,2026-04-27,130A,3249B,Water Based,method_ii,1.25,6796B,8.0,0.375,excellent,10,True
BULK-INV-5206-L01,BULK-INV-5206,5206,2026-04-27,130A,3249B,Water Based,method_ii,1.25,6801B,4.0,0.404,excellent,11,True
BULK-INV-5206-L01,BULK-INV-5206,5206,2026-04-27,130A,3249B,Water Based,method_ii,1.25,6788A,10.0,0.508,excellent,12,True
BULK-INV-5206-L01,BULK-INV-5206,5206,2026-04-27,130A,3249B,Water Based,method_ii,1.25,6797B,7.0,0.685,strict,13,True
BULK-INV-5206-L01,BULK-INV-5206,5206,2026-04-27,130A,3249B,Water Based,method_ii,1.25,6789B,10.0,0.76,strict,14,True
BULK-INV-5206-L01,BULK-INV-5206,5206,2026-04-27,130A,3249B,Water Based,method_ii,1.25,6787B,7.0,0.797,strict,15,True
BULK-INV-5206-L01,BULK-INV-5206,5206,2026-04-27,130A,3249B,Water Based,method_ii,1.25,6548A,4.0,0.904,strict,16,True
BULK-INV-5206-L01,BULK-INV-5206,5206,2026-04-27,130A,3249B,Water Based,method_ii,1.25,6823N-B,5.0,1.056,relaxed,17,True
BULK-INV-5206-L01,BULK-INV-5206,5206,2026-04-27,130A,3249B,Water Based,method_ii,1.25,6833A,10.0,1.074,relaxed,18,True
BULK-INV-5206-L01,BULK-INV-5206,5206,2026-04-27,130A,3249B,Water Based,method_ii,1.25,6719N-D,5.0,1.165,relaxed,19,True
BULK-INV-5206-L01,BULK-INV-5206,5206,2026-04-27,130A,3249B,Water Based,method_ii,1.25,6803B,5.0,1.196,relaxed,20,True
BULK-INV-5206-L01,BULK-INV-5206,5206,2026-04-27,130A,3249B,Water Based,method_ii,1.25,6803A,10.0,1.227,relaxed,21,True
BULK-INV-5206-L01,BULK-INV-5206,5206,2026-04-27,130A,3249B,Water Based,method_ii,1.25,6832A,10.0,1.584,review,22,True
BULK-INV-5206-L01,BULK-INV-5206,5206,2026-04-27,130A,3249B,Water Based,method_ii,1.25,6832B,6.0,1.699,review,23,True
BULK-INV-5206-L01,BULK-INV-5206,5206,2026-04-27,130A,3249B,Water Based,method_ii,1.25,6833B,10.0,2.032,review,24,True
BULK-INV-5206-L01,BULK-INV-5206,5206,2026-04-27,130A,3249B,Water Based,method_ii,1.25,6528A,10.0,2.171,review,25,True
BULK-INV-5206-L01,BULK-INV-5206,5206,2026-04-27,130A,3249B,Water Based,method_ii,1.25,6770B,10.0,2.281,review,26,True
BULK-INV-5206-L02,BULK-INV-5206,5206,2026-04-27,130,325,Paint,method_i_b,2.5,6764-B,5.0,0.13,excellent,1,True
BULK-INV-5206-L02,BULK-INV-5206,5206,2026-04-27,130,325,Paint,method_i_b,2.5,6767A,10.0,0.269,excellent,2,True
BULK-INV-5206-L02,BULK-INV-5206,5206,2026-04-27,130,325,Paint,method_i_b,2.5,6823N-C,5.0,0.269,excellent,3,True
BULK-INV-5206-L02,BULK-INV-5206,5206,2026-04-27,130,325,Paint,method_i_b,2.5,6768A,5.0,0.284,excellent,4,True
BULK-INV-5206-L02,BULK-INV-5206,5206,2026-04-27,130,325,Paint,method_i_b,2.5,6764-A,10.0,0.297,excellent,5,True
BULK-INV-5206-L02,BULK-INV-5206,5206,2026-04-27,130,325,Paint,method_i_b,2.5,6782A,10.0,0.297,excellent,6,True
BULK-INV-5206-L02,BULK-INV-5206,5206,2026-04-27,130,325,Paint,method_i_b,2.5,6781A,10.0,0.309,excellent,7,True
BULK-INV-5206-L02,BULK-INV-5206,5206,2026-04-27,130,325,Paint,method_i_b,2.5,6781B,2.0,0.311,excellent,8,False
BULK-INV-5206-L02,BULK-INV-5206,5206,2026-04-27,130,325,Paint,method_i_b,2.5,6785A,10.0,0.323,excellent,9,True
BULK-INV-5206-L02,BULK-INV-5206,5206,2026-04-27,130,325,Paint,method_i_b,2.5,6823N-D,5.0,0.342,excellent,10,True
BULK-INV-5206-L02,BULK-INV-5206,5206,2026-04-27,130,325,Paint,method_i_b,2.5,6824N-A,5.0,0.363,excellent,11,True
BULK-INV-5206-L02,BULK-INV-5206,5206,2026-04-27,130,325,Paint,method_i_b,2.5,6822N-C,5.0,0.369,excellent,12,True
BULK-INV-5206-L02,BULK-INV-5206,5206,2026-04-27,130,325,Paint,method_i_b,2.5,6767B,10.0,0.371,excellent,13,True
BULK-INV-5206-L02,BULK-INV-5206,5206,2026-04-27,130,325,Paint,method_i_b,2.5,6828N-A,5.0,0.371,excellent,14,True
BULK-INV-5206-L02,BULK-INV-5206,5206,2026-04-27,130,325,Paint,method_i_b,2.5,6770A,10.0,0.387,excellent,15,True
BULK-INV-5206-L02,BULK-INV-5206,5206,2026-04-27,130,325,Paint,method_i_b,2.5,6784B,7.0,0.396,excellent,16,True
BULK-INV-5206-L02,BULK-INV-5206,5206,2026-04-27,130,325,Paint,method_i_b,2.5,6784A,10.0,0.415,excellent,17,True
BULK-INV-5206-L02,BULK-INV-5206,5206,2026-04-27,130,325,Paint,method_i_b,2.5,6828N-D,5.0,0.446,excellent,18,True
BULK-INV-5206-L02,BULK-INV-5206,5206,2026-04-27,130,325,Paint,method_i_b,2.5,6785B,10.0,0.453,excellent,19,True
BULK-INV-5206-L02,BULK-INV-5206,5206,2026-04-27,130,325,Paint,method_i_b,2.5,6563A,6.0,0.54,excellent,20,True
BULK-INV-5206-L02,BULK-INV-5206,5206,2026-04-27,130,325,Paint,method_i_b,2.5,6822N-D,5.0,0.559,excellent,21,True
BULK-INV-5206-L02,BULK-INV-5206,5206,2026-04-27,130,325,Paint,method_i_b,2.5,6823N-A,5.0,0.602,strict,22,True
BULK-INV-5206-L02,BULK-INV-5206,5206,2026-04-27,130,325,Paint,method_i_b,2.5,6127A,5.0,0.633,strict,23,True
BULK-INV-5206-L02,BULK-INV-5206,5206,2026-04-27,130,325,Paint,method_i_b,2.5,6828N-C,5.0,0.661,strict,24,True
BULK-INV-5206-L02,BULK-INV-5206,5206,2026-04-27,130,325,Paint,method_i_b,2.5,6812B,10.0,0.72,strict,25,True
BULK-INV-5206-L02,BULK-INV-5206,5206,2026-04-27,130,325,Paint,method_i_b,2.5,6812A,10.0,0.836,strict,26,True
BULK-INV-5206-L02,BULK-INV-5206,5206,2026-04-27,130,325,Paint,method_i_b,2.5,6566A,6.0,0.872,strict,27,True
BULK-INV-5206-L02,BULK-INV-5206,5206,2026-04-27,130,325,Paint,method_i_b,2.5,6566A,5.0,0.872,strict,28,True
BULK-INV-5206-L02,BULK-INV-5206,5206,2026-04-27,130,325,Paint,method_i_b,2.5,6778N-B,5.0,1.01,relaxed,29,True
BULK-INV-5206-L02,BULK-INV-5206,5206,2026-04-27,130,325,Paint,method_i_b,2.5,6826N-D,5.0,1.094,relaxed,30,True
BULK-INV-5206-L02,BULK-INV-5206,5206,2026-04-27,130,325,Paint,method_i_b,2.5,6827N-A,5.0,1.231,relaxed,31,True
BULK-INV-5207-L01,BULK-INV-5207,5207,2026-04-28,130A,3249B,Paint,method_i_b,2.0,6788A,10.0,0.017,excellent,1,True
BULK-INV-5207-L01,BULK-INV-5207,5207,2026-04-28,130A,3249B,Paint,method_i_b,2.0,6787B,7.0,0.07,excellent,2,True
BULK-INV-5207-L01,BULK-INV-5207,5207,2026-04-28,130A,3249B,Paint,method_i_b,2.0,6797B,7.0,0.082,excellent,3,True
BULK-INV-5207-L01,BULK-INV-5207,5207,2026-04-28,130A,3249B,Paint,method_i_b,2.0,6797A,10.0,0.09,excellent,4,True
BULK-INV-5207-L01,BULK-INV-5207,5207,2026-04-28,130A,3249B,Paint,method_i_b,2.0,6787A,10.0,0.101,excellent,5,True
BULK-INV-5207-L01,BULK-INV-5207,5207,2026-04-28,130A,3249B,Paint,method_i_b,2.0,6796B,8.0,0.197,excellent,6,True
BULK-INV-5207-L01,BULK-INV-5207,5207,2026-04-28,130A,3249B,Paint,method_i_b,2.0,6788B,10.0,0.271,excellent,7,True
BULK-INV-5207-L01,BULK-INV-5207,5207,2026-04-28,130A,3249B,Paint,method_i_b,2.0,6796A,10.0,0.331,excellent,8,True
BULK-INV-5207-L01,BULK-INV-5207,5207,2026-04-28,130A,3249B,Paint,method_i_b,2.0,6803B,5.0,0.429,excellent,9,True
BULK-INV-5207-L01,BULK-INV-5207,5207,2026-04-28,130A,3249B,Paint,method_i_b,2.0,6802A,10.0,0.526,excellent,10,True
BULK-INV-5207-L01,BULK-INV-5207,5207,2026-04-28,130A,3249B,Paint,method_i_b,2.0,6801B,4.0,0.59,excellent,11,True
BULK-INV-5207-L01,BULK-INV-5207,5207,2026-04-28,130A,3249B,Paint,method_i_b,2.0,6803A,10.0,0.611,strict,12,True
BULK-INV-5207-L01,BULK-INV-5207,5207,2026-04-28,130A,3249B,Paint,method_i_b,2.0,6822N-A,5.0,0.661,strict,13,True
BULK-INV-5207-L01,BULK-INV-5207,5207,2026-04-28,130A,3249B,Paint,method_i_b,2.0,6833B,10.0,0.708,strict,14,True
BULK-INV-5207-L01,BULK-INV-5207,5207,2026-04-28,130A,3249B,Paint,method_i_b,2.0,6833A,10.0,0.77,strict,15,True
BULK-INV-5207-L01,BULK-INV-5207,5207,2026-04-28,130A,3249B,Paint,method_i_b,2.0,6802B,10.0,0.827,strict,16,True
BULK-INV-5207-L01,BULK-INV-5207,5207,2026-04-28,130A,3249B,Paint,method_i_b,2.0,6548A,4.0,0.833,strict,17,True
BULK-INV-5207-L01,BULK-INV-5207,5207,2026-04-28,130A,3249B,Paint,method_i_b,2.0,6832B,6.0,0.897,strict,18,True
BULK-INV-5207-L01,BULK-INV-5207,5207,2026-04-28,130A,3249B,Paint,method_i_b,2.0,6789A,10.0,0.899,strict,19,True
BULK-INV-5207-L01,BULK-INV-5207,5207,2026-04-28,130A,3249B,Paint,method_i_b,2.0,6801A,10.0,0.915,strict,20,True
BULK-INV-5207-L01,BULK-INV-5207,5207,2026-04-28,130A,3249B,Paint,method_i_b,2.0,6832A,10.0,0.923,strict,21,True
BULK-INV-5207-L01,BULK-INV-5207,5207,2026-04-28,130A,3249B,Paint,method_i_b,2.0,6719N-D,5.0,0.961,strict,22,True
BULK-INV-5207-L01,BULK-INV-5207,5207,2026-04-28,130A,3249B,Paint,method_i_b,2.0,6789B,10.0,1.026,relaxed,23,True
BULK-INV-5207-L01,BULK-INV-5207,5207,2026-04-28,130A,3249B,Paint,method_i_b,2.0,6770B,10.0,1.095,relaxed,24,True
BULK-INV-5207-L01,BULK-INV-5207,5207,2026-04-28,130A,3249B,Paint,method_i_b,2.0,6528A,10.0,1.236,relaxed,25,True
BULK-INV-5207-L01,BULK-INV-5207,5207,2026-04-28,130A,3249B,Paint,method_i_b,2.0,6823N-B,5.0,1.393,relaxed,26,True
BULK-INV-5208-L01,BULK-INV-5208,5208,2026-04-29,130,325,Water Based,method_ii,1.0,6778N-B,5.0,0.292,excellent,1,True
BULK-INV-5208-L01,BULK-INV-5208,5208,2026-04-29,130,325,Water Based,method_ii,1.0,6823N-D,5.0,0.493,excellent,2,True
BULK-INV-5208-L01,BULK-INV-5208,5208,2026-04-29,130,325,Water Based,method_ii,1.0,6824N-A,5.0,0.52,excellent,3,True
BULK-INV-5208-L01,BULK-INV-5208,5208,2026-04-29,130,325,Water Based,method_ii,1.0,6823N-C,5.0,0.623,strict,4,True
BULK-INV-5208-L01,BULK-INV-5208,5208,2026-04-29,130,325,Water Based,method_ii,1.0,6823N-A,5.0,0.732,strict,5,True
BULK-INV-5208-L01,BULK-INV-5208,5208,2026-04-29,130,325,Water Based,method_ii,1.0,6822N-D,5.0,0.747,strict,6,True
BULK-INV-5208-L01,BULK-INV-5208,5208,2026-04-29,130,325,Water Based,method_ii,1.0,6828N-D,5.0,0.799,strict,7,True
BULK-INV-5208-L01,BULK-INV-5208,5208,2026-04-29,130,325,Water Based,method_ii,1.0,6563A,6.0,0.929,strict,8,True
BULK-INV-5208-L01,BULK-INV-5208,5208,2026-04-29,130,325,Water Based,method_ii,1.0,6764-B,5.0,0.941,strict,9,True
BULK-INV-5208-L01,BULK-INV-5208,5208,2026-04-29,130,325,Water Based,method_ii,1.0,6768A,5.0,0.957,strict,10,True
BULK-INV-5208-L01,BULK-INV-5208,5208,2026-04-29,130,325,Water Based,method_ii,1.0,6828N-A,5.0,0.974,strict,11,True
BULK-INV-5208-L01,BULK-INV-5208,5208,2026-04-29,130,325,Water Based,method_ii,1.0,6828N-C,5.0,1.052,relaxed,12,True
BULK-INV-5208-L01,BULK-INV-5208,5208,2026-04-29,130,325,Water Based,method_ii,1.0,6822N-C,5.0,1.066,relaxed,13,True
BULK-INV-5208-L01,BULK-INV-5208,5208,2026-04-29,130,325,Water Based,method_ii,1.0,6764-A,10.0,1.175,relaxed,14,True
BULK-INV-5208-L01,BULK-INV-5208,5208,2026-04-29,130,325,Water Based,method_ii,1.0,6127A,5.0,1.205,relaxed,15,True
BULK-INV-5208-L01,BULK-INV-5208,5208,2026-04-29,130,325,Water Based,method_ii,1.0,6767A,10.0,1.397,relaxed,16,True
BULK-INV-5208-L01,BULK-INV-5208,5208,2026-04-29,130,325,Water Based,method_ii,1.0,6566A,6.0,1.422,relaxed,17,True
BULK-INV-5208-L01,BULK-INV-5208,5208,2026-04-29,130,325,Water Based,method_ii,1.0,6566A,5.0,1.422,relaxed,18,True
BULK-INV-5208-L01,BULK-INV-5208,5208,2026-04-29,130,325,Water Based,method_ii,1.0,6785B,10.0,1.449,relaxed,19,True
BULK-INV-5208-L01,BULK-INV-5208,5208,2026-04-29,130,325,Water Based,method_ii,1.0,6767B,10.0,1.465,relaxed,20,True
BULK-INV-5208-L01,BULK-INV-5208,5208,2026-04-29,130,325,Water Based,method_ii,1.0,6812B,10.0,1.476,relaxed,21,True
BULK-INV-5208-L01,BULK-INV-5208,5208,2026-04-29,130,325,Water Based,method_ii,1.0,6784B,7.0,1.546,review,22,True
BULK-INV-5208-L01,BULK-INV-5208,5208,2026-04-29,130,325,Water Based,method_ii,1.0,6782A,10.0,1.575,review,23,True
BULK-INV-5208-L01,BULK-INV-5208,5208,2026-04-29,130,325,Water Based,method_ii,1.0,6784A,10.0,1.581,review,24,True
BULK-INV-5208-L01,BULK-INV-5208,5208,2026-04-29,130,325,Water Based,method_ii,1.0,6781B,2.0,1.623,review,25,True
BULK-INV-5208-L01,BULK-INV-5208,5208,2026-04-29,130,325,Water Based,method_ii,1.0,6785A,10.0,1.688,review,26,True
BULK-INV-5208-L01,BULK-INV-5208,5208,2026-04-29,130,325,Water Based,method_ii,1.0,6826N-D,5.0,1.84,review,27,True
BULK-INV-5208-L01,BULK-INV-5208,5208,2026-04-29,130,325,Water Based,method_ii,1.0,6781A,10.0,1.929,review,28,True
BULK-INV-5208-L01,BULK-INV-5208,5208,2026-04-29,130,325,Water Based,method_ii,1.0,6812A,10.0,1.955,review,29,True
BULK-INV-5208-L01,BULK-INV-5208,5208,2026-04-29,130,325,Water Based,method_ii,1.0,6827N-A,5.0,1.965,review,30,True
BULK-INV-5208-L01,BULK-INV-5208,5208,2026-04-29,130,325,Water Based,method_ii,1.0,6770A,10.0,2.183,review,31,True
BULK-INV-5208-L02,BULK-INV-5208,5208,2026-04-29,130A,3249B,Paint,method_i_b,2.0,6788A,10.0,0.017,excellent,1,True
BULK-INV-5208-L02,BULK-INV-5208,5208,2026-04-29,130A,3249B,Paint,method_i_b,2.0,6787B,7.0,0.07,excellent,2,True
BULK-INV-5208-L02,BULK-INV-5208,5208,2026-04-29,130A,3249B,Paint,method_i_b,2.0,6797B,7.0,0.082,excellent,3,True
BULK-INV-5208-L02,BULK-INV-5208,5208,2026-04-29,130A,3249B,Paint,method_i_b,2.0,6797A,10.0,0.09,excellent,4,True
BULK-INV-5208-L02,BULK-INV-5208,5208,2026-04-29,130A,3249B,Paint,method_i_b,2.0,6787A,10.0,0.101,excellent,5,True
BULK-INV-5208-L02,BULK-INV-5208,5208,2026-04-29,130A,3249B,Paint,method_i_b,2.0,6796B,8.0,0.197,excellent,6,True
BULK-INV-5208-L02,BULK-INV-5208,5208,2026-04-29,130A,3249B,Paint,method_i_b,2.0,6788B,10.0,0.271,excellent,7,True
BULK-INV-5208-L02,BULK-INV-5208,5208,2026-04-29,130A,3249B,Paint,method_i_b,2.0,6796A,10.0,0.331,excellent,8,True
BULK-INV-5208-L02,BULK-INV-5208,5208,2026-04-29,130A,3249B,Paint,method_i_b,2.0,6803B,5.0,0.429,excellent,9,True
BULK-INV-5208-L02,BULK-INV-5208,5208,2026-04-29,130A,3249B,Paint,method_i_b,2.0,6802A,10.0,0.526,excellent,10,True
BULK-INV-5208-L02,BULK-INV-5208,5208,2026-04-29,130A,3249B,Paint,method_i_b,2.0,6801B,4.0,0.59,excellent,11,True
BULK-INV-5208-L02,BULK-INV-5208,5208,2026-04-29,130A,3249B,Paint,method_i_b,2.0,6803A,10.0,0.611,strict,12,True
BULK-INV-5208-L02,BULK-INV-5208,5208,2026-04-29,130A,3249B,Paint,method_i_b,2.0,6822N-A,5.0,0.661,strict,13,True
BULK-INV-5208-L02,BULK-INV-5208,5208,2026-04-29,130A,3249B,Paint,method_i_b,2.0,6833B,10.0,0.708,strict,14,True
BULK-INV-5208-L02,BULK-INV-5208,5208,2026-04-29,130A,3249B,Paint,method_i_b,2.0,6833A,10.0,0.77,strict,15,True
BULK-INV-5208-L02,BULK-INV-5208,5208,2026-04-29,130A,3249B,Paint,method_i_b,2.0,6802B,10.0,0.827,strict,16,True
BULK-INV-5208-L02,BULK-INV-5208,5208,2026-04-29,130A,3249B,Paint,method_i_b,2.0,6548A,4.0,0.833,strict,17,True
BULK-INV-5208-L02,BULK-INV-5208,5208,2026-04-29,130A,3249B,Paint,method_i_b,2.0,6832B,6.0,0.897,strict,18,True
BULK-INV-5208-L02,BULK-INV-5208,5208,2026-04-29,130A,3249B,Paint,method_i_b,2.0,6789A,10.0,0.899,strict,19,True
BULK-INV-5208-L02,BULK-INV-5208,5208,2026-04-29,130A,3249B,Paint,method_i_b,2.0,6801A,10.0,0.915,strict,20,True
BULK-INV-5208-L02,BULK-INV-5208,5208,2026-04-29,130A,3249B,Paint,method_i_b,2.0,6832A,10.0,0.923,strict,21,True
BULK-INV-5208-L02,BULK-INV-5208,5208,2026-04-29,130A,3249B,Paint,method_i_b,2.0,6719N-D,5.0,0.961,strict,22,True
BULK-INV-5208-L02,BULK-INV-5208,5208,2026-04-29,130A,3249B,Paint,method_i_b,2.0,6789B,10.0,1.026,relaxed,23,True
BULK-INV-5208-L02,BULK-INV-5208,5208,2026-04-29,130A,3249B,Paint,method_i_b,2.0,6770B,10.0,1.095,relaxed,24,True
BULK-INV-5208-L02,BULK-INV-5208,5208,2026-04-29,130A,3249B,Paint,method_i_b,2.0,6528A,10.0,1.236,relaxed,25,True
BULK-INV-5208-L02,BULK-INV-5208,5208,2026-04-29,130A,3249B,Paint,method_i_b,2.0,6823N-B,5.0,1.393,relaxed,26,True
BULK-INV-5209-L01,BULK-INV-5209,5209,2026-04-30,130A,3249B,Water Based,method_ii,2.5,6802A,10.0,0.119,excellent,1,True
BULK-INV-5209-L01,BULK-INV-5209,5209,2026-04-30,130A,3249B,Water Based,method_ii,2.5,6796A,10.0,0.161,excellent,2,True
BULK-INV-5209-L01,BULK-INV-5209,5209,2026-04-30,130A,3249B,Water Based,method_ii,2.5,6801A,10.0,0.212,excellent,3,True
BULK-INV-5209-L01,BULK-INV-5209,5209,2026-04-30,130A,3249B,Water Based,method_ii,2.5,6789A,10.0,0.214,excellent,4,True
BULK-INV-5209-L01,BULK-INV-5209,5209,2026-04-30,130A,3249B,Water Based,method_ii,2.5,6822N-A,5.0,0.331,excellent,5,True
BULK-INV-5209-L01,BULK-INV-5209,5209,2026-04-30,130A,3249B,Water Based,method_ii,2.5,6797A,10.0,0.335,excellent,6,True
BULK-INV-5209-L01,BULK-INV-5209,5209,2026-04-30,130A,3249B,Water Based,method_ii,2.5,6787A,10.0,0.35,excellent,7,True
BULK-INV-5209-L01,BULK-INV-5209,5209,2026-04-30,130A,3249B,Water Based,method_ii,2.5,6802B,10.0,0.351,excellent,8,True
BULK-INV-5209-L01,BULK-INV-5209,5209,2026-04-30,130A,3249B,Water Based,method_ii,2.5,6788B,10.0,0.373,excellent,9,True
BULK-INV-5209-L01,BULK-INV-5209,5209,2026-04-30,130A,3249B,Water Based,method_ii,2.5,6796B,8.0,0.375,excellent,10,True
BULK-INV-5209-L01,BULK-INV-5209,5209,2026-04-30,130A,3249B,Water Based,method_ii,2.5,6801B,4.0,0.404,excellent,11,True
BULK-INV-5209-L01,BULK-INV-5209,5209,2026-04-30,130A,3249B,Water Based,method_ii,2.5,6788A,10.0,0.508,excellent,12,True
BULK-INV-5209-L01,BULK-INV-5209,5209,2026-04-30,130A,3249B,Water Based,method_ii,2.5,6797B,7.0,0.685,strict,13,True
BULK-INV-5209-L01,BULK-INV-5209,5209,2026-04-30,130A,3249B,Water Based,method_ii,2.5,6789B,10.0,0.76,strict,14,True
BULK-INV-5209-L01,BULK-INV-5209,5209,2026-04-30,130A,3249B,Water Based,method_ii,2.5,6787B,7.0,0.797,strict,15,True
BULK-INV-5209-L01,BULK-INV-5209,5209,2026-04-30,130A,3249B,Water Based,method_ii,2.5,6548A,4.0,0.904,strict,16,True
BULK-INV-5209-L01,BULK-INV-5209,5209,2026-04-30,130A,3249B,Water Based,method_ii,2.5,6823N-B,5.0,1.056,relaxed,17,True
BULK-INV-5209-L01,BULK-INV-5209,5209,2026-04-30,130A,3249B,Water Based,method_ii,2.5,6833A,10.0,1.074,relaxed,18,True
BULK-INV-5209-L01,BULK-INV-5209,5209,2026-04-30,130A,3249B,Water Based,method_ii,2.5,6719N-D,5.0,1.165,relaxed,19,True
BULK-INV-5209-L01,BULK-INV-5209,5209,2026-04-30,130A,3249B,Water Based,method_ii,2.5,6803B,5.0,1.196,relaxed,20,True
BULK-INV-5209-L01,BULK-INV-5209,5209,2026-04-30,130A,3249B,Water Based,method_ii,2.5,6803A,10.0,1.227,relaxed,21,True
BULK-INV-5209-L01,BULK-INV-5209,5209,2026-04-30,130A,3249B,Water Based,method_ii,2.5,6832A,10.0,1.584,review,22,True
BULK-INV-5209-L01,BULK-INV-5209,5209,2026-04-30,130A,3249B,Water Based,method_ii,2.5,6832B,6.0,1.699,review,23,True
BULK-INV-5209-L01,BULK-INV-5209,5209,2026-04-30,130A,3249B,Water Based,method_ii,2.5,6833B,10.0,2.032,review,24,True
BULK-INV-5209-L01,BULK-INV-5209,5209,2026-04-30,130A,3249B,Water Based,method_ii,2.5,6528A,10.0,2.171,review,25,True
BULK-INV-5209-L01,BULK-INV-5209,5209,2026-04-30,130A,3249B,Water Based,method_ii,2.5,6770B,10.0,2.281,review,26,True
BULK-INV-5210-L01,BULK-INV-5210,5210,2026-05-01,130A,3249B,Paint,method_i_b,6.0,6788A,10.0,0.017,excellent,1,True
BULK-INV-5210-L01,BULK-INV-5210,5210,2026-05-01,130A,3249B,Paint,method_i_b,6.0,6787B,7.0,0.07,excellent,2,True
BULK-INV-5210-L01,BULK-INV-5210,5210,2026-05-01,130A,3249B,Paint,method_i_b,6.0,6797B,7.0,0.082,excellent,3,True
BULK-INV-5210-L01,BULK-INV-5210,5210,2026-05-01,130A,3249B,Paint,method_i_b,6.0,6797A,10.0,0.09,excellent,4,True
BULK-INV-5210-L01,BULK-INV-5210,5210,2026-05-01,130A,3249B,Paint,method_i_b,6.0,6787A,10.0,0.101,excellent,5,True
BULK-INV-5210-L01,BULK-INV-5210,5210,2026-05-01,130A,3249B,Paint,method_i_b,6.0,6796B,8.0,0.197,excellent,6,True
BULK-INV-5210-L01,BULK-INV-5210,5210,2026-05-01,130A,3249B,Paint,method_i_b,6.0,6788B,10.0,0.271,excellent,7,True
BULK-INV-5210-L01,BULK-INV-5210,5210,2026-05-01,130A,3249B,Paint,method_i_b,6.0,6796A,10.0,0.331,excellent,8,True
BULK-INV-5210-L01,BULK-INV-5210,5210,2026-05-01,130A,3249B,Paint,method_i_b,6.0,6803B,5.0,0.429,excellent,9,False
BULK-INV-5210-L01,BULK-INV-5210,5210,2026-05-01,130A,3249B,Paint,method_i_b,6.0,6802A,10.0,0.526,excellent,10,True
BULK-INV-5210-L01,BULK-INV-5210,5210,2026-05-01,130A,3249B,Paint,method_i_b,6.0,6801B,4.0,0.59,excellent,11,False
BULK-INV-5210-L01,BULK-INV-5210,5210,2026-05-01,130A,3249B,Paint,method_i_b,6.0,6803A,10.0,0.611,strict,12,True
BULK-INV-5210-L01,BULK-INV-5210,5210,2026-05-01,130A,3249B,Paint,method_i_b,6.0,6822N-A,5.0,0.661,strict,13,False
BULK-INV-5210-L01,BULK-INV-5210,5210,2026-05-01,130A,3249B,Paint,method_i_b,6.0,6833B,10.0,0.708,strict,14,True
BULK-INV-5210-L01,BULK-INV-5210,5210,2026-05-01,130A,3249B,Paint,method_i_b,6.0,6833A,10.0,0.77,strict,15,True
BULK-INV-5210-L01,BULK-INV-5210,5210,2026-05-01,130A,3249B,Paint,method_i_b,6.0,6802B,10.0,0.827,strict,16,True
BULK-INV-5210-L01,BULK-INV-5210,5210,2026-05-01,130A,3249B,Paint,method_i_b,6.0,6548A,4.0,0.833,strict,17,False
BULK-INV-5210-L01,BULK-INV-5210,5210,2026-05-01,130A,3249B,Paint,method_i_b,6.0,6832B,6.0,0.897,strict,18,True
BULK-INV-5210-L01,BULK-INV-5210,5210,2026-05-01,130A,3249B,Paint,method_i_b,6.0,6789A,10.0,0.899,strict,19,True
BULK-INV-5210-L01,BULK-INV-5210,5210,2026-05-01,130A,3249B,Paint,method_i_b,6.0,6801A,10.0,0.915,strict,20,True
BULK-INV-5210-L01,BULK-INV-5210,5210,2026-05-01,130A,3249B,Paint,method_i_b,6.0,6832A,10.0,0.923,strict,21,True
BULK-INV-5210-L01,BULK-INV-5210,5210,2026-05-01,130A,3249B,Paint,method_i_b,6.0,6719N-D,5.0,0.961,strict,22,False
BULK-INV-5210-L01,BULK-INV-5210,5210,2026-05-01,130A,3249B,Paint,method_i_b,6.0,6789B,10.0,1.026,relaxed,23,True
BULK-INV-5210-L01,BULK-INV-5210,5210,2026-05-01,130A,3249B,Paint,method_i_b,6.0,6770B,10.0,1.095,relaxed,24,True
BULK-INV-5210-L01,BULK-INV-5210,5210,2026-05-01,130A,3249B,Paint,method_i_b,6.0,6528A,10.0,1.236,relaxed,25,True
BULK-INV-5210-L01,BULK-INV-5210,5210,2026-05-01,130A,3249B,Paint,method_i_b,6.0,6823N-B,5.0,1.393,relaxed,26,False
BULK-INV-5211-L01,BULK-INV-5211,5211,2026-05-02,130,325,Water Based,method_ii,5.0,6778N-B,5.0,0.292,excellent,1,True
BULK-INV-5211-L01,BULK-INV-5211,5211,2026-05-02,130,325,Water Based,method_ii,5.0,6823N-D,5.0,0.493,excellent,2,True
BULK-INV-5211-L01,BULK-INV-5211,5211,2026-05-02,130,325,Water Based,method_ii,5.0,6824N-A,5.0,0.52,excellent,3,True
BULK-INV-5211-L01,BULK-INV-5211,5211,2026-05-02,130,325,Water Based,method_ii,5.0,6823N-C,5.0,0.623,strict,4,True
BULK-INV-5211-L01,BULK-INV-5211,5211,2026-05-02,130,325,Water Based,method_ii,5.0,6823N-A,5.0,0.732,strict,5,True
BULK-INV-5211-L01,BULK-INV-5211,5211,2026-05-02,130,325,Water Based,method_ii,5.0,6822N-D,5.0,0.747,strict,6,True
BULK-INV-5211-L01,BULK-INV-5211,5211,2026-05-02,130,325,Water Based,method_ii,5.0,6828N-D,5.0,0.799,strict,7,True
BULK-INV-5211-L01,BULK-INV-5211,5211,2026-05-02,130,325,Water Based,method_ii,5.0,6563A,6.0,0.929,strict,8,True
BULK-INV-5211-L01,BULK-INV-5211,5211,2026-05-02,130,325,Water Based,method_ii,5.0,6764-B,5.0,0.941,strict,9,True
BULK-INV-5211-L01,BULK-INV-5211,5211,2026-05-02,130,325,Water Based,method_ii,5.0,6768A,5.0,0.957,strict,10,True
BULK-INV-5211-L01,BULK-INV-5211,5211,2026-05-02,130,325,Water Based,method_ii,5.0,6828N-A,5.0,0.974,strict,11,True
BULK-INV-5211-L01,BULK-INV-5211,5211,2026-05-02,130,325,Water Based,method_ii,5.0,6828N-C,5.0,1.052,relaxed,12,True
BULK-INV-5211-L01,BULK-INV-5211,5211,2026-05-02,130,325,Water Based,method_ii,5.0,6822N-C,5.0,1.066,relaxed,13,True
BULK-INV-5211-L01,BULK-INV-5211,5211,2026-05-02,130,325,Water Based,method_ii,5.0,6764-A,10.0,1.175,relaxed,14,True
BULK-INV-5211-L01,BULK-INV-5211,5211,2026-05-02,130,325,Water Based,method_ii,5.0,6127A,5.0,1.205,relaxed,15,True
BULK-INV-5211-L01,BULK-INV-5211,5211,2026-05-02,130,325,Water Based,method_ii,5.0,6767A,10.0,1.397,relaxed,16,True
BULK-INV-5211-L01,BULK-INV-5211,5211,2026-05-02,130,325,Water Based,method_ii,5.0,6566A,6.0,1.422,relaxed,17,True
BULK-INV-5211-L01,BULK-INV-5211,5211,2026-05-02,130,325,Water Based,method_ii,5.0,6566A,5.0,1.422,relaxed,18,True
BULK-INV-5211-L01,BULK-INV-5211,5211,2026-05-02,130,325,Water Based,method_ii,5.0,6785B,10.0,1.449,relaxed,19,True
BULK-INV-5211-L01,BULK-INV-5211,5211,2026-05-02,130,325,Water Based,method_ii,5.0,6767B,10.0,1.465,relaxed,20,True
BULK-INV-5211-L01,BULK-INV-5211,5211,2026-05-02,130,325,Water Based,method_ii,5.0,6812B,10.0,1.476,relaxed,21,True
BULK-INV-5211-L01,BULK-INV-5211,5211,2026-05-02,130,325,Water Based,method_ii,5.0,6784B,7.0,1.546,review,22,True
BULK-INV-5211-L01,BULK-INV-5211,5211,2026-05-02,130,325,Water Based,method_ii,5.0,6782A,10.0,1.575,review,23,True
BULK-INV-5211-L01,BULK-INV-5211,5211,2026-05-02,130,325,Water Based,method_ii,5.0,6784A,10.0,1.581,review,24,True
BULK-INV-5211-L01,BULK-INV-5211,5211,2026-05-02,130,325,Water Based,method_ii,5.0,6781B,2.0,1.623,review,25,False
BULK-INV-5211-L01,BULK-INV-5211,5211,2026-05-02,130,325,Water Based,method_ii,5.0,6785A,10.0,1.688,review,26,True
BULK-INV-5211-L01,BULK-INV-5211,5211,2026-05-02,130,325,Water Based,method_ii,5.0,6826N-D,5.0,1.84,review,27,True
BULK-INV-5211-L01,BULK-INV-5211,5211,2026-05-02,130,325,Water Based,method_ii,5.0,6781A,10.0,1.929,review,28,True
BULK-INV-5211-L01,BULK-INV-5211,5211,2026-05-02,130,325,Water Based,method_ii,5.0,6812A,10.0,1.955,review,29,True
BULK-INV-5211-L01,BULK-INV-5211,5211,2026-05-02,130,325,Water Based,method_ii,5.0,6827N-A,5.0,1.965,review,30,True
BULK-INV-5211-L01,BULK-INV-5211,5211,2026-05-02,130,325,Water Based,method_ii,5.0,6770A,10.0,2.183,review,31,True
BULK-INV-5213-L01,BULK-INV-5213,5213,2026-05-04,130A,3249B,Paint,method_i_b,4.0,6788A,10.0,0.017,excellent,1,True
BULK-INV-5213-L01,BULK-INV-5213,5213,2026-05-04,130A,3249B,Paint,method_i_b,4.0,6787B,7.0,0.07,excellent,2,True
BULK-INV-5213-L01,BULK-INV-5213,5213,2026-05-04,130A,3249B,Paint,method_i_b,4.0,6797B,7.0,0.082,excellent,3,True
BULK-INV-5213-L01,BULK-INV-5213,5213,2026-05-04,130A,3249B,Paint,method_i_b,4.0,6797A,10.0,0.09,excellent,4,True
BULK-INV-5213-L01,BULK-INV-5213,5213,2026-05-04,130A,3249B,Paint,method_i_b,4.0,6787A,10.0,0.101,excellent,5,True
BULK-INV-5213-L01,BULK-INV-5213,5213,2026-05-04,130A,3249B,Paint,method_i_b,4.0,6796B,8.0,0.197,excellent,6,True
BULK-INV-5213-L01,BULK-INV-5213,5213,2026-05-04,130A,3249B,Paint,method_i_b,4.0,6788B,10.0,0.271,excellent,7,True
BULK-INV-5213-L01,BULK-INV-5213,5213,2026-05-04,130A,3249B,Paint,method_i_b,4.0,6796A,10.0,0.331,excellent,8,True
BULK-INV-5213-L01,BULK-INV-5213,5213,2026-05-04,130A,3249B,Paint,method_i_b,4.0,6803B,5.0,0.429,excellent,9,True
BULK-INV-5213-L01,BULK-INV-5213,5213,2026-05-04,130A,3249B,Paint,method_i_b,4.0,6802A,10.0,0.526,excellent,10,True
BULK-INV-5213-L01,BULK-INV-5213,5213,2026-05-04,130A,3249B,Paint,method_i_b,4.0,6801B,4.0,0.59,excellent,11,True
BULK-INV-5213-L01,BULK-INV-5213,5213,2026-05-04,130A,3249B,Paint,method_i_b,4.0,6803A,10.0,0.611,strict,12,True
BULK-INV-5213-L01,BULK-INV-5213,5213,2026-05-04,130A,3249B,Paint,method_i_b,4.0,6822N-A,5.0,0.661,strict,13,True
BULK-INV-5213-L01,BULK-INV-5213,5213,2026-05-04,130A,3249B,Paint,method_i_b,4.0,6833B,10.0,0.708,strict,14,True
BULK-INV-5213-L01,BULK-INV-5213,5213,2026-05-04,130A,3249B,Paint,method_i_b,4.0,6833A,10.0,0.77,strict,15,True
BULK-INV-5213-L01,BULK-INV-5213,5213,2026-05-04,130A,3249B,Paint,method_i_b,4.0,6802B,10.0,0.827,strict,16,True
BULK-INV-5213-L01,BULK-INV-5213,5213,2026-05-04,130A,3249B,Paint,method_i_b,4.0,6548A,4.0,0.833,strict,17,True
BULK-INV-5213-L01,BULK-INV-5213,5213,2026-05-04,130A,3249B,Paint,method_i_b,4.0,6832B,6.0,0.897,strict,18,True
BULK-INV-5213-L01,BULK-INV-5213,5213,2026-05-04,130A,3249B,Paint,method_i_b,4.0,6789A,10.0,0.899,strict,19,True
BULK-INV-5213-L01,BULK-INV-5213,5213,2026-05-04,130A,3249B,Paint,method_i_b,4.0,6801A,10.0,0.915,strict,20,True
BULK-INV-5213-L01,BULK-INV-5213,5213,2026-05-04,130A,3249B,Paint,method_i_b,4.0,6832A,10.0,0.923,strict,21,True
BULK-INV-5213-L01,BULK-INV-5213,5213,2026-05-04,130A,3249B,Paint,method_i_b,4.0,6719N-D,5.0,0.961,strict,22,True
BULK-INV-5213-L01,BULK-INV-5213,5213,2026-05-04,130A,3249B,Paint,method_i_b,4.0,6789B,10.0,1.026,relaxed,23,True
BULK-INV-5213-L01,BULK-INV-5213,5213,2026-05-04,130A,3249B,Paint,method_i_b,4.0,6770B,10.0,1.095,relaxed,24,True
BULK-INV-5213-L01,BULK-INV-5213,5213,2026-05-04,130A,3249B,Paint,method_i_b,4.0,6528A,10.0,1.236,relaxed,25,True
BULK-INV-5213-L01,BULK-INV-5213,5213,2026-05-04,130A,3249B,Paint,method_i_b,4.0,6823N-B,5.0,1.393,relaxed,26,True
BULK-INV-5214-L01,BULK-INV-5214,5214,2026-05-05,130A,3249B,Paint,method_i_b,2.5,6788A,10.0,0.017,excellent,1,True
BULK-INV-5214-L01,BULK-INV-5214,5214,2026-05-05,130A,3249B,Paint,method_i_b,2.5,6787B,7.0,0.07,excellent,2,True
BULK-INV-5214-L01,BULK-INV-5214,5214,2026-05-05,130A,3249B,Paint,method_i_b,2.5,6797B,7.0,0.082,excellent,3,True
BULK-INV-5214-L01,BULK-INV-5214,5214,2026-05-05,130A,3249B,Paint,method_i_b,2.5,6797A,10.0,0.09,excellent,4,True
BULK-INV-5214-L01,BULK-INV-5214,5214,2026-05-05,130A,3249B,Paint,method_i_b,2.5,6787A,10.0,0.101,excellent,5,True
BULK-INV-5214-L01,BULK-INV-5214,5214,2026-05-05,130A,3249B,Paint,method_i_b,2.5,6796B,8.0,0.197,excellent,6,True
BULK-INV-5214-L01,BULK-INV-5214,5214,2026-05-05,130A,3249B,Paint,method_i_b,2.5,6788B,10.0,0.271,excellent,7,True
BULK-INV-5214-L01,BULK-INV-5214,5214,2026-05-05,130A,3249B,Paint,method_i_b,2.5,6796A,10.0,0.331,excellent,8,True
BULK-INV-5214-L01,BULK-INV-5214,5214,2026-05-05,130A,3249B,Paint,method_i_b,2.5,6803B,5.0,0.429,excellent,9,True
BULK-INV-5214-L01,BULK-INV-5214,5214,2026-05-05,130A,3249B,Paint,method_i_b,2.5,6802A,10.0,0.526,excellent,10,True
BULK-INV-5214-L01,BULK-INV-5214,5214,2026-05-05,130A,3249B,Paint,method_i_b,2.5,6801B,4.0,0.59,excellent,11,True
BULK-INV-5214-L01,BULK-INV-5214,5214,2026-05-05,130A,3249B,Paint,method_i_b,2.5,6803A,10.0,0.611,strict,12,True
BULK-INV-5214-L01,BULK-INV-5214,5214,2026-05-05,130A,3249B,Paint,method_i_b,2.5,6822N-A,5.0,0.661,strict,13,True
BULK-INV-5214-L01,BULK-INV-5214,5214,2026-05-05,130A,3249B,Paint,method_i_b,2.5,6833B,10.0,0.708,strict,14,True
BULK-INV-5214-L01,BULK-INV-5214,5214,2026-05-05,130A,3249B,Paint,method_i_b,2.5,6833A,10.0,0.77,strict,15,True
BULK-INV-5214-L01,BULK-INV-5214,5214,2026-05-05,130A,3249B,Paint,method_i_b,2.5,6802B,10.0,0.827,strict,16,True
BULK-INV-5214-L01,BULK-INV-5214,5214,2026-05-05,130A,3249B,Paint,method_i_b,2.5,6548A,4.0,0.833,strict,17,True
BULK-INV-5214-L01,BULK-INV-5214,5214,2026-05-05,130A,3249B,Paint,method_i_b,2.5,6832B,6.0,0.897,strict,18,True
BULK-INV-5214-L01,BULK-INV-5214,5214,2026-05-05,130A,3249B,Paint,method_i_b,2.5,6789A,10.0,0.899,strict,19,True
BULK-INV-5214-L01,BULK-INV-5214,5214,2026-05-05,130A,3249B,Paint,method_i_b,2.5,6801A,10.0,0.915,strict,20,True
BULK-INV-5214-L01,BULK-INV-5214,5214,2026-05-05,130A,3249B,Paint,method_i_b,2.5,6832A,10.0,0.923,strict,21,True
BULK-INV-5214-L01,BULK-INV-5214,5214,2026-05-05,130A,3249B,Paint,method_i_b,2.5,6719N-D,5.0,0.961,strict,22,True
BULK-INV-5214-L01,BULK-INV-5214,5214,2026-05-05,130A,3249B,Paint,method_i_b,2.5,6789B,10.0,1.026,relaxed,23,True
BULK-INV-5214-L01,BULK-INV-5214,5214,2026-05-05,130A,3249B,Paint,method_i_b,2.5,6770B,10.0,1.095,relaxed,24,True
BULK-INV-5214-L01,BULK-INV-5214,5214,2026-05-05,130A,3249B,Paint,method_i_b,2.5,6528A,10.0,1.236,relaxed,25,True
BULK-INV-5214-L01,BULK-INV-5214,5214,2026-05-05,130A,3249B,Paint,method_i_b,2.5,6823N-B,5.0,1.393,relaxed,26,True
BULK-INV-5215-L01,BULK-INV-5215,5215,2026-05-06,130,325,Water Based,method_ii,0.75,6778N-B,5.0,0.292,excellent,1,True
BULK-INV-5215-L01,BULK-INV-5215,5215,2026-05-06,130,325,Water Based,method_ii,0.75,6823N-D,5.0,0.493,excellent,2,True
BULK-INV-5215-L01,BULK-INV-5215,5215,2026-05-06,130,325,Water Based,method_ii,0.75,6824N-A,5.0,0.52,excellent,3,True
BULK-INV-5215-L01,BULK-INV-5215,5215,2026-05-06,130,325,Water Based,method_ii,0.75,6823N-C,5.0,0.623,strict,4,True
BULK-INV-5215-L01,BULK-INV-5215,5215,2026-05-06,130,325,Water Based,method_ii,0.75,6823N-A,5.0,0.732,strict,5,True
BULK-INV-5215-L01,BULK-INV-5215,5215,2026-05-06,130,325,Water Based,method_ii,0.75,6822N-D,5.0,0.747,strict,6,True
BULK-INV-5215-L01,BULK-INV-5215,5215,2026-05-06,130,325,Water Based,method_ii,0.75,6828N-D,5.0,0.799,strict,7,True
BULK-INV-5215-L01,BULK-INV-5215,5215,2026-05-06,130,325,Water Based,method_ii,0.75,6563A,6.0,0.929,strict,8,True
BULK-INV-5215-L01,BULK-INV-5215,5215,2026-05-06,130,325,Water Based,method_ii,0.75,6764-B,5.0,0.941,strict,9,True
BULK-INV-5215-L01,BULK-INV-5215,5215,2026-05-06,130,325,Water Based,method_ii,0.75,6768A,5.0,0.957,strict,10,True
BULK-INV-5215-L01,BULK-INV-5215,5215,2026-05-06,130,325,Water Based,method_ii,0.75,6828N-A,5.0,0.974,strict,11,True
BULK-INV-5215-L01,BULK-INV-5215,5215,2026-05-06,130,325,Water Based,method_ii,0.75,6828N-C,5.0,1.052,relaxed,12,True
BULK-INV-5215-L01,BULK-INV-5215,5215,2026-05-06,130,325,Water Based,method_ii,0.75,6822N-C,5.0,1.066,relaxed,13,True
BULK-INV-5215-L01,BULK-INV-5215,5215,2026-05-06,130,325,Water Based,method_ii,0.75,6764-A,10.0,1.175,relaxed,14,True
BULK-INV-5215-L01,BULK-INV-5215,5215,2026-05-06,130,325,Water Based,method_ii,0.75,6127A,5.0,1.205,relaxed,15,True
BULK-INV-5215-L01,BULK-INV-5215,5215,2026-05-06,130,325,Water Based,method_ii,0.75,6767A,10.0,1.397,relaxed,16,True
BULK-INV-5215-L01,BULK-INV-5215,5215,2026-05-06,130,325,Water Based,method_ii,0.75,6566A,6.0,1.422,relaxed,17,True
BULK-INV-5215-L01,BULK-INV-5215,5215,2026-05-06,130,325,Water Based,method_ii,0.75,6566A,5.0,1.422,relaxed,18,True
BULK-INV-5215-L01,BULK-INV-5215,5215,2026-05-06,130,325,Water Based,method_ii,0.75,6785B,10.0,1.449,relaxed,19,True
BULK-INV-5215-L01,BULK-INV-5215,5215,2026-05-06,130,325,Water Based,method_ii,0.75,6767B,10.0,1.465,relaxed,20,True
BULK-INV-5215-L01,BULK-INV-5215,5215,2026-05-06,130,325,Water Based,method_ii,0.75,6812B,10.0,1.476,relaxed,21,True
BULK-INV-5215-L01,BULK-INV-5215,5215,2026-05-06,130,325,Water Based,method_ii,0.75,6784B,7.0,1.546,review,22,True
BULK-INV-5215-L01,BULK-INV-5215,5215,2026-05-06,130,325,Water Based,method_ii,0.75,6782A,10.0,1.575,review,23,True
BULK-INV-5215-L01,BULK-INV-5215,5215,2026-05-06,130,325,Water Based,method_ii,0.75,6784A,10.0,1.581,review,24,True
BULK-INV-5215-L01,BULK-INV-5215,5215,2026-05-06,130,325,Water Based,method_ii,0.75,6781B,2.0,1.623,review,25,True
BULK-INV-5215-L01,BULK-INV-5215,5215,2026-05-06,130,325,Water Based,method_ii,0.75,6785A,10.0,1.688,review,26,True
BULK-INV-5215-L01,BULK-INV-5215,5215,2026-05-06,130,325,Water Based,method_ii,0.75,6826N-D,5.0,1.84,review,27,True
BULK-INV-5215-L01,BULK-INV-5215,5215,2026-05-06,130,325,Water Based,method_ii,0.75,6781A,10.0,1.929,review,28,True
BULK-INV-5215-L01,BULK-INV-5215,5215,2026-05-06,130,325,Water Based,method_ii,0.75,6812A,10.0,1.955,review,29,True
BULK-INV-5215-L01,BULK-INV-5215,5215,2026-05-06,130,325,Water Based,method_ii,0.75,6827N-A,5.0,1.965,review,30,True
BULK-INV-5215-L01,BULK-INV-5215,5215,2026-05-06,130,325,Water Based,method_ii,0.75,6770A,10.0,2.183,review,31,True
BULK-INV-5215-L02,BULK-INV-5215,5215,2026-05-06,130,325,Water Based,method_ii,2.0,6778N-B,5.0,0.292,excellent,1,True
BULK-INV-5215-L02,BULK-INV-5215,5215,2026-05-06,130,325,Water Based,method_ii,2.0,6823N-D,5.0,0.493,excellent,2,True
BULK-INV-5215-L02,BULK-INV-5215,5215,2026-05-06,130,325,Water Based,method_ii,2.0,6824N-A,5.0,0.52,excellent,3,True
BULK-INV-5215-L02,BULK-INV-5215,5215,2026-05-06,130,325,Water Based,method_ii,2.0,6823N-C,5.0,0.623,strict,4,True
BULK-INV-5215-L02,BULK-INV-5215,5215,2026-05-06,130,325,Water Based,method_ii,2.0,6823N-A,5.0,0.732,strict,5,True
BULK-INV-5215-L02,BULK-INV-5215,5215,2026-05-06,130,325,Water Based,method_ii,2.0,6822N-D,5.0,0.747,strict,6,True
BULK-INV-5215-L02,BULK-INV-5215,5215,2026-05-06,130,325,Water Based,method_ii,2.0,6828N-D,5.0,0.799,strict,7,True
BULK-INV-5215-L02,BULK-INV-5215,5215,2026-05-06,130,325,Water Based,method_ii,2.0,6563A,6.0,0.929,strict,8,True
BULK-INV-5215-L02,BULK-INV-5215,5215,2026-05-06,130,325,Water Based,method_ii,2.0,6764-B,5.0,0.941,strict,9,True
BULK-INV-5215-L02,BULK-INV-5215,5215,2026-05-06,130,325,Water Based,method_ii,2.0,6768A,5.0,0.957,strict,10,True
BULK-INV-5215-L02,BULK-INV-5215,5215,2026-05-06,130,325,Water Based,method_ii,2.0,6828N-A,5.0,0.974,strict,11,True
BULK-INV-5215-L02,BULK-INV-5215,5215,2026-05-06,130,325,Water Based,method_ii,2.0,6828N-C,5.0,1.052,relaxed,12,True
BULK-INV-5215-L02,BULK-INV-5215,5215,2026-05-06,130,325,Water Based,method_ii,2.0,6822N-C,5.0,1.066,relaxed,13,True
BULK-INV-5215-L02,BULK-INV-5215,5215,2026-05-06,130,325,Water Based,method_ii,2.0,6764-A,10.0,1.175,relaxed,14,True
BULK-INV-5215-L02,BULK-INV-5215,5215,2026-05-06,130,325,Water Based,method_ii,2.0,6127A,5.0,1.205,relaxed,15,True
BULK-INV-5215-L02,BULK-INV-5215,5215,2026-05-06,130,325,Water Based,method_ii,2.0,6767A,10.0,1.397,relaxed,16,True
BULK-INV-5215-L02,BULK-INV-5215,5215,2026-05-06,130,325,Water Based,method_ii,2.0,6566A,6.0,1.422,relaxed,17,True
BULK-INV-5215-L02,BULK-INV-5215,5215,2026-05-06,130,325,Water Based,method_ii,2.0,6566A,5.0,1.422,relaxed,18,True
BULK-INV-5215-L02,BULK-INV-5215,5215,2026-05-06,130,325,Water Based,method_ii,2.0,6785B,10.0,1.449,relaxed,19,True
BULK-INV-5215-L02,BULK-INV-5215,5215,2026-05-06,130,325,Water Based,method_ii,2.0,6767B,10.0,1.465,relaxed,20,True
BULK-INV-5215-L02,BULK-INV-5215,5215,2026-05-06,130,325,Water Based,method_ii,2.0,6812B,10.0,1.476,relaxed,21,True
BULK-INV-5215-L02,BULK-INV-5215,5215,2026-05-06,130,325,Water Based,method_ii,2.0,6784B,7.0,1.546,review,22,True
BULK-INV-5215-L02,BULK-INV-5215,5215,2026-05-06,130,325,Water Based,method_ii,2.0,6782A,10.0,1.575,review,23,True
BULK-INV-5215-L02,BULK-INV-5215,5215,2026-05-06,130,325,Water Based,method_ii,2.0,6784A,10.0,1.581,review,24,True
BULK-INV-5215-L02,BULK-INV-5215,5215,2026-05-06,130,325,Water Based,method_ii,2.0,6781B,2.0,1.623,review,25,True
BULK-INV-5215-L02,BULK-INV-5215,5215,2026-05-06,130,325,Water Based,method_ii,2.0,6785A,10.0,1.688,review,26,True
BULK-INV-5215-L02,BULK-INV-5215,5215,2026-05-06,130,325,Water Based,method_ii,2.0,6826N-D,5.0,1.84,review,27,True
BULK-INV-5215-L02,BULK-INV-5215,5215,2026-05-06,130,325,Water Based,method_ii,2.0,6781A,10.0,1.929,review,28,True
BULK-INV-5215-L02,BULK-INV-5215,5215,2026-05-06,130,325,Water Based,method_ii,2.0,6812A,10.0,1.955,review,29,True
BULK-INV-5215-L02,BULK-INV-5215,5215,2026-05-06,130,325,Water Based,method_ii,2.0,6827N-A,5.0,1.965,review,30,True
BULK-INV-5215-L02,BULK-INV-5215,5215,2026-05-06,130,325,Water Based,method_ii,2.0,6770A,10.0,2.183,review,31,True
BULK-INV-5216-L01,BULK-INV-5216,5216,2026-05-07,130A,3249B,Water Based,method_ii,2.5,6802A,10.0,0.119,excellent,1,True
BULK-INV-5216-L01,BULK-INV-5216,5216,2026-05-07,130A,3249B,Water Based,method_ii,2.5,6796A,10.0,0.161,excellent,2,True
BULK-INV-5216-L01,BULK-INV-5216,5216,2026-05-07,130A,3249B,Water Based,method_ii,2.5,6801A,10.0,0.212,excellent,3,True
BULK-INV-5216-L01,BULK-INV-5216,5216,2026-05-07,130A,3249B,Water Based,method_ii,2.5,6789A,10.0,0.214,excellent,4,True
BULK-INV-5216-L01,BULK-INV-5216,5216,2026-05-07,130A,3249B,Water Based,method_ii,2.5,6822N-A,5.0,0.331,excellent,5,True
BULK-INV-5216-L01,BULK-INV-5216,5216,2026-05-07,130A,3249B,Water Based,method_ii,2.5,6797A,10.0,0.335,excellent,6,True
BULK-INV-5216-L01,BULK-INV-5216,5216,2026-05-07,130A,3249B,Water Based,method_ii,2.5,6787A,10.0,0.35,excellent,7,True
BULK-INV-5216-L01,BULK-INV-5216,5216,2026-05-07,130A,3249B,Water Based,method_ii,2.5,6802B,10.0,0.351,excellent,8,True
BULK-INV-5216-L01,BULK-INV-5216,5216,2026-05-07,130A,3249B,Water Based,method_ii,2.5,6788B,10.0,0.373,excellent,9,True
BULK-INV-5216-L01,BULK-INV-5216,5216,2026-05-07,130A,3249B,Water Based,method_ii,2.5,6796B,8.0,0.375,excellent,10,True
BULK-INV-5216-L01,BULK-INV-5216,5216,2026-05-07,130A,3249B,Water Based,method_ii,2.5,6801B,4.0,0.404,excellent,11,True
BULK-INV-5216-L01,BULK-INV-5216,5216,2026-05-07,130A,3249B,Water Based,method_ii,2.5,6788A,10.0,0.508,excellent,12,True
BULK-INV-5216-L01,BULK-INV-5216,5216,2026-05-07,130A,3249B,Water Based,method_ii,2.5,6797B,7.0,0.685,strict,13,True
BULK-INV-5216-L01,BULK-INV-5216,5216,2026-05-07,130A,3249B,Water Based,method_ii,2.5,6789B,10.0,0.76,strict,14,True
BULK-INV-5216-L01,BULK-INV-5216,5216,2026-05-07,130A,3249B,Water Based,method_ii,2.5,6787B,7.0,0.797,strict,15,True
BULK-INV-5216-L01,BULK-INV-5216,5216,2026-05-07,130A,3249B,Water Based,method_ii,2.5,6548A,4.0,0.904,strict,16,True
BULK-INV-5216-L01,BULK-INV-5216,5216,2026-05-07,130A,3249B,Water Based,method_ii,2.5,6823N-B,5.0,1.056,relaxed,17,True
BULK-INV-5216-L01,BULK-INV-5216,5216,2026-05-07,130A,3249B,Water Based,method_ii,2.5,6833A,10.0,1.074,relaxed,18,True
BULK-INV-5216-L01,BULK-INV-5216,5216,2026-05-07,130A,3249B,Water Based,method_ii,2.5,6719N-D,5.0,1.165,relaxed,19,True
BULK-INV-5216-L01,BULK-INV-5216,5216,2026-05-07,130A,3249B,Water Based,method_ii,2.5,6803B,5.0,1.196,relaxed,20,True
BULK-INV-5216-L01,BULK-INV-5216,5216,2026-05-07,130A,3249B,Water Based,method_ii,2.5,6803A,10.0,1.227,relaxed,21,True
BULK-INV-5216-L01,BULK-INV-5216,5216,2026-05-07,130A,3249B,Water Based,method_ii,2.5,6832A,10.0,1.584,review,22,True
BULK-INV-5216-L01,BULK-INV-5216,5216,2026-05-07,130A,3249B,Water Based,method_ii,2.5,6832B,6.0,1.699,review,23,True
BULK-INV-5216-L01,BULK-INV-5216,5216,2026-05-07,130A,3249B,Water Based,method_ii,2.5,6833B,10.0,2.032,review,24,True
BULK-INV-5216-L01,BULK-INV-5216,5216,2026-05-07,130A,3249B,Water Based,method_ii,2.5,6528A,10.0,2.171,review,25,True
BULK-INV-5216-L01,BULK-INV-5216,5216,2026-05-07,130A,3249B,Water Based,method_ii,2.5,6770B,10.0,2.281,review,26,True
BULK-INV-5217-L01,BULK-INV-5217,5217,2026-05-08,130,325,Water Based,method_ii,15.0,6778N-B,5.0,0.292,excellent,1,False
BULK-INV-5217-L01,BULK-INV-5217,5217,2026-05-08,130,325,Water Based,method_ii,15.0,6823N-D,5.0,0.493,excellent,2,False
BULK-INV-5217-L01,BULK-INV-5217,5217,2026-05-08,130,325,Water Based,method_ii,15.0,6824N-A,5.0,0.52,excellent,3,False
BULK-INV-5217-L01,BULK-INV-5217,5217,2026-05-08,130,325,Water Based,method_ii,15.0,6823N-C,5.0,0.623,strict,4,False
BULK-INV-5217-L01,BULK-INV-5217,5217,2026-05-08,130,325,Water Based,method_ii,15.0,6823N-A,5.0,0.732,strict,5,False
BULK-INV-5217-L01,BULK-INV-5217,5217,2026-05-08,130,325,Water Based,method_ii,15.0,6822N-D,5.0,0.747,strict,6,False
BULK-INV-5217-L01,BULK-INV-5217,5217,2026-05-08,130,325,Water Based,method_ii,15.0,6828N-D,5.0,0.799,strict,7,False
BULK-INV-5217-L01,BULK-INV-5217,5217,2026-05-08,130,325,Water Based,method_ii,15.0,6563A,6.0,0.929,strict,8,False
BULK-INV-5217-L01,BULK-INV-5217,5217,2026-05-08,130,325,Water Based,method_ii,15.0,6764-B,5.0,0.941,strict,9,False
BULK-INV-5217-L01,BULK-INV-5217,5217,2026-05-08,130,325,Water Based,method_ii,15.0,6768A,5.0,0.957,strict,10,False
BULK-INV-5217-L01,BULK-INV-5217,5217,2026-05-08,130,325,Water Based,method_ii,15.0,6828N-A,5.0,0.974,strict,11,False
BULK-INV-5217-L01,BULK-INV-5217,5217,2026-05-08,130,325,Water Based,method_ii,15.0,6828N-C,5.0,1.052,relaxed,12,False
BULK-INV-5217-L01,BULK-INV-5217,5217,2026-05-08,130,325,Water Based,method_ii,15.0,6822N-C,5.0,1.066,relaxed,13,False
BULK-INV-5217-L01,BULK-INV-5217,5217,2026-05-08,130,325,Water Based,method_ii,15.0,6764-A,10.0,1.175,relaxed,14,False
BULK-INV-5217-L01,BULK-INV-5217,5217,2026-05-08,130,325,Water Based,method_ii,15.0,6127A,5.0,1.205,relaxed,15,False
BULK-INV-5217-L01,BULK-INV-5217,5217,2026-05-08,130,325,Water Based,method_ii,15.0,6767A,10.0,1.397,relaxed,16,False
BULK-INV-5217-L01,BULK-INV-5217,5217,2026-05-08,130,325,Water Based,method_ii,15.0,6566A,6.0,1.422,relaxed,17,False
BULK-INV-5217-L01,BULK-INV-5217,5217,2026-05-08,130,325,Water Based,method_ii,15.0,6566A,5.0,1.422,relaxed,18,False
BULK-INV-5217-L01,BULK-INV-5217,5217,2026-05-08,130,325,Water Based,method_ii,15.0,6785B,10.0,1.449,relaxed,19,False
BULK-INV-5217-L01,BULK-INV-5217,5217,2026-05-08,130,325,Water Based,method_ii,15.0,6767B,10.0,1.465,relaxed,20,False
BULK-INV-5217-L01,BULK-INV-5217,5217,2026-05-08,130,325,Water Based,method_ii,15.0,6812B,10.0,1.476,relaxed,21,False
BULK-INV-5217-L01,BULK-INV-5217,5217,2026-05-08,130,325,Water Based,method_ii,15.0,6784B,7.0,1.546,review,22,False
BULK-INV-5217-L01,BULK-INV-5217,5217,2026-05-08,130,325,Water Based,method_ii,15.0,6782A,10.0,1.575,review,23,False
BULK-INV-5217-L01,BULK-INV-5217,5217,2026-05-08,130,325,Water Based,method_ii,15.0,6784A,10.0,1.581,review,24,False
BULK-INV-5217-L01,BULK-INV-5217,5217,2026-05-08,130,325,Water Based,method_ii,15.0,6781B,2.0,1.623,review,25,False
BULK-INV-5217-L01,BULK-INV-5217,5217,2026-05-08,130,325,Water Based,method_ii,15.0,6785A,10.0,1.688,review,26,False
BULK-INV-5217-L01,BULK-INV-5217,5217,2026-05-08,130,325,Water Based,method_ii,15.0,6826N-D,5.0,1.84,review,27,False
BULK-INV-5217-L01,BULK-INV-5217,5217,2026-05-08,130,325,Water Based,method_ii,15.0,6781A,10.0,1.929,review,28,False
BULK-INV-5217-L01,BULK-INV-5217,5217,2026-05-08,130,325,Water Based,method_ii,15.0,6812A,10.0,1.955,review,29,False
BULK-INV-5217-L01,BULK-INV-5217,5217,2026-05-08,130,325,Water Based,method_ii,15.0,6827N-A,5.0,1.965,review,30,False
BULK-INV-5217-L01,BULK-INV-5217,5217,2026-05-08,130,325,Water Based,method_ii,15.0,6770A,10.0,2.183,review,31,False
BULK-INV-5218-L01,BULK-INV-5218,5218,2026-05-09,130,325,Water Based,method_ii,5.0,6778N-B,5.0,0.292,excellent,1,True
BULK-INV-5218-L01,BULK-INV-5218,5218,2026-05-09,130,325,Water Based,method_ii,5.0,6823N-D,5.0,0.493,excellent,2,True
BULK-INV-5218-L01,BULK-INV-5218,5218,2026-05-09,130,325,Water Based,method_ii,5.0,6824N-A,5.0,0.52,excellent,3,True
BULK-INV-5218-L01,BULK-INV-5218,5218,2026-05-09,130,325,Water Based,method_ii,5.0,6823N-C,5.0,0.623,strict,4,True
BULK-INV-5218-L01,BULK-INV-5218,5218,2026-05-09,130,325,Water Based,method_ii,5.0,6823N-A,5.0,0.732,strict,5,True
BULK-INV-5218-L01,BULK-INV-5218,5218,2026-05-09,130,325,Water Based,method_ii,5.0,6822N-D,5.0,0.747,strict,6,True
BULK-INV-5218-L01,BULK-INV-5218,5218,2026-05-09,130,325,Water Based,method_ii,5.0,6828N-D,5.0,0.799,strict,7,True
BULK-INV-5218-L01,BULK-INV-5218,5218,2026-05-09,130,325,Water Based,method_ii,5.0,6563A,6.0,0.929,strict,8,True
BULK-INV-5218-L01,BULK-INV-5218,5218,2026-05-09,130,325,Water Based,method_ii,5.0,6764-B,5.0,0.941,strict,9,True
BULK-INV-5218-L01,BULK-INV-5218,5218,2026-05-09,130,325,Water Based,method_ii,5.0,6768A,5.0,0.957,strict,10,True
BULK-INV-5218-L01,BULK-INV-5218,5218,2026-05-09,130,325,Water Based,method_ii,5.0,6828N-A,5.0,0.974,strict,11,True
BULK-INV-5218-L01,BULK-INV-5218,5218,2026-05-09,130,325,Water Based,method_ii,5.0,6828N-C,5.0,1.052,relaxed,12,True
BULK-INV-5218-L01,BULK-INV-5218,5218,2026-05-09,130,325,Water Based,method_ii,5.0,6822N-C,5.0,1.066,relaxed,13,True
BULK-INV-5218-L01,BULK-INV-5218,5218,2026-05-09,130,325,Water Based,method_ii,5.0,6764-A,10.0,1.175,relaxed,14,True
BULK-INV-5218-L01,BULK-INV-5218,5218,2026-05-09,130,325,Water Based,method_ii,5.0,6127A,5.0,1.205,relaxed,15,True
BULK-INV-5218-L01,BULK-INV-5218,5218,2026-05-09,130,325,Water Based,method_ii,5.0,6767A,10.0,1.397,relaxed,16,True
BULK-INV-5218-L01,BULK-INV-5218,5218,2026-05-09,130,325,Water Based,method_ii,5.0,6566A,6.0,1.422,relaxed,17,True
BULK-INV-5218-L01,BULK-INV-5218,5218,2026-05-09,130,325,Water Based,method_ii,5.0,6566A,5.0,1.422,relaxed,18,True
BULK-INV-5218-L01,BULK-INV-5218,5218,2026-05-09,130,325,Water Based,method_ii,5.0,6785B,10.0,1.449,relaxed,19,True
BULK-INV-5218-L01,BULK-INV-5218,5218,2026-05-09,130,325,Water Based,method_ii,5.0,6767B,10.0,1.465,relaxed,20,True
BULK-INV-5218-L01,BULK-INV-5218,5218,2026-05-09,130,325,Water Based,method_ii,5.0,6812B,10.0,1.476,relaxed,21,True
BULK-INV-5218-L01,BULK-INV-5218,5218,2026-05-09,130,325,Water Based,method_ii,5.0,6784B,7.0,1.546,review,22,True
BULK-INV-5218-L01,BULK-INV-5218,5218,2026-05-09,130,325,Water Based,method_ii,5.0,6782A,10.0,1.575,review,23,True
BULK-INV-5218-L01,BULK-INV-5218,5218,2026-05-09,130,325,Water Based,method_ii,5.0,6784A,10.0,1.581,review,24,True
BULK-INV-5218-L01,BULK-INV-5218,5218,2026-05-09,130,325,Water Based,method_ii,5.0,6781B,2.0,1.623,review,25,False
BULK-INV-5218-L01,BULK-INV-5218,5218,2026-05-09,130,325,Water Based,method_ii,5.0,6785A,10.0,1.688,review,26,True
BULK-INV-5218-L01,BULK-INV-5218,5218,2026-05-09,130,325,Water Based,method_ii,5.0,6826N-D,5.0,1.84,review,27,True
BULK-INV-5218-L01,BULK-INV-5218,5218,2026-05-09,130,325,Water Based,method_ii,5.0,6781A,10.0,1.929,review,28,True
BULK-INV-5218-L01,BULK-INV-5218,5218,2026-05-09,130,325,Water Based,method_ii,5.0,6812A,10.0,1.955,review,29,True
BULK-INV-5218-L01,BULK-INV-5218,5218,2026-05-09,130,325,Water Based,method_ii,5.0,6827N-A,5.0,1.965,review,30,True
BULK-INV-5218-L01,BULK-INV-5218,5218,2026-05-09,130,325,Water Based,method_ii,5.0,6770A,10.0,2.183,review,31,True
BULK-INV-5219-L01,BULK-INV-5219,5219,2026-05-10,130,325,Paint,method_i_b,1.25,6764-B,5.0,0.13,excellent,1,True
BULK-INV-5219-L01,BULK-INV-5219,5219,2026-05-10,130,325,Paint,method_i_b,1.25,6767A,10.0,0.269,excellent,2,True
BULK-INV-5219-L01,BULK-INV-5219,5219,2026-05-10,130,325,Paint,method_i_b,1.25,6823N-C,5.0,0.269,excellent,3,True
BULK-INV-5219-L01,BULK-INV-5219,5219,2026-05-10,130,325,Paint,method_i_b,1.25,6768A,5.0,0.284,excellent,4,True
BULK-INV-5219-L01,BULK-INV-5219,5219,2026-05-10,130,325,Paint,method_i_b,1.25,6764-A,10.0,0.297,excellent,5,True
BULK-INV-5219-L01,BULK-INV-5219,5219,2026-05-10,130,325,Paint,method_i_b,1.25,6782A,10.0,0.297,excellent,6,True
BULK-INV-5219-L01,BULK-INV-5219,5219,2026-05-10,130,325,Paint,method_i_b,1.25,6781A,10.0,0.309,excellent,7,True
BULK-INV-5219-L01,BULK-INV-5219,5219,2026-05-10,130,325,Paint,method_i_b,1.25,6781B,2.0,0.311,excellent,8,True
BULK-INV-5219-L01,BULK-INV-5219,5219,2026-05-10,130,325,Paint,method_i_b,1.25,6785A,10.0,0.323,excellent,9,True
BULK-INV-5219-L01,BULK-INV-5219,5219,2026-05-10,130,325,Paint,method_i_b,1.25,6823N-D,5.0,0.342,excellent,10,True
BULK-INV-5219-L01,BULK-INV-5219,5219,2026-05-10,130,325,Paint,method_i_b,1.25,6824N-A,5.0,0.363,excellent,11,True
BULK-INV-5219-L01,BULK-INV-5219,5219,2026-05-10,130,325,Paint,method_i_b,1.25,6822N-C,5.0,0.369,excellent,12,True
BULK-INV-5219-L01,BULK-INV-5219,5219,2026-05-10,130,325,Paint,method_i_b,1.25,6767B,10.0,0.371,excellent,13,True
BULK-INV-5219-L01,BULK-INV-5219,5219,2026-05-10,130,325,Paint,method_i_b,1.25,6828N-A,5.0,0.371,excellent,14,True
BULK-INV-5219-L01,BULK-INV-5219,5219,2026-05-10,130,325,Paint,method_i_b,1.25,6770A,10.0,0.387,excellent,15,True
BULK-INV-5219-L01,BULK-INV-5219,5219,2026-05-10,130,325,Paint,method_i_b,1.25,6784B,7.0,0.396,excellent,16,True
BULK-INV-5219-L01,BULK-INV-5219,5219,2026-05-10,130,325,Paint,method_i_b,1.25,6784A,10.0,0.415,excellent,17,True
BULK-INV-5219-L01,BULK-INV-5219,5219,2026-05-10,130,325,Paint,method_i_b,1.25,6828N-D,5.0,0.446,excellent,18,True
BULK-INV-5219-L01,BULK-INV-5219,5219,2026-05-10,130,325,Paint,method_i_b,1.25,6785B,10.0,0.453,excellent,19,True
BULK-INV-5219-L01,BULK-INV-5219,5219,2026-05-10,130,325,Paint,method_i_b,1.25,6563A,6.0,0.54,excellent,20,True
BULK-INV-5219-L01,BULK-INV-5219,5219,2026-05-10,130,325,Paint,method_i_b,1.25,6822N-D,5.0,0.559,excellent,21,True
BULK-INV-5219-L01,BULK-INV-5219,5219,2026-05-10,130,325,Paint,method_i_b,1.25,6823N-A,5.0,0.602,strict,22,True
BULK-INV-5219-L01,BULK-INV-5219,5219,2026-05-10,130,325,Paint,method_i_b,1.25,6127A,5.0,0.633,strict,23,True
BULK-INV-5219-L01,BULK-INV-5219,5219,2026-05-10,130,325,Paint,method_i_b,1.25,6828N-C,5.0,0.661,strict,24,True
BULK-INV-5219-L01,BULK-INV-5219,5219,2026-05-10,130,325,Paint,method_i_b,1.25,6812B,10.0,0.72,strict,25,True
BULK-INV-5219-L01,BULK-INV-5219,5219,2026-05-10,130,325,Paint,method_i_b,1.25,6812A,10.0,0.836,strict,26,True
BULK-INV-5219-L01,BULK-INV-5219,5219,2026-05-10,130,325,Paint,method_i_b,1.25,6566A,6.0,0.872,strict,27,True
BULK-INV-5219-L01,BULK-INV-5219,5219,2026-05-10,130,325,Paint,method_i_b,1.25,6566A,5.0,0.872,strict,28,True
BULK-INV-5219-L01,BULK-INV-5219,5219,2026-05-10,130,325,Paint,method_i_b,1.25,6778N-B,5.0,1.01,relaxed,29,True
BULK-INV-5219-L01,BULK-INV-5219,5219,2026-05-10,130,325,Paint,method_i_b,1.25,6826N-D,5.0,1.094,relaxed,30,True
BULK-INV-5219-L01,BULK-INV-5219,5219,2026-05-10,130,325,Paint,method_i_b,1.25,6827N-A,5.0,1.231,relaxed,31,True
BULK-INV-5220-L01,BULK-INV-5220,5220,2026-05-11,130,325,Water Based,method_ii,4.0,6778N-B,5.0,0.292,excellent,1,True
BULK-INV-5220-L01,BULK-INV-5220,5220,2026-05-11,130,325,Water Based,method_ii,4.0,6823N-D,5.0,0.493,excellent,2,True
BULK-INV-5220-L01,BULK-INV-5220,5220,2026-05-11,130,325,Water Based,method_ii,4.0,6824N-A,5.0,0.52,excellent,3,True
BULK-INV-5220-L01,BULK-INV-5220,5220,2026-05-11,130,325,Water Based,method_ii,4.0,6823N-C,5.0,0.623,strict,4,True
BULK-INV-5220-L01,BULK-INV-5220,5220,2026-05-11,130,325,Water Based,method_ii,4.0,6823N-A,5.0,0.732,strict,5,True
BULK-INV-5220-L01,BULK-INV-5220,5220,2026-05-11,130,325,Water Based,method_ii,4.0,6822N-D,5.0,0.747,strict,6,True
BULK-INV-5220-L01,BULK-INV-5220,5220,2026-05-11,130,325,Water Based,method_ii,4.0,6828N-D,5.0,0.799,strict,7,True
BULK-INV-5220-L01,BULK-INV-5220,5220,2026-05-11,130,325,Water Based,method_ii,4.0,6563A,6.0,0.929,strict,8,True
BULK-INV-5220-L01,BULK-INV-5220,5220,2026-05-11,130,325,Water Based,method_ii,4.0,6764-B,5.0,0.941,strict,9,True
BULK-INV-5220-L01,BULK-INV-5220,5220,2026-05-11,130,325,Water Based,method_ii,4.0,6768A,5.0,0.957,strict,10,True
BULK-INV-5220-L01,BULK-INV-5220,5220,2026-05-11,130,325,Water Based,method_ii,4.0,6828N-A,5.0,0.974,strict,11,True
BULK-INV-5220-L01,BULK-INV-5220,5220,2026-05-11,130,325,Water Based,method_ii,4.0,6828N-C,5.0,1.052,relaxed,12,True
BULK-INV-5220-L01,BULK-INV-5220,5220,2026-05-11,130,325,Water Based,method_ii,4.0,6822N-C,5.0,1.066,relaxed,13,True
BULK-INV-5220-L01,BULK-INV-5220,5220,2026-05-11,130,325,Water Based,method_ii,4.0,6764-A,10.0,1.175,relaxed,14,True
BULK-INV-5220-L01,BULK-INV-5220,5220,2026-05-11,130,325,Water Based,method_ii,4.0,6127A,5.0,1.205,relaxed,15,True
BULK-INV-5220-L01,BULK-INV-5220,5220,2026-05-11,130,325,Water Based,method_ii,4.0,6767A,10.0,1.397,relaxed,16,True
BULK-INV-5220-L01,BULK-INV-5220,5220,2026-05-11,130,325,Water Based,method_ii,4.0,6566A,6.0,1.422,relaxed,17,True
BULK-INV-5220-L01,BULK-INV-5220,5220,2026-05-11,130,325,Water Based,method_ii,4.0,6566A,5.0,1.422,relaxed,18,True
BULK-INV-5220-L01,BULK-INV-5220,5220,2026-05-11,130,325,Water Based,method_ii,4.0,6785B,10.0,1.449,relaxed,19,True
BULK-INV-5220-L01,BULK-INV-5220,5220,2026-05-11,130,325,Water Based,method_ii,4.0,6767B,10.0,1.465,relaxed,20,True
BULK-INV-5220-L01,BULK-INV-5220,5220,2026-05-11,130,325,Water Based,method_ii,4.0,6812B,10.0,1.476,relaxed,21,True
BULK-INV-5220-L01,BULK-INV-5220,5220,2026-05-11,130,325,Water Based,method_ii,4.0,6784B,7.0,1.546,review,22,True
BULK-INV-5220-L01,BULK-INV-5220,5220,2026-05-11,130,325,Water Based,method_ii,4.0,6782A,10.0,1.575,review,23,True
BULK-INV-5220-L01,BULK-INV-5220,5220,2026-05-11,130,325,Water Based,method_ii,4.0,6784A,10.0,1.581,review,24,True
BULK-INV-5220-L01,BULK-INV-5220,5220,2026-05-11,130,325,Water Based,method_ii,4.0,6781B,2.0,1.623,review,25,False
BULK-INV-5220-L01,BULK-INV-5220,5220,2026-05-11,130,325,Water Based,method_ii,4.0,6785A,10.0,1.688,review,26,True
BULK-INV-5220-L01,BULK-INV-5220,5220,2026-05-11,130,325,Water Based,method_ii,4.0,6826N-D,5.0,1.84,review,27,True
BULK-INV-5220-L01,BULK-INV-5220,5220,2026-05-11,130,325,Water Based,method_ii,4.0,6781A,10.0,1.929,review,28,True
BULK-INV-5220-L01,BULK-INV-5220,5220,2026-05-11,130,325,Water Based,method_ii,4.0,6812A,10.0,1.955,review,29,True
BULK-INV-5220-L01,BULK-INV-5220,5220,2026-05-11,130,325,Water Based,method_ii,4.0,6827N-A,5.0,1.965,review,30,True
BULK-INV-5220-L01,BULK-INV-5220,5220,2026-05-11,130,325,Water Based,method_ii,4.0,6770A,10.0,2.183,review,31,True
BULK-INV-5220-L02,BULK-INV-5220,5220,2026-05-11,130A,3249B,Water Based,method_ii,1.0,6802A,10.0,0.119,excellent,1,True
BULK-INV-5220-L02,BULK-INV-5220,5220,2026-05-11,130A,3249B,Water Based,method_ii,1.0,6796A,10.0,0.161,excellent,2,True
BULK-INV-5220-L02,BULK-INV-5220,5220,2026-05-11,130A,3249B,Water Based,method_ii,1.0,6801A,10.0,0.212,excellent,3,True
BULK-INV-5220-L02,BULK-INV-5220,5220,2026-05-11,130A,3249B,Water Based,method_ii,1.0,6789A,10.0,0.214,excellent,4,True
BULK-INV-5220-L02,BULK-INV-5220,5220,2026-05-11,130A,3249B,Water Based,method_ii,1.0,6822N-A,5.0,0.331,excellent,5,True
BULK-INV-5220-L02,BULK-INV-5220,5220,2026-05-11,130A,3249B,Water Based,method_ii,1.0,6797A,10.0,0.335,excellent,6,True
BULK-INV-5220-L02,BULK-INV-5220,5220,2026-05-11,130A,3249B,Water Based,method_ii,1.0,6787A,10.0,0.35,excellent,7,True
BULK-INV-5220-L02,BULK-INV-5220,5220,2026-05-11,130A,3249B,Water Based,method_ii,1.0,6802B,10.0,0.351,excellent,8,True
BULK-INV-5220-L02,BULK-INV-5220,5220,2026-05-11,130A,3249B,Water Based,method_ii,1.0,6788B,10.0,0.373,excellent,9,True
BULK-INV-5220-L02,BULK-INV-5220,5220,2026-05-11,130A,3249B,Water Based,method_ii,1.0,6796B,8.0,0.375,excellent,10,True
BULK-INV-5220-L02,BULK-INV-5220,5220,2026-05-11,130A,3249B,Water Based,method_ii,1.0,6801B,4.0,0.404,excellent,11,True
BULK-INV-5220-L02,BULK-INV-5220,5220,2026-05-11,130A,3249B,Water Based,method_ii,1.0,6788A,10.0,0.508,excellent,12,True
BULK-INV-5220-L02,BULK-INV-5220,5220,2026-05-11,130A,3249B,Water Based,method_ii,1.0,6797B,7.0,0.685,strict,13,True
BULK-INV-5220-L02,BULK-INV-5220,5220,2026-05-11,130A,3249B,Water Based,method_ii,1.0,6789B,10.0,0.76,strict,14,True
BULK-INV-5220-L02,BULK-INV-5220,5220,2026-05-11,130A,3249B,Water Based,method_ii,1.0,6787B,7.0,0.797,strict,15,True
BULK-INV-5220-L02,BULK-INV-5220,5220,2026-05-11,130A,3249B,Water Based,method_ii,1.0,6548A,4.0,0.904,strict,16,True
BULK-INV-5220-L02,BULK-INV-5220,5220,2026-05-11,130A,3249B,Water Based,method_ii,1.0,6823N-B,5.0,1.056,relaxed,17,True
BULK-INV-5220-L02,BULK-INV-5220,5220,2026-05-11,130A,3249B,Water Based,method_ii,1.0,6833A,10.0,1.074,relaxed,18,True
BULK-INV-5220-L02,BULK-INV-5220,5220,2026-05-11,130A,3249B,Water Based,method_ii,1.0,6719N-D,5.0,1.165,relaxed,19,True
BULK-INV-5220-L02,BULK-INV-5220,5220,2026-05-11,130A,3249B,Water Based,method_ii,1.0,6803B,5.0,1.196,relaxed,20,True
BULK-INV-5220-L02,BULK-INV-5220,5220,2026-05-11,130A,3249B,Water Based,method_ii,1.0,6803A,10.0,1.227,relaxed,21,True
BULK-INV-5220-L02,BULK-INV-5220,5220,2026-05-11,130A,3249B,Water Based,method_ii,1.0,6832A,10.0,1.584,review,22,True
BULK-INV-5220-L02,BULK-INV-5220,5220,2026-05-11,130A,3249B,Water Based,method_ii,1.0,6832B,6.0,1.699,review,23,True
BULK-INV-5220-L02,BULK-INV-5220,5220,2026-05-11,130A,3249B,Water Based,method_ii,1.0,6833B,10.0,2.032,review,24,True
BULK-INV-5220-L02,BULK-INV-5220,5220,2026-05-11,130A,3249B,Water Based,method_ii,1.0,6528A,10.0,2.171,review,25,True
BULK-INV-5220-L02,BULK-INV-5220,5220,2026-05-11,130A,3249B,Water Based,method_ii,1.0,6770B,10.0,2.281,review,26,True
BULK-INV-5221-L01,BULK-INV-5221,5221,2026-05-12,130A,3249B,Water Based,method_ii,1.5,6802A,10.0,0.119,excellent,1,True
BULK-INV-5221-L01,BULK-INV-5221,5221,2026-05-12,130A,3249B,Water Based,method_ii,1.5,6796A,10.0,0.161,excellent,2,True
BULK-INV-5221-L01,BULK-INV-5221,5221,2026-05-12,130A,3249B,Water Based,method_ii,1.5,6801A,10.0,0.212,excellent,3,True
BULK-INV-5221-L01,BULK-INV-5221,5221,2026-05-12,130A,3249B,Water Based,method_ii,1.5,6789A,10.0,0.214,excellent,4,True
BULK-INV-5221-L01,BULK-INV-5221,5221,2026-05-12,130A,3249B,Water Based,method_ii,1.5,6822N-A,5.0,0.331,excellent,5,True
BULK-INV-5221-L01,BULK-INV-5221,5221,2026-05-12,130A,3249B,Water Based,method_ii,1.5,6797A,10.0,0.335,excellent,6,True
BULK-INV-5221-L01,BULK-INV-5221,5221,2026-05-12,130A,3249B,Water Based,method_ii,1.5,6787A,10.0,0.35,excellent,7,True
BULK-INV-5221-L01,BULK-INV-5221,5221,2026-05-12,130A,3249B,Water Based,method_ii,1.5,6802B,10.0,0.351,excellent,8,True
BULK-INV-5221-L01,BULK-INV-5221,5221,2026-05-12,130A,3249B,Water Based,method_ii,1.5,6788B,10.0,0.373,excellent,9,True
BULK-INV-5221-L01,BULK-INV-5221,5221,2026-05-12,130A,3249B,Water Based,method_ii,1.5,6796B,8.0,0.375,excellent,10,True
BULK-INV-5221-L01,BULK-INV-5221,5221,2026-05-12,130A,3249B,Water Based,method_ii,1.5,6801B,4.0,0.404,excellent,11,True
BULK-INV-5221-L01,BULK-INV-5221,5221,2026-05-12,130A,3249B,Water Based,method_ii,1.5,6788A,10.0,0.508,excellent,12,True
BULK-INV-5221-L01,BULK-INV-5221,5221,2026-05-12,130A,3249B,Water Based,method_ii,1.5,6797B,7.0,0.685,strict,13,True
BULK-INV-5221-L01,BULK-INV-5221,5221,2026-05-12,130A,3249B,Water Based,method_ii,1.5,6789B,10.0,0.76,strict,14,True
BULK-INV-5221-L01,BULK-INV-5221,5221,2026-05-12,130A,3249B,Water Based,method_ii,1.5,6787B,7.0,0.797,strict,15,True
BULK-INV-5221-L01,BULK-INV-5221,5221,2026-05-12,130A,3249B,Water Based,method_ii,1.5,6548A,4.0,0.904,strict,16,True
BULK-INV-5221-L01,BULK-INV-5221,5221,2026-05-12,130A,3249B,Water Based,method_ii,1.5,6823N-B,5.0,1.056,relaxed,17,True
BULK-INV-5221-L01,BULK-INV-5221,5221,2026-05-12,130A,3249B,Water Based,method_ii,1.5,6833A,10.0,1.074,relaxed,18,True
BULK-INV-5221-L01,BULK-INV-5221,5221,2026-05-12,130A,3249B,Water Based,method_ii,1.5,6719N-D,5.0,1.165,relaxed,19,True
BULK-INV-5221-L01,BULK-INV-5221,5221,2026-05-12,130A,3249B,Water Based,method_ii,1.5,6803B,5.0,1.196,relaxed,20,True
BULK-INV-5221-L01,BULK-INV-5221,5221,2026-05-12,130A,3249B,Water Based,method_ii,1.5,6803A,10.0,1.227,relaxed,21,True
BULK-INV-5221-L01,BULK-INV-5221,5221,2026-05-12,130A,3249B,Water Based,method_ii,1.5,6832A,10.0,1.584,review,22,True
BULK-INV-5221-L01,BULK-INV-5221,5221,2026-05-12,130A,3249B,Water Based,method_ii,1.5,6832B,6.0,1.699,review,23,True
BULK-INV-5221-L01,BULK-INV-5221,5221,2026-05-12,130A,3249B,Water Based,method_ii,1.5,6833B,10.0,2.032,review,24,True
BULK-INV-5221-L01,BULK-INV-5221,5221,2026-05-12,130A,3249B,Water Based,method_ii,1.5,6528A,10.0,2.171,review,25,True
BULK-INV-5221-L01,BULK-INV-5221,5221,2026-05-12,130A,3249B,Water Based,method_ii,1.5,6770B,10.0,2.281,review,26,True
BULK-INV-5222-L01,BULK-INV-5222,5222,2026-05-13,130,325,Paint,method_i_b,0.5,6764-B,5.0,0.13,excellent,1,True
BULK-INV-5222-L01,BULK-INV-5222,5222,2026-05-13,130,325,Paint,method_i_b,0.5,6767A,10.0,0.269,excellent,2,True
BULK-INV-5222-L01,BULK-INV-5222,5222,2026-05-13,130,325,Paint,method_i_b,0.5,6823N-C,5.0,0.269,excellent,3,True
BULK-INV-5222-L01,BULK-INV-5222,5222,2026-05-13,130,325,Paint,method_i_b,0.5,6768A,5.0,0.284,excellent,4,True
BULK-INV-5222-L01,BULK-INV-5222,5222,2026-05-13,130,325,Paint,method_i_b,0.5,6764-A,10.0,0.297,excellent,5,True
BULK-INV-5222-L01,BULK-INV-5222,5222,2026-05-13,130,325,Paint,method_i_b,0.5,6782A,10.0,0.297,excellent,6,True
BULK-INV-5222-L01,BULK-INV-5222,5222,2026-05-13,130,325,Paint,method_i_b,0.5,6781A,10.0,0.309,excellent,7,True
BULK-INV-5222-L01,BULK-INV-5222,5222,2026-05-13,130,325,Paint,method_i_b,0.5,6781B,2.0,0.311,excellent,8,True
BULK-INV-5222-L01,BULK-INV-5222,5222,2026-05-13,130,325,Paint,method_i_b,0.5,6785A,10.0,0.323,excellent,9,True
BULK-INV-5222-L01,BULK-INV-5222,5222,2026-05-13,130,325,Paint,method_i_b,0.5,6823N-D,5.0,0.342,excellent,10,True
BULK-INV-5222-L01,BULK-INV-5222,5222,2026-05-13,130,325,Paint,method_i_b,0.5,6824N-A,5.0,0.363,excellent,11,True
BULK-INV-5222-L01,BULK-INV-5222,5222,2026-05-13,130,325,Paint,method_i_b,0.5,6822N-C,5.0,0.369,excellent,12,True
BULK-INV-5222-L01,BULK-INV-5222,5222,2026-05-13,130,325,Paint,method_i_b,0.5,6767B,10.0,0.371,excellent,13,True
BULK-INV-5222-L01,BULK-INV-5222,5222,2026-05-13,130,325,Paint,method_i_b,0.5,6828N-A,5.0,0.371,excellent,14,True
BULK-INV-5222-L01,BULK-INV-5222,5222,2026-05-13,130,325,Paint,method_i_b,0.5,6770A,10.0,0.387,excellent,15,True
BULK-INV-5222-L01,BULK-INV-5222,5222,2026-05-13,130,325,Paint,method_i_b,0.5,6784B,7.0,0.396,excellent,16,True
BULK-INV-5222-L01,BULK-INV-5222,5222,2026-05-13,130,325,Paint,method_i_b,0.5,6784A,10.0,0.415,excellent,17,True
BULK-INV-5222-L01,BULK-INV-5222,5222,2026-05-13,130,325,Paint,method_i_b,0.5,6828N-D,5.0,0.446,excellent,18,True
BULK-INV-5222-L01,BULK-INV-5222,5222,2026-05-13,130,325,Paint,method_i_b,0.5,6785B,10.0,0.453,excellent,19,True
BULK-INV-5222-L01,BULK-INV-5222,5222,2026-05-13,130,325,Paint,method_i_b,0.5,6563A,6.0,0.54,excellent,20,True
BULK-INV-5222-L01,BULK-INV-5222,5222,2026-05-13,130,325,Paint,method_i_b,0.5,6822N-D,5.0,0.559,excellent,21,True
BULK-INV-5222-L01,BULK-INV-5222,5222,2026-05-13,130,325,Paint,method_i_b,0.5,6823N-A,5.0,0.602,strict,22,True
BULK-INV-5222-L01,BULK-INV-5222,5222,2026-05-13,130,325,Paint,method_i_b,0.5,6127A,5.0,0.633,strict,23,True
BULK-INV-5222-L01,BULK-INV-5222,5222,2026-05-13,130,325,Paint,method_i_b,0.5,6828N-C,5.0,0.661,strict,24,True
BULK-INV-5222-L01,BULK-INV-5222,5222,2026-05-13,130,325,Paint,method_i_b,0.5,6812B,10.0,0.72,strict,25,True
BULK-INV-5222-L01,BULK-INV-5222,5222,2026-05-13,130,325,Paint,method_i_b,0.5,6812A,10.0,0.836,strict,26,True
BULK-INV-5222-L01,BULK-INV-5222,5222,2026-05-13,130,325,Paint,method_i_b,0.5,6566A,6.0,0.872,strict,27,True
BULK-INV-5222-L01,BULK-INV-5222,5222,2026-05-13,130,325,Paint,method_i_b,0.5,6566A,5.0,0.872,strict,28,True
BULK-INV-5222-L01,BULK-INV-5222,5222,2026-05-13,130,325,Paint,method_i_b,0.5,6778N-B,5.0,1.01,relaxed,29,True
BULK-INV-5222-L01,BULK-INV-5222,5222,2026-05-13,130,325,Paint,method_i_b,0.5,6826N-D,5.0,1.094,relaxed,30,True
BULK-INV-5222-L01,BULK-INV-5222,5222,2026-05-13,130,325,Paint,method_i_b,0.5,6827N-A,5.0,1.231,relaxed,31,True
BULK-INV-5223-L01,BULK-INV-5223,5223,2026-05-14,130A,3249B,Paint,method_i_b,10.0,6788A,10.0,0.017,excellent,1,True
BULK-INV-5223-L01,BULK-INV-5223,5223,2026-05-14,130A,3249B,Paint,method_i_b,10.0,6787B,7.0,0.07,excellent,2,False
BULK-INV-5223-L01,BULK-INV-5223,5223,2026-05-14,130A,3249B,Paint,method_i_b,10.0,6797B,7.0,0.082,excellent,3,False
BULK-INV-5223-L01,BULK-INV-5223,5223,2026-05-14,130A,3249B,Paint,method_i_b,10.0,6797A,10.0,0.09,excellent,4,True
BULK-INV-5223-L01,BULK-INV-5223,5223,2026-05-14,130A,3249B,Paint,method_i_b,10.0,6787A,10.0,0.101,excellent,5,True
BULK-INV-5223-L01,BULK-INV-5223,5223,2026-05-14,130A,3249B,Paint,method_i_b,10.0,6796B,8.0,0.197,excellent,6,False
BULK-INV-5223-L01,BULK-INV-5223,5223,2026-05-14,130A,3249B,Paint,method_i_b,10.0,6788B,10.0,0.271,excellent,7,True
BULK-INV-5223-L01,BULK-INV-5223,5223,2026-05-14,130A,3249B,Paint,method_i_b,10.0,6796A,10.0,0.331,excellent,8,True
BULK-INV-5223-L01,BULK-INV-5223,5223,2026-05-14,130A,3249B,Paint,method_i_b,10.0,6803B,5.0,0.429,excellent,9,False
BULK-INV-5223-L01,BULK-INV-5223,5223,2026-05-14,130A,3249B,Paint,method_i_b,10.0,6802A,10.0,0.526,excellent,10,True
BULK-INV-5223-L01,BULK-INV-5223,5223,2026-05-14,130A,3249B,Paint,method_i_b,10.0,6801B,4.0,0.59,excellent,11,False
BULK-INV-5223-L01,BULK-INV-5223,5223,2026-05-14,130A,3249B,Paint,method_i_b,10.0,6803A,10.0,0.611,strict,12,True
BULK-INV-5223-L01,BULK-INV-5223,5223,2026-05-14,130A,3249B,Paint,method_i_b,10.0,6822N-A,5.0,0.661,strict,13,False
BULK-INV-5223-L01,BULK-INV-5223,5223,2026-05-14,130A,3249B,Paint,method_i_b,10.0,6833B,10.0,0.708,strict,14,True
BULK-INV-5223-L01,BULK-INV-5223,5223,2026-05-14,130A,3249B,Paint,method_i_b,10.0,6833A,10.0,0.77,strict,15,True
BULK-INV-5223-L01,BULK-INV-5223,5223,2026-05-14,130A,3249B,Paint,method_i_b,10.0,6802B,10.0,0.827,strict,16,True
BULK-INV-5223-L01,BULK-INV-5223,5223,2026-05-14,130A,3249B,Paint,method_i_b,10.0,6548A,4.0,0.833,strict,17,False
BULK-INV-5223-L01,BULK-INV-5223,5223,2026-05-14,130A,3249B,Paint,method_i_b,10.0,6832B,6.0,0.897,strict,18,False
BULK-INV-5223-L01,BULK-INV-5223,5223,2026-05-14,130A,3249B,Paint,method_i_b,10.0,6789A,10.0,0.899,strict,19,True
BULK-INV-5223-L01,BULK-INV-5223,5223,2026-05-14,130A,3249B,Paint,method_i_b,10.0,6801A,10.0,0.915,strict,20,True
BULK-INV-5223-L01,BULK-INV-5223,5223,2026-05-14,130A,3249B,Paint,method_i_b,10.0,6832A,10.0,0.923,strict,21,True
BULK-INV-5223-L01,BULK-INV-5223,5223,2026-05-14,130A,3249B,Paint,method_i_b,10.0,6719N-D,5.0,0.961,strict,22,False
BULK-INV-5223-L01,BULK-INV-5223,5223,2026-05-14,130A,3249B,Paint,method_i_b,10.0,6789B,10.0,1.026,relaxed,23,True
BULK-INV-5223-L01,BULK-INV-5223,5223,2026-05-14,130A,3249B,Paint,method_i_b,10.0,6770B,10.0,1.095,relaxed,24,True
BULK-INV-5223-L01,BULK-INV-5223,5223,2026-05-14,130A,3249B,Paint,method_i_b,10.0,6528A,10.0,1.236,relaxed,25,True
BULK-INV-5223-L01,BULK-INV-5223,5223,2026-05-14,130A,3249B,Paint,method_i_b,10.0,6823N-B,5.0,1.393,relaxed,26,False
BULK-INV-5224-L01,BULK-INV-5224,5224,2026-05-15,130,325,Paint,method_i_b,2.5,6764-B,5.0,0.13,excellent,1,True
BULK-INV-5224-L01,BULK-INV-5224,5224,2026-05-15,130,325,Paint,method_i_b,2.5,6767A,10.0,0.269,excellent,2,True
BULK-INV-5224-L01,BULK-INV-5224,5224,2026-05-15,130,325,Paint,method_i_b,2.5,6823N-C,5.0,0.269,excellent,3,True
BULK-INV-5224-L01,BULK-INV-5224,5224,2026-05-15,130,325,Paint,method_i_b,2.5,6768A,5.0,0.284,excellent,4,True
BULK-INV-5224-L01,BULK-INV-5224,5224,2026-05-15,130,325,Paint,method_i_b,2.5,6764-A,10.0,0.297,excellent,5,True
BULK-INV-5224-L01,BULK-INV-5224,5224,2026-05-15,130,325,Paint,method_i_b,2.5,6782A,10.0,0.297,excellent,6,True
BULK-INV-5224-L01,BULK-INV-5224,5224,2026-05-15,130,325,Paint,method_i_b,2.5,6781A,10.0,0.309,excellent,7,True
BULK-INV-5224-L01,BULK-INV-5224,5224,2026-05-15,130,325,Paint,method_i_b,2.5,6781B,2.0,0.311,excellent,8,False
BULK-INV-5224-L01,BULK-INV-5224,5224,2026-05-15,130,325,Paint,method_i_b,2.5,6785A,10.0,0.323,excellent,9,True
BULK-INV-5224-L01,BULK-INV-5224,5224,2026-05-15,130,325,Paint,method_i_b,2.5,6823N-D,5.0,0.342,excellent,10,True
BULK-INV-5224-L01,BULK-INV-5224,5224,2026-05-15,130,325,Paint,method_i_b,2.5,6824N-A,5.0,0.363,excellent,11,True
BULK-INV-5224-L01,BULK-INV-5224,5224,2026-05-15,130,325,Paint,method_i_b,2.5,6822N-C,5.0,0.369,excellent,12,True
BULK-INV-5224-L01,BULK-INV-5224,5224,2026-05-15,130,325,Paint,method_i_b,2.5,6767B,10.0,0.371,excellent,13,True
BULK-INV-5224-L01,BULK-INV-5224,5224,2026-05-15,130,325,Paint,method_i_b,2.5,6828N-A,5.0,0.371,excellent,14,True
BULK-INV-5224-L01,BULK-INV-5224,5224,2026-05-15,130,325,Paint,method_i_b,2.5,6770A,10.0,0.387,excellent,15,True
BULK-INV-5224-L01,BULK-INV-5224,5224,2026-05-15,130,325,Paint,method_i_b,2.5,6784B,7.0,0.396,excellent,16,True
BULK-INV-5224-L01,BULK-INV-5224,5224,2026-05-15,130,325,Paint,method_i_b,2.5,6784A,10.0,0.415,excellent,17,True
BULK-INV-5224-L01,BULK-INV-5224,5224,2026-05-15,130,325,Paint,method_i_b,2.5,6828N-D,5.0,0.446,excellent,18,True
BULK-INV-5224-L01,BULK-INV-5224,5224,2026-05-15,130,325,Paint,method_i_b,2.5,6785B,10.0,0.453,excellent,19,True
BULK-INV-5224-L01,BULK-INV-5224,5224,2026-05-15,130,325,Paint,method_i_b,2.5,6563A,6.0,0.54,excellent,20,True
BULK-INV-5224-L01,BULK-INV-5224,5224,2026-05-15,130,325,Paint,method_i_b,2.5,6822N-D,5.0,0.559,excellent,21,True
BULK-INV-5224-L01,BULK-INV-5224,5224,2026-05-15,130,325,Paint,method_i_b,2.5,6823N-A,5.0,0.602,strict,22,True
BULK-INV-5224-L01,BULK-INV-5224,5224,2026-05-15,130,325,Paint,method_i_b,2.5,6127A,5.0,0.633,strict,23,True
BULK-INV-5224-L01,BULK-INV-5224,5224,2026-05-15,130,325,Paint,method_i_b,2.5,6828N-C,5.0,0.661,strict,24,True
BULK-INV-5224-L01,BULK-INV-5224,5224,2026-05-15,130,325,Paint,method_i_b,2.5,6812B,10.0,0.72,strict,25,True
BULK-INV-5224-L01,BULK-INV-5224,5224,2026-05-15,130,325,Paint,method_i_b,2.5,6812A,10.0,0.836,strict,26,True
BULK-INV-5224-L01,BULK-INV-5224,5224,2026-05-15,130,325,Paint,method_i_b,2.5,6566A,6.0,0.872,strict,27,True
BULK-INV-5224-L01,BULK-INV-5224,5224,2026-05-15,130,325,Paint,method_i_b,2.5,6566A,5.0,0.872,strict,28,True
BULK-INV-5224-L01,BULK-INV-5224,5224,2026-05-15,130,325,Paint,method_i_b,2.5,6778N-B,5.0,1.01,relaxed,29,True
BULK-INV-5224-L01,BULK-INV-5224,5224,2026-05-15,130,325,Paint,method_i_b,2.5,6826N-D,5.0,1.094,relaxed,30,True
BULK-INV-5224-L01,BULK-INV-5224,5224,2026-05-15,130,325,Paint,method_i_b,2.5,6827N-A,5.0,1.231,relaxed,31,True
BULK-INV-5225-L01,BULK-INV-5225,5225,2026-04-01,130,325,Paint,method_i_b,1.5,6764-B,5.0,0.13,excellent,1,True
BULK-INV-5225-L01,BULK-INV-5225,5225,2026-04-01,130,325,Paint,method_i_b,1.5,6767A,10.0,0.269,excellent,2,True
BULK-INV-5225-L01,BULK-INV-5225,5225,2026-04-01,130,325,Paint,method_i_b,1.5,6823N-C,5.0,0.269,excellent,3,True
BULK-INV-5225-L01,BULK-INV-5225,5225,2026-04-01,130,325,Paint,method_i_b,1.5,6768A,5.0,0.284,excellent,4,True
BULK-INV-5225-L01,BULK-INV-5225,5225,2026-04-01,130,325,Paint,method_i_b,1.5,6764-A,10.0,0.297,excellent,5,True
BULK-INV-5225-L01,BULK-INV-5225,5225,2026-04-01,130,325,Paint,method_i_b,1.5,6782A,10.0,0.297,excellent,6,True
BULK-INV-5225-L01,BULK-INV-5225,5225,2026-04-01,130,325,Paint,method_i_b,1.5,6781A,10.0,0.309,excellent,7,True
BULK-INV-5225-L01,BULK-INV-5225,5225,2026-04-01,130,325,Paint,method_i_b,1.5,6781B,2.0,0.311,excellent,8,True
BULK-INV-5225-L01,BULK-INV-5225,5225,2026-04-01,130,325,Paint,method_i_b,1.5,6785A,10.0,0.323,excellent,9,True
BULK-INV-5225-L01,BULK-INV-5225,5225,2026-04-01,130,325,Paint,method_i_b,1.5,6823N-D,5.0,0.342,excellent,10,True
BULK-INV-5225-L01,BULK-INV-5225,5225,2026-04-01,130,325,Paint,method_i_b,1.5,6824N-A,5.0,0.363,excellent,11,True
BULK-INV-5225-L01,BULK-INV-5225,5225,2026-04-01,130,325,Paint,method_i_b,1.5,6822N-C,5.0,0.369,excellent,12,True
BULK-INV-5225-L01,BULK-INV-5225,5225,2026-04-01,130,325,Paint,method_i_b,1.5,6767B,10.0,0.371,excellent,13,True
BULK-INV-5225-L01,BULK-INV-5225,5225,2026-04-01,130,325,Paint,method_i_b,1.5,6828N-A,5.0,0.371,excellent,14,True
BULK-INV-5225-L01,BULK-INV-5225,5225,2026-04-01,130,325,Paint,method_i_b,1.5,6770A,10.0,0.387,excellent,15,True
BULK-INV-5225-L01,BULK-INV-5225,5225,2026-04-01,130,325,Paint,method_i_b,1.5,6784B,7.0,0.396,excellent,16,True
BULK-INV-5225-L01,BULK-INV-5225,5225,2026-04-01,130,325,Paint,method_i_b,1.5,6784A,10.0,0.415,excellent,17,True
BULK-INV-5225-L01,BULK-INV-5225,5225,2026-04-01,130,325,Paint,method_i_b,1.5,6828N-D,5.0,0.446,excellent,18,True
BULK-INV-5225-L01,BULK-INV-5225,5225,2026-04-01,130,325,Paint,method_i_b,1.5,6785B,10.0,0.453,excellent,19,True
BULK-INV-5225-L01,BULK-INV-5225,5225,2026-04-01,130,325,Paint,method_i_b,1.5,6563A,6.0,0.54,excellent,20,True
BULK-INV-5225-L01,BULK-INV-5225,5225,2026-04-01,130,325,Paint,method_i_b,1.5,6822N-D,5.0,0.559,excellent,21,True
BULK-INV-5225-L01,BULK-INV-5225,5225,2026-04-01,130,325,Paint,method_i_b,1.5,6823N-A,5.0,0.602,strict,22,True
BULK-INV-5225-L01,BULK-INV-5225,5225,2026-04-01,130,325,Paint,method_i_b,1.5,6127A,5.0,0.633,strict,23,True
BULK-INV-5225-L01,BULK-INV-5225,5225,2026-04-01,130,325,Paint,method_i_b,1.5,6828N-C,5.0,0.661,strict,24,True
BULK-INV-5225-L01,BULK-INV-5225,5225,2026-04-01,130,325,Paint,method_i_b,1.5,6812B,10.0,0.72,strict,25,True
BULK-INV-5225-L01,BULK-INV-5225,5225,2026-04-01,130,325,Paint,method_i_b,1.5,6812A,10.0,0.836,strict,26,True
BULK-INV-5225-L01,BULK-INV-5225,5225,2026-04-01,130,325,Paint,method_i_b,1.5,6566A,6.0,0.872,strict,27,True
BULK-INV-5225-L01,BULK-INV-5225,5225,2026-04-01,130,325,Paint,method_i_b,1.5,6566A,5.0,0.872,strict,28,True
BULK-INV-5225-L01,BULK-INV-5225,5225,2026-04-01,130,325,Paint,method_i_b,1.5,6778N-B,5.0,1.01,relaxed,29,True
BULK-INV-5225-L01,BULK-INV-5225,5225,2026-04-01,130,325,Paint,method_i_b,1.5,6826N-D,5.0,1.094,relaxed,30,True
BULK-INV-5225-L01,BULK-INV-5225,5225,2026-04-01,130,325,Paint,method_i_b,1.5,6827N-A,5.0,1.231,relaxed,31,True
BULK-INV-5226-L01,BULK-INV-5226,5226,2026-04-02,130,325,Paint,method_i_b,10.0,6764-B,5.0,0.13,excellent,1,False
BULK-INV-5226-L01,BULK-INV-5226,5226,2026-04-02,130,325,Paint,method_i_b,10.0,6767A,10.0,0.269,excellent,2,True
BULK-INV-5226-L01,BULK-INV-5226,5226,2026-04-02,130,325,Paint,method_i_b,10.0,6823N-C,5.0,0.269,excellent,3,False
BULK-INV-5226-L01,BULK-INV-5226,5226,2026-04-02,130,325,Paint,method_i_b,10.0,6768A,5.0,0.284,excellent,4,False
BULK-INV-5226-L01,BULK-INV-5226,5226,2026-04-02,130,325,Paint,method_i_b,10.0,6764-A,10.0,0.297,excellent,5,True
BULK-INV-5226-L01,BULK-INV-5226,5226,2026-04-02,130,325,Paint,method_i_b,10.0,6782A,10.0,0.297,excellent,6,True
BULK-INV-5226-L01,BULK-INV-5226,5226,2026-04-02,130,325,Paint,method_i_b,10.0,6781A,10.0,0.309,excellent,7,True
BULK-INV-5226-L01,BULK-INV-5226,5226,2026-04-02,130,325,Paint,method_i_b,10.0,6781B,2.0,0.311,excellent,8,False
BULK-INV-5226-L01,BULK-INV-5226,5226,2026-04-02,130,325,Paint,method_i_b,10.0,6785A,10.0,0.323,excellent,9,True
BULK-INV-5226-L01,BULK-INV-5226,5226,2026-04-02,130,325,Paint,method_i_b,10.0,6823N-D,5.0,0.342,excellent,10,False
BULK-INV-5226-L01,BULK-INV-5226,5226,2026-04-02,130,325,Paint,method_i_b,10.0,6824N-A,5.0,0.363,excellent,11,False
BULK-INV-5226-L01,BULK-INV-5226,5226,2026-04-02,130,325,Paint,method_i_b,10.0,6822N-C,5.0,0.369,excellent,12,False
BULK-INV-5226-L01,BULK-INV-5226,5226,2026-04-02,130,325,Paint,method_i_b,10.0,6767B,10.0,0.371,excellent,13,True
BULK-INV-5226-L01,BULK-INV-5226,5226,2026-04-02,130,325,Paint,method_i_b,10.0,6828N-A,5.0,0.371,excellent,14,False
BULK-INV-5226-L01,BULK-INV-5226,5226,2026-04-02,130,325,Paint,method_i_b,10.0,6770A,10.0,0.387,excellent,15,True
BULK-INV-5226-L01,BULK-INV-5226,5226,2026-04-02,130,325,Paint,method_i_b,10.0,6784B,7.0,0.396,excellent,16,False
BULK-INV-5226-L01,BULK-INV-5226,5226,2026-04-02,130,325,Paint,method_i_b,10.0,6784A,10.0,0.415,excellent,17,True
BULK-INV-5226-L01,BULK-INV-5226,5226,2026-04-02,130,325,Paint,method_i_b,10.0,6828N-D,5.0,0.446,excellent,18,False
BULK-INV-5226-L01,BULK-INV-5226,5226,2026-04-02,130,325,Paint,method_i_b,10.0,6785B,10.0,0.453,excellent,19,True
BULK-INV-5226-L01,BULK-INV-5226,5226,2026-04-02,130,325,Paint,method_i_b,10.0,6563A,6.0,0.54,excellent,20,False
BULK-INV-5226-L01,BULK-INV-5226,5226,2026-04-02,130,325,Paint,method_i_b,10.0,6822N-D,5.0,0.559,excellent,21,False
BULK-INV-5226-L01,BULK-INV-5226,5226,2026-04-02,130,325,Paint,method_i_b,10.0,6823N-A,5.0,0.602,strict,22,False
BULK-INV-5226-L01,BULK-INV-5226,5226,2026-04-02,130,325,Paint,method_i_b,10.0,6127A,5.0,0.633,strict,23,False
BULK-INV-5226-L01,BULK-INV-5226,5226,2026-04-02,130,325,Paint,method_i_b,10.0,6828N-C,5.0,0.661,strict,24,False
BULK-INV-5226-L01,BULK-INV-5226,5226,2026-04-02,130,325,Paint,method_i_b,10.0,6812B,10.0,0.72,strict,25,True
BULK-INV-5226-L01,BULK-INV-5226,5226,2026-04-02,130,325,Paint,method_i_b,10.0,6812A,10.0,0.836,strict,26,True
BULK-INV-5226-L01,BULK-INV-5226,5226,2026-04-02,130,325,Paint,method_i_b,10.0,6566A,6.0,0.872,strict,27,False
BULK-INV-5226-L01,BULK-INV-5226,5226,2026-04-02,130,325,Paint,method_i_b,10.0,6566A,5.0,0.872,strict,28,False
BULK-INV-5226-L01,BULK-INV-5226,5226,2026-04-02,130,325,Paint,method_i_b,10.0,6778N-B,5.0,1.01,relaxed,29,False
BULK-INV-5226-L01,BULK-INV-5226,5226,2026-04-02,130,325,Paint,method_i_b,10.0,6826N-D,5.0,1.094,relaxed,30,False
BULK-INV-5226-L01,BULK-INV-5226,5226,2026-04-02,130,325,Paint,method_i_b,10.0,6827N-A,5.0,1.231,relaxed,31,False
BULK-INV-5227-L01,BULK-INV-5227,5227,2026-04-03,130,325,Paint,method_i_b,0.75,6764-B,5.0,0.13,excellent,1,True
BULK-INV-5227-L01,BULK-INV-5227,5227,2026-04-03,130,325,Paint,method_i_b,0.75,6767A,10.0,0.269,excellent,2,True
BULK-INV-5227-L01,BULK-INV-5227,5227,2026-04-03,130,325,Paint,method_i_b,0.75,6823N-C,5.0,0.269,excellent,3,True
BULK-INV-5227-L01,BULK-INV-5227,5227,2026-04-03,130,325,Paint,method_i_b,0.75,6768A,5.0,0.284,excellent,4,True
BULK-INV-5227-L01,BULK-INV-5227,5227,2026-04-03,130,325,Paint,method_i_b,0.75,6764-A,10.0,0.297,excellent,5,True
BULK-INV-5227-L01,BULK-INV-5227,5227,2026-04-03,130,325,Paint,method_i_b,0.75,6782A,10.0,0.297,excellent,6,True
BULK-INV-5227-L01,BULK-INV-5227,5227,2026-04-03,130,325,Paint,method_i_b,0.75,6781A,10.0,0.309,excellent,7,True
BULK-INV-5227-L01,BULK-INV-5227,5227,2026-04-03,130,325,Paint,method_i_b,0.75,6781B,2.0,0.311,excellent,8,True
BULK-INV-5227-L01,BULK-INV-5227,5227,2026-04-03,130,325,Paint,method_i_b,0.75,6785A,10.0,0.323,excellent,9,True
BULK-INV-5227-L01,BULK-INV-5227,5227,2026-04-03,130,325,Paint,method_i_b,0.75,6823N-D,5.0,0.342,excellent,10,True
BULK-INV-5227-L01,BULK-INV-5227,5227,2026-04-03,130,325,Paint,method_i_b,0.75,6824N-A,5.0,0.363,excellent,11,True
BULK-INV-5227-L01,BULK-INV-5227,5227,2026-04-03,130,325,Paint,method_i_b,0.75,6822N-C,5.0,0.369,excellent,12,True
BULK-INV-5227-L01,BULK-INV-5227,5227,2026-04-03,130,325,Paint,method_i_b,0.75,6767B,10.0,0.371,excellent,13,True
BULK-INV-5227-L01,BULK-INV-5227,5227,2026-04-03,130,325,Paint,method_i_b,0.75,6828N-A,5.0,0.371,excellent,14,True
BULK-INV-5227-L01,BULK-INV-5227,5227,2026-04-03,130,325,Paint,method_i_b,0.75,6770A,10.0,0.387,excellent,15,True
BULK-INV-5227-L01,BULK-INV-5227,5227,2026-04-03,130,325,Paint,method_i_b,0.75,6784B,7.0,0.396,excellent,16,True
BULK-INV-5227-L01,BULK-INV-5227,5227,2026-04-03,130,325,Paint,method_i_b,0.75,6784A,10.0,0.415,excellent,17,True
BULK-INV-5227-L01,BULK-INV-5227,5227,2026-04-03,130,325,Paint,method_i_b,0.75,6828N-D,5.0,0.446,excellent,18,True
BULK-INV-5227-L01,BULK-INV-5227,5227,2026-04-03,130,325,Paint,method_i_b,0.75,6785B,10.0,0.453,excellent,19,True
BULK-INV-5227-L01,BULK-INV-5227,5227,2026-04-03,130,325,Paint,method_i_b,0.75,6563A,6.0,0.54,excellent,20,True
BULK-INV-5227-L01,BULK-INV-5227,5227,2026-04-03,130,325,Paint,method_i_b,0.75,6822N-D,5.0,0.559,excellent,21,True
BULK-INV-5227-L01,BULK-INV-5227,5227,2026-04-03,130,325,Paint,method_i_b,0.75,6823N-A,5.0,0.602,strict,22,True
BULK-INV-5227-L01,BULK-INV-5227,5227,2026-04-03,130,325,Paint,method_i_b,0.75,6127A,5.0,0.633,strict,23,True
BULK-INV-5227-L01,BULK-INV-5227,5227,2026-04-03,130,325,Paint,method_i_b,0.75,6828N-C,5.0,0.661,strict,24,True
BULK-INV-5227-L01,BULK-INV-5227,5227,2026-04-03,130,325,Paint,method_i_b,0.75,6812B,10.0,0.72,strict,25,True
BULK-INV-5227-L01,BULK-INV-5227,5227,2026-04-03,130,325,Paint,method_i_b,0.75,6812A,10.0,0.836,strict,26,True
BULK-INV-5227-L01,BULK-INV-5227,5227,2026-04-03,130,325,Paint,method_i_b,0.75,6566A,6.0,0.872,strict,27,True
BULK-INV-5227-L01,BULK-INV-5227,5227,2026-04-03,130,325,Paint,method_i_b,0.75,6566A,5.0,0.872,strict,28,True
BULK-INV-5227-L01,BULK-INV-5227,5227,2026-04-03,130,325,Paint,method_i_b,0.75,6778N-B,5.0,1.01,relaxed,29,True
BULK-INV-5227-L01,BULK-INV-5227,5227,2026-04-03,130,325,Paint,method_i_b,0.75,6826N-D,5.0,1.094,relaxed,30,True
BULK-INV-5227-L01,BULK-INV-5227,5227,2026-04-03,130,325,Paint,method_i_b,0.75,6827N-A,5.0,1.231,relaxed,31,True
BULK-INV-5227-L02,BULK-INV-5227,5227,2026-04-03,130,325,Paint,method_i_b,0.5,6764-B,5.0,0.13,excellent,1,True
BULK-INV-5227-L02,BULK-INV-5227,5227,2026-04-03,130,325,Paint,method_i_b,0.5,6767A,10.0,0.269,excellent,2,True
BULK-INV-5227-L02,BULK-INV-5227,5227,2026-04-03,130,325,Paint,method_i_b,0.5,6823N-C,5.0,0.269,excellent,3,True
BULK-INV-5227-L02,BULK-INV-5227,5227,2026-04-03,130,325,Paint,method_i_b,0.5,6768A,5.0,0.284,excellent,4,True
BULK-INV-5227-L02,BULK-INV-5227,5227,2026-04-03,130,325,Paint,method_i_b,0.5,6764-A,10.0,0.297,excellent,5,True
BULK-INV-5227-L02,BULK-INV-5227,5227,2026-04-03,130,325,Paint,method_i_b,0.5,6782A,10.0,0.297,excellent,6,True
BULK-INV-5227-L02,BULK-INV-5227,5227,2026-04-03,130,325,Paint,method_i_b,0.5,6781A,10.0,0.309,excellent,7,True
BULK-INV-5227-L02,BULK-INV-5227,5227,2026-04-03,130,325,Paint,method_i_b,0.5,6781B,2.0,0.311,excellent,8,True
BULK-INV-5227-L02,BULK-INV-5227,5227,2026-04-03,130,325,Paint,method_i_b,0.5,6785A,10.0,0.323,excellent,9,True
BULK-INV-5227-L02,BULK-INV-5227,5227,2026-04-03,130,325,Paint,method_i_b,0.5,6823N-D,5.0,0.342,excellent,10,True
BULK-INV-5227-L02,BULK-INV-5227,5227,2026-04-03,130,325,Paint,method_i_b,0.5,6824N-A,5.0,0.363,excellent,11,True
BULK-INV-5227-L02,BULK-INV-5227,5227,2026-04-03,130,325,Paint,method_i_b,0.5,6822N-C,5.0,0.369,excellent,12,True
BULK-INV-5227-L02,BULK-INV-5227,5227,2026-04-03,130,325,Paint,method_i_b,0.5,6767B,10.0,0.371,excellent,13,True
BULK-INV-5227-L02,BULK-INV-5227,5227,2026-04-03,130,325,Paint,method_i_b,0.5,6828N-A,5.0,0.371,excellent,14,True
BULK-INV-5227-L02,BULK-INV-5227,5227,2026-04-03,130,325,Paint,method_i_b,0.5,6770A,10.0,0.387,excellent,15,True
BULK-INV-5227-L02,BULK-INV-5227,5227,2026-04-03,130,325,Paint,method_i_b,0.5,6784B,7.0,0.396,excellent,16,True
BULK-INV-5227-L02,BULK-INV-5227,5227,2026-04-03,130,325,Paint,method_i_b,0.5,6784A,10.0,0.415,excellent,17,True
BULK-INV-5227-L02,BULK-INV-5227,5227,2026-04-03,130,325,Paint,method_i_b,0.5,6828N-D,5.0,0.446,excellent,18,True
BULK-INV-5227-L02,BULK-INV-5227,5227,2026-04-03,130,325,Paint,method_i_b,0.5,6785B,10.0,0.453,excellent,19,True
BULK-INV-5227-L02,BULK-INV-5227,5227,2026-04-03,130,325,Paint,method_i_b,0.5,6563A,6.0,0.54,excellent,20,True
BULK-INV-5227-L02,BULK-INV-5227,5227,2026-04-03,130,325,Paint,method_i_b,0.5,6822N-D,5.0,0.559,excellent,21,True
BULK-INV-5227-L02,BULK-INV-5227,5227,2026-04-03,130,325,Paint,method_i_b,0.5,6823N-A,5.0,0.602,strict,22,True
BULK-INV-5227-L02,BULK-INV-5227,5227,2026-04-03,130,325,Paint,method_i_b,0.5,6127A,5.0,0.633,strict,23,True
BULK-INV-5227-L02,BULK-INV-5227,5227,2026-04-03,130,325,Paint,method_i_b,0.5,6828N-C,5.0,0.661,strict,24,True
BULK-INV-5227-L02,BULK-INV-5227,5227,2026-04-03,130,325,Paint,method_i_b,0.5,6812B,10.0,0.72,strict,25,True
BULK-INV-5227-L02,BULK-INV-5227,5227,2026-04-03,130,325,Paint,method_i_b,0.5,6812A,10.0,0.836,strict,26,True
BULK-INV-5227-L02,BULK-INV-5227,5227,2026-04-03,130,325,Paint,method_i_b,0.5,6566A,6.0,0.872,strict,27,True
BULK-INV-5227-L02,BULK-INV-5227,5227,2026-04-03,130,325,Paint,method_i_b,0.5,6566A,5.0,0.872,strict,28,True
BULK-INV-5227-L02,BULK-INV-5227,5227,2026-04-03,130,325,Paint,method_i_b,0.5,6778N-B,5.0,1.01,relaxed,29,True
BULK-INV-5227-L02,BULK-INV-5227,5227,2026-04-03,130,325,Paint,method_i_b,0.5,6826N-D,5.0,1.094,relaxed,30,True
BULK-INV-5227-L02,BULK-INV-5227,5227,2026-04-03,130,325,Paint,method_i_b,0.5,6827N-A,5.0,1.231,relaxed,31,True
BULK-INV-5228-L01,BULK-INV-5228,5228,2026-04-04,130A,3249B,Water Based,method_ii,10.0,6802A,10.0,0.119,excellent,1,True
BULK-INV-5228-L01,BULK-INV-5228,5228,2026-04-04,130A,3249B,Water Based,method_ii,10.0,6796A,10.0,0.161,excellent,2,True
BULK-INV-5228-L01,BULK-INV-5228,5228,2026-04-04,130A,3249B,Water Based,method_ii,10.0,6801A,10.0,0.212,excellent,3,True
BULK-INV-5228-L01,BULK-INV-5228,5228,2026-04-04,130A,3249B,Water Based,method_ii,10.0,6789A,10.0,0.214,excellent,4,True
BULK-INV-5228-L01,BULK-INV-5228,5228,2026-04-04,130A,3249B,Water Based,method_ii,10.0,6822N-A,5.0,0.331,excellent,5,False
BULK-INV-5228-L01,BULK-INV-5228,5228,2026-04-04,130A,3249B,Water Based,method_ii,10.0,6797A,10.0,0.335,excellent,6,True
BULK-INV-5228-L01,BULK-INV-5228,5228,2026-04-04,130A,3249B,Water Based,method_ii,10.0,6787A,10.0,0.35,excellent,7,True
BULK-INV-5228-L01,BULK-INV-5228,5228,2026-04-04,130A,3249B,Water Based,method_ii,10.0,6802B,10.0,0.351,excellent,8,True
BULK-INV-5228-L01,BULK-INV-5228,5228,2026-04-04,130A,3249B,Water Based,method_ii,10.0,6788B,10.0,0.373,excellent,9,True
BULK-INV-5228-L01,BULK-INV-5228,5228,2026-04-04,130A,3249B,Water Based,method_ii,10.0,6796B,8.0,0.375,excellent,10,False
BULK-INV-5228-L01,BULK-INV-5228,5228,2026-04-04,130A,3249B,Water Based,method_ii,10.0,6801B,4.0,0.404,excellent,11,False
BULK-INV-5228-L01,BULK-INV-5228,5228,2026-04-04,130A,3249B,Water Based,method_ii,10.0,6788A,10.0,0.508,excellent,12,True
BULK-INV-5228-L01,BULK-INV-5228,5228,2026-04-04,130A,3249B,Water Based,method_ii,10.0,6797B,7.0,0.685,strict,13,False
BULK-INV-5228-L01,BULK-INV-5228,5228,2026-04-04,130A,3249B,Water Based,method_ii,10.0,6789B,10.0,0.76,strict,14,True
BULK-INV-5228-L01,BULK-INV-5228,5228,2026-04-04,130A,3249B,Water Based,method_ii,10.0,6787B,7.0,0.797,strict,15,False
BULK-INV-5228-L01,BULK-INV-5228,5228,2026-04-04,130A,3249B,Water Based,method_ii,10.0,6548A,4.0,0.904,strict,16,False
BULK-INV-5228-L01,BULK-INV-5228,5228,2026-04-04,130A,3249B,Water Based,method_ii,10.0,6823N-B,5.0,1.056,relaxed,17,False
BULK-INV-5228-L01,BULK-INV-5228,5228,2026-04-04,130A,3249B,Water Based,method_ii,10.0,6833A,10.0,1.074,relaxed,18,True
BULK-INV-5228-L01,BULK-INV-5228,5228,2026-04-04,130A,3249B,Water Based,method_ii,10.0,6719N-D,5.0,1.165,relaxed,19,False
BULK-INV-5228-L01,BULK-INV-5228,5228,2026-04-04,130A,3249B,Water Based,method_ii,10.0,6803B,5.0,1.196,relaxed,20,False
BULK-INV-5228-L01,BULK-INV-5228,5228,2026-04-04,130A,3249B,Water Based,method_ii,10.0,6803A,10.0,1.227,relaxed,21,True
BULK-INV-5228-L01,BULK-INV-5228,5228,2026-04-04,130A,3249B,Water Based,method_ii,10.0,6832A,10.0,1.584,review,22,True
BULK-INV-5228-L01,BULK-INV-5228,5228,2026-04-04,130A,3249B,Water Based,method_ii,10.0,6832B,6.0,1.699,review,23,False
BULK-INV-5228-L01,BULK-INV-5228,5228,2026-04-04,130A,3249B,Water Based,method_ii,10.0,6833B,10.0,2.032,review,24,True
BULK-INV-5228-L01,BULK-INV-5228,5228,2026-04-04,130A,3249B,Water Based,method_ii,10.0,6528A,10.0,2.171,review,25,True
BULK-INV-5228-L01,BULK-INV-5228,5228,2026-04-04,130A,3249B,Water Based,method_ii,10.0,6770B,10.0,2.281,review,26,True
BULK-INV-5228-L02,BULK-INV-5228,5228,2026-04-04,130,325,Water Based,method_ii,1.5,6778N-B,5.0,0.292,excellent,1,True
BULK-INV-5228-L02,BULK-INV-5228,5228,2026-04-04,130,325,Water Based,method_ii,1.5,6823N-D,5.0,0.493,excellent,2,True
BULK-INV-5228-L02,BULK-INV-5228,5228,2026-04-04,130,325,Water Based,method_ii,1.5,6824N-A,5.0,0.52,excellent,3,True
BULK-INV-5228-L02,BULK-INV-5228,5228,2026-04-04,130,325,Water Based,method_ii,1.5,6823N-C,5.0,0.623,strict,4,True
BULK-INV-5228-L02,BULK-INV-5228,5228,2026-04-04,130,325,Water Based,method_ii,1.5,6823N-A,5.0,0.732,strict,5,True
BULK-INV-5228-L02,BULK-INV-5228,5228,2026-04-04,130,325,Water Based,method_ii,1.5,6822N-D,5.0,0.747,strict,6,True
BULK-INV-5228-L02,BULK-INV-5228,5228,2026-04-04,130,325,Water Based,method_ii,1.5,6828N-D,5.0,0.799,strict,7,True
BULK-INV-5228-L02,BULK-INV-5228,5228,2026-04-04,130,325,Water Based,method_ii,1.5,6563A,6.0,0.929,strict,8,True
BULK-INV-5228-L02,BULK-INV-5228,5228,2026-04-04,130,325,Water Based,method_ii,1.5,6764-B,5.0,0.941,strict,9,True
BULK-INV-5228-L02,BULK-INV-5228,5228,2026-04-04,130,325,Water Based,method_ii,1.5,6768A,5.0,0.957,strict,10,True
BULK-INV-5228-L02,BULK-INV-5228,5228,2026-04-04,130,325,Water Based,method_ii,1.5,6828N-A,5.0,0.974,strict,11,True
BULK-INV-5228-L02,BULK-INV-5228,5228,2026-04-04,130,325,Water Based,method_ii,1.5,6828N-C,5.0,1.052,relaxed,12,True
BULK-INV-5228-L02,BULK-INV-5228,5228,2026-04-04,130,325,Water Based,method_ii,1.5,6822N-C,5.0,1.066,relaxed,13,True
BULK-INV-5228-L02,BULK-INV-5228,5228,2026-04-04,130,325,Water Based,method_ii,1.5,6764-A,10.0,1.175,relaxed,14,True
BULK-INV-5228-L02,BULK-INV-5228,5228,2026-04-04,130,325,Water Based,method_ii,1.5,6127A,5.0,1.205,relaxed,15,True
BULK-INV-5228-L02,BULK-INV-5228,5228,2026-04-04,130,325,Water Based,method_ii,1.5,6767A,10.0,1.397,relaxed,16,True
BULK-INV-5228-L02,BULK-INV-5228,5228,2026-04-04,130,325,Water Based,method_ii,1.5,6566A,6.0,1.422,relaxed,17,True
BULK-INV-5228-L02,BULK-INV-5228,5228,2026-04-04,130,325,Water Based,method_ii,1.5,6566A,5.0,1.422,relaxed,18,True
BULK-INV-5228-L02,BULK-INV-5228,5228,2026-04-04,130,325,Water Based,method_ii,1.5,6785B,10.0,1.449,relaxed,19,True
BULK-INV-5228-L02,BULK-INV-5228,5228,2026-04-04,130,325,Water Based,method_ii,1.5,6767B,10.0,1.465,relaxed,20,True
BULK-INV-5228-L02,BULK-INV-5228,5228,2026-04-04,130,325,Water Based,method_ii,1.5,6812B,10.0,1.476,relaxed,21,True
BULK-INV-5228-L02,BULK-INV-5228,5228,2026-04-04,130,325,Water Based,method_ii,1.5,6784B,7.0,1.546,review,22,True
BULK-INV-5228-L02,BULK-INV-5228,5228,2026-04-04,130,325,Water Based,method_ii,1.5,6782A,10.0,1.575,review,23,True
BULK-INV-5228-L02,BULK-INV-5228,5228,2026-04-04,130,325,Water Based,method_ii,1.5,6784A,10.0,1.581,review,24,True
BULK-INV-5228-L02,BULK-INV-5228,5228,2026-04-04,130,325,Water Based,method_ii,1.5,6781B,2.0,1.623,review,25,True
BULK-INV-5228-L02,BULK-INV-5228,5228,2026-04-04,130,325,Water Based,method_ii,1.5,6785A,10.0,1.688,review,26,True
BULK-INV-5228-L02,BULK-INV-5228,5228,2026-04-04,130,325,Water Based,method_ii,1.5,6826N-D,5.0,1.84,review,27,True
BULK-INV-5228-L02,BULK-INV-5228,5228,2026-04-04,130,325,Water Based,method_ii,1.5,6781A,10.0,1.929,review,28,True
BULK-INV-5228-L02,BULK-INV-5228,5228,2026-04-04,130,325,Water Based,method_ii,1.5,6812A,10.0,1.955,review,29,True
BULK-INV-5228-L02,BULK-INV-5228,5228,2026-04-04,130,325,Water Based,method_ii,1.5,6827N-A,5.0,1.965,review,30,True
BULK-INV-5228-L02,BULK-INV-5228,5228,2026-04-04,130,325,Water Based,method_ii,1.5,6770A,10.0,2.183,review,31,True
BULK-INV-5229-L01,BULK-INV-5229,5229,2026-04-05,130,325,Paint,method_i_b,30.0,6764-B,5.0,0.13,excellent,1,False
BULK-INV-5229-L01,BULK-INV-5229,5229,2026-04-05,130,325,Paint,method_i_b,30.0,6767A,10.0,0.269,excellent,2,False
BULK-INV-5229-L01,BULK-INV-5229,5229,2026-04-05,130,325,Paint,method_i_b,30.0,6823N-C,5.0,0.269,excellent,3,False
BULK-INV-5229-L01,BULK-INV-5229,5229,2026-04-05,130,325,Paint,method_i_b,30.0,6768A,5.0,0.284,excellent,4,False
BULK-INV-5229-L01,BULK-INV-5229,5229,2026-04-05,130,325,Paint,method_i_b,30.0,6764-A,10.0,0.297,excellent,5,False
BULK-INV-5229-L01,BULK-INV-5229,5229,2026-04-05,130,325,Paint,method_i_b,30.0,6782A,10.0,0.297,excellent,6,False
BULK-INV-5229-L01,BULK-INV-5229,5229,2026-04-05,130,325,Paint,method_i_b,30.0,6781A,10.0,0.309,excellent,7,False
BULK-INV-5229-L01,BULK-INV-5229,5229,2026-04-05,130,325,Paint,method_i_b,30.0,6781B,2.0,0.311,excellent,8,False
BULK-INV-5229-L01,BULK-INV-5229,5229,2026-04-05,130,325,Paint,method_i_b,30.0,6785A,10.0,0.323,excellent,9,False
BULK-INV-5229-L01,BULK-INV-5229,5229,2026-04-05,130,325,Paint,method_i_b,30.0,6823N-D,5.0,0.342,excellent,10,False
BULK-INV-5229-L01,BULK-INV-5229,5229,2026-04-05,130,325,Paint,method_i_b,30.0,6824N-A,5.0,0.363,excellent,11,False
BULK-INV-5229-L01,BULK-INV-5229,5229,2026-04-05,130,325,Paint,method_i_b,30.0,6822N-C,5.0,0.369,excellent,12,False
BULK-INV-5229-L01,BULK-INV-5229,5229,2026-04-05,130,325,Paint,method_i_b,30.0,6767B,10.0,0.371,excellent,13,False
BULK-INV-5229-L01,BULK-INV-5229,5229,2026-04-05,130,325,Paint,method_i_b,30.0,6828N-A,5.0,0.371,excellent,14,False
BULK-INV-5229-L01,BULK-INV-5229,5229,2026-04-05,130,325,Paint,method_i_b,30.0,6770A,10.0,0.387,excellent,15,False
BULK-INV-5229-L01,BULK-INV-5229,5229,2026-04-05,130,325,Paint,method_i_b,30.0,6784B,7.0,0.396,excellent,16,False
BULK-INV-5229-L01,BULK-INV-5229,5229,2026-04-05,130,325,Paint,method_i_b,30.0,6784A,10.0,0.415,excellent,17,False
BULK-INV-5229-L01,BULK-INV-5229,5229,2026-04-05,130,325,Paint,method_i_b,30.0,6828N-D,5.0,0.446,excellent,18,False
BULK-INV-5229-L01,BULK-INV-5229,5229,2026-04-05,130,325,Paint,method_i_b,30.0,6785B,10.0,0.453,excellent,19,False
BULK-INV-5229-L01,BULK-INV-5229,5229,2026-04-05,130,325,Paint,method_i_b,30.0,6563A,6.0,0.54,excellent,20,False
BULK-INV-5229-L01,BULK-INV-5229,5229,2026-04-05,130,325,Paint,method_i_b,30.0,6822N-D,5.0,0.559,excellent,21,False
BULK-INV-5229-L01,BULK-INV-5229,5229,2026-04-05,130,325,Paint,method_i_b,30.0,6823N-A,5.0,0.602,strict,22,False
BULK-INV-5229-L01,BULK-INV-5229,5229,2026-04-05,130,325,Paint,method_i_b,30.0,6127A,5.0,0.633,strict,23,False
BULK-INV-5229-L01,BULK-INV-5229,5229,2026-04-05,130,325,Paint,method_i_b,30.0,6828N-C,5.0,0.661,strict,24,False
BULK-INV-5229-L01,BULK-INV-5229,5229,2026-04-05,130,325,Paint,method_i_b,30.0,6812B,10.0,0.72,strict,25,False
BULK-INV-5229-L01,BULK-INV-5229,5229,2026-04-05,130,325,Paint,method_i_b,30.0,6812A,10.0,0.836,strict,26,False
BULK-INV-5229-L01,BULK-INV-5229,5229,2026-04-05,130,325,Paint,method_i_b,30.0,6566A,6.0,0.872,strict,27,False
BULK-INV-5229-L01,BULK-INV-5229,5229,2026-04-05,130,325,Paint,method_i_b,30.0,6566A,5.0,0.872,strict,28,False
BULK-INV-5229-L01,BULK-INV-5229,5229,2026-04-05,130,325,Paint,method_i_b,30.0,6778N-B,5.0,1.01,relaxed,29,False
BULK-INV-5229-L01,BULK-INV-5229,5229,2026-04-05,130,325,Paint,method_i_b,30.0,6826N-D,5.0,1.094,relaxed,30,False
BULK-INV-5229-L01,BULK-INV-5229,5229,2026-04-05,130,325,Paint,method_i_b,30.0,6827N-A,5.0,1.231,relaxed,31,False
BULK-INV-5231-L01,BULK-INV-5231,5231,2026-04-07,130A,3249B,Paint,method_i_b,20.0,6788A,10.0,0.017,excellent,1,False
BULK-INV-5231-L01,BULK-INV-5231,5231,2026-04-07,130A,3249B,Paint,method_i_b,20.0,6787B,7.0,0.07,excellent,2,False
BULK-INV-5231-L01,BULK-INV-5231,5231,2026-04-07,130A,3249B,Paint,method_i_b,20.0,6797B,7.0,0.082,excellent,3,False
BULK-INV-5231-L01,BULK-INV-5231,5231,2026-04-07,130A,3249B,Paint,method_i_b,20.0,6797A,10.0,0.09,excellent,4,False
BULK-INV-5231-L01,BULK-INV-5231,5231,2026-04-07,130A,3249B,Paint,method_i_b,20.0,6787A,10.0,0.101,excellent,5,False
BULK-INV-5231-L01,BULK-INV-5231,5231,2026-04-07,130A,3249B,Paint,method_i_b,20.0,6796B,8.0,0.197,excellent,6,False
BULK-INV-5231-L01,BULK-INV-5231,5231,2026-04-07,130A,3249B,Paint,method_i_b,20.0,6788B,10.0,0.271,excellent,7,False
BULK-INV-5231-L01,BULK-INV-5231,5231,2026-04-07,130A,3249B,Paint,method_i_b,20.0,6796A,10.0,0.331,excellent,8,False
BULK-INV-5231-L01,BULK-INV-5231,5231,2026-04-07,130A,3249B,Paint,method_i_b,20.0,6803B,5.0,0.429,excellent,9,False
BULK-INV-5231-L01,BULK-INV-5231,5231,2026-04-07,130A,3249B,Paint,method_i_b,20.0,6802A,10.0,0.526,excellent,10,False
BULK-INV-5231-L01,BULK-INV-5231,5231,2026-04-07,130A,3249B,Paint,method_i_b,20.0,6801B,4.0,0.59,excellent,11,False
BULK-INV-5231-L01,BULK-INV-5231,5231,2026-04-07,130A,3249B,Paint,method_i_b,20.0,6803A,10.0,0.611,strict,12,False
BULK-INV-5231-L01,BULK-INV-5231,5231,2026-04-07,130A,3249B,Paint,method_i_b,20.0,6822N-A,5.0,0.661,strict,13,False
BULK-INV-5231-L01,BULK-INV-5231,5231,2026-04-07,130A,3249B,Paint,method_i_b,20.0,6833B,10.0,0.708,strict,14,False
BULK-INV-5231-L01,BULK-INV-5231,5231,2026-04-07,130A,3249B,Paint,method_i_b,20.0,6833A,10.0,0.77,strict,15,False
BULK-INV-5231-L01,BULK-INV-5231,5231,2026-04-07,130A,3249B,Paint,method_i_b,20.0,6802B,10.0,0.827,strict,16,False
BULK-INV-5231-L01,BULK-INV-5231,5231,2026-04-07,130A,3249B,Paint,method_i_b,20.0,6548A,4.0,0.833,strict,17,False
BULK-INV-5231-L01,BULK-INV-5231,5231,2026-04-07,130A,3249B,Paint,method_i_b,20.0,6832B,6.0,0.897,strict,18,False
BULK-INV-5231-L01,BULK-INV-5231,5231,2026-04-07,130A,3249B,Paint,method_i_b,20.0,6789A,10.0,0.899,strict,19,False
BULK-INV-5231-L01,BULK-INV-5231,5231,2026-04-07,130A,3249B,Paint,method_i_b,20.0,6801A,10.0,0.915,strict,20,False
BULK-INV-5231-L01,BULK-INV-5231,5231,2026-04-07,130A,3249B,Paint,method_i_b,20.0,6832A,10.0,0.923,strict,21,False
BULK-INV-5231-L01,BULK-INV-5231,5231,2026-04-07,130A,3249B,Paint,method_i_b,20.0,6719N-D,5.0,0.961,strict,22,False
BULK-INV-5231-L01,BULK-INV-5231,5231,2026-04-07,130A,3249B,Paint,method_i_b,20.0,6789B,10.0,1.026,relaxed,23,False
BULK-INV-5231-L01,BULK-INV-5231,5231,2026-04-07,130A,3249B,Paint,method_i_b,20.0,6770B,10.0,1.095,relaxed,24,False
BULK-INV-5231-L01,BULK-INV-5231,5231,2026-04-07,130A,3249B,Paint,method_i_b,20.0,6528A,10.0,1.236,relaxed,25,False
BULK-INV-5231-L01,BULK-INV-5231,5231,2026-04-07,130A,3249B,Paint,method_i_b,20.0,6823N-B,5.0,1.393,relaxed,26,False
BULK-INV-5232-L01,BULK-INV-5232,5232,2026-04-08,130,325,Water Based,method_ii,2.0,6778N-B,5.0,0.292,excellent,1,True
BULK-INV-5232-L01,BULK-INV-5232,5232,2026-04-08,130,325,Water Based,method_ii,2.0,6823N-D,5.0,0.493,excellent,2,True
BULK-INV-5232-L01,BULK-INV-5232,5232,2026-04-08,130,325,Water Based,method_ii,2.0,6824N-A,5.0,0.52,excellent,3,True
BULK-INV-5232-L01,BULK-INV-5232,5232,2026-04-08,130,325,Water Based,method_ii,2.0,6823N-C,5.0,0.623,strict,4,True
BULK-INV-5232-L01,BULK-INV-5232,5232,2026-04-08,130,325,Water Based,method_ii,2.0,6823N-A,5.0,0.732,strict,5,True
BULK-INV-5232-L01,BULK-INV-5232,5232,2026-04-08,130,325,Water Based,method_ii,2.0,6822N-D,5.0,0.747,strict,6,True
BULK-INV-5232-L01,BULK-INV-5232,5232,2026-04-08,130,325,Water Based,method_ii,2.0,6828N-D,5.0,0.799,strict,7,True
BULK-INV-5232-L01,BULK-INV-5232,5232,2026-04-08,130,325,Water Based,method_ii,2.0,6563A,6.0,0.929,strict,8,True
BULK-INV-5232-L01,BULK-INV-5232,5232,2026-04-08,130,325,Water Based,method_ii,2.0,6764-B,5.0,0.941,strict,9,True
BULK-INV-5232-L01,BULK-INV-5232,5232,2026-04-08,130,325,Water Based,method_ii,2.0,6768A,5.0,0.957,strict,10,True
BULK-INV-5232-L01,BULK-INV-5232,5232,2026-04-08,130,325,Water Based,method_ii,2.0,6828N-A,5.0,0.974,strict,11,True
BULK-INV-5232-L01,BULK-INV-5232,5232,2026-04-08,130,325,Water Based,method_ii,2.0,6828N-C,5.0,1.052,relaxed,12,True
BULK-INV-5232-L01,BULK-INV-5232,5232,2026-04-08,130,325,Water Based,method_ii,2.0,6822N-C,5.0,1.066,relaxed,13,True
BULK-INV-5232-L01,BULK-INV-5232,5232,2026-04-08,130,325,Water Based,method_ii,2.0,6764-A,10.0,1.175,relaxed,14,True
BULK-INV-5232-L01,BULK-INV-5232,5232,2026-04-08,130,325,Water Based,method_ii,2.0,6127A,5.0,1.205,relaxed,15,True
BULK-INV-5232-L01,BULK-INV-5232,5232,2026-04-08,130,325,Water Based,method_ii,2.0,6767A,10.0,1.397,relaxed,16,True
BULK-INV-5232-L01,BULK-INV-5232,5232,2026-04-08,130,325,Water Based,method_ii,2.0,6566A,6.0,1.422,relaxed,17,True
BULK-INV-5232-L01,BULK-INV-5232,5232,2026-04-08,130,325,Water Based,method_ii,2.0,6566A,5.0,1.422,relaxed,18,True
BULK-INV-5232-L01,BULK-INV-5232,5232,2026-04-08,130,325,Water Based,method_ii,2.0,6785B,10.0,1.449,relaxed,19,True
BULK-INV-5232-L01,BULK-INV-5232,5232,2026-04-08,130,325,Water Based,method_ii,2.0,6767B,10.0,1.465,relaxed,20,True
BULK-INV-5232-L01,BULK-INV-5232,5232,2026-04-08,130,325,Water Based,method_ii,2.0,6812B,10.0,1.476,relaxed,21,True
BULK-INV-5232-L01,BULK-INV-5232,5232,2026-04-08,130,325,Water Based,method_ii,2.0,6784B,7.0,1.546,review,22,True
BULK-INV-5232-L01,BULK-INV-5232,5232,2026-04-08,130,325,Water Based,method_ii,2.0,6782A,10.0,1.575,review,23,True
BULK-INV-5232-L01,BULK-INV-5232,5232,2026-04-08,130,325,Water Based,method_ii,2.0,6784A,10.0,1.581,review,24,True
BULK-INV-5232-L01,BULK-INV-5232,5232,2026-04-08,130,325,Water Based,method_ii,2.0,6781B,2.0,1.623,review,25,True
BULK-INV-5232-L01,BULK-INV-5232,5232,2026-04-08,130,325,Water Based,method_ii,2.0,6785A,10.0,1.688,review,26,True
BULK-INV-5232-L01,BULK-INV-5232,5232,2026-04-08,130,325,Water Based,method_ii,2.0,6826N-D,5.0,1.84,review,27,True
BULK-INV-5232-L01,BULK-INV-5232,5232,2026-04-08,130,325,Water Based,method_ii,2.0,6781A,10.0,1.929,review,28,True
BULK-INV-5232-L01,BULK-INV-5232,5232,2026-04-08,130,325,Water Based,method_ii,2.0,6812A,10.0,1.955,review,29,True
BULK-INV-5232-L01,BULK-INV-5232,5232,2026-04-08,130,325,Water Based,method_ii,2.0,6827N-A,5.0,1.965,review,30,True
BULK-INV-5232-L01,BULK-INV-5232,5232,2026-04-08,130,325,Water Based,method_ii,2.0,6770A,10.0,2.183,review,31,True
BULK-INV-5232-L02,BULK-INV-5232,5232,2026-04-08,130A,3249B,Water Based,method_ii,1.0,6802A,10.0,0.119,excellent,1,True
BULK-INV-5232-L02,BULK-INV-5232,5232,2026-04-08,130A,3249B,Water Based,method_ii,1.0,6796A,10.0,0.161,excellent,2,True
BULK-INV-5232-L02,BULK-INV-5232,5232,2026-04-08,130A,3249B,Water Based,method_ii,1.0,6801A,10.0,0.212,excellent,3,True
BULK-INV-5232-L02,BULK-INV-5232,5232,2026-04-08,130A,3249B,Water Based,method_ii,1.0,6789A,10.0,0.214,excellent,4,True
BULK-INV-5232-L02,BULK-INV-5232,5232,2026-04-08,130A,3249B,Water Based,method_ii,1.0,6822N-A,5.0,0.331,excellent,5,True
BULK-INV-5232-L02,BULK-INV-5232,5232,2026-04-08,130A,3249B,Water Based,method_ii,1.0,6797A,10.0,0.335,excellent,6,True
BULK-INV-5232-L02,BULK-INV-5232,5232,2026-04-08,130A,3249B,Water Based,method_ii,1.0,6787A,10.0,0.35,excellent,7,True
BULK-INV-5232-L02,BULK-INV-5232,5232,2026-04-08,130A,3249B,Water Based,method_ii,1.0,6802B,10.0,0.351,excellent,8,True
BULK-INV-5232-L02,BULK-INV-5232,5232,2026-04-08,130A,3249B,Water Based,method_ii,1.0,6788B,10.0,0.373,excellent,9,True
BULK-INV-5232-L02,BULK-INV-5232,5232,2026-04-08,130A,3249B,Water Based,method_ii,1.0,6796B,8.0,0.375,excellent,10,True
BULK-INV-5232-L02,BULK-INV-5232,5232,2026-04-08,130A,3249B,Water Based,method_ii,1.0,6801B,4.0,0.404,excellent,11,True
BULK-INV-5232-L02,BULK-INV-5232,5232,2026-04-08,130A,3249B,Water Based,method_ii,1.0,6788A,10.0,0.508,excellent,12,True
BULK-INV-5232-L02,BULK-INV-5232,5232,2026-04-08,130A,3249B,Water Based,method_ii,1.0,6797B,7.0,0.685,strict,13,True
BULK-INV-5232-L02,BULK-INV-5232,5232,2026-04-08,130A,3249B,Water Based,method_ii,1.0,6789B,10.0,0.76,strict,14,True
BULK-INV-5232-L02,BULK-INV-5232,5232,2026-04-08,130A,3249B,Water Based,method_ii,1.0,6787B,7.0,0.797,strict,15,True
BULK-INV-5232-L02,BULK-INV-5232,5232,2026-04-08,130A,3249B,Water Based,method_ii,1.0,6548A,4.0,0.904,strict,16,True
BULK-INV-5232-L02,BULK-INV-5232,5232,2026-04-08,130A,3249B,Water Based,method_ii,1.0,6823N-B,5.0,1.056,relaxed,17,True
BULK-INV-5232-L02,BULK-INV-5232,5232,2026-04-08,130A,3249B,Water Based,method_ii,1.0,6833A,10.0,1.074,relaxed,18,True
BULK-INV-5232-L02,BULK-INV-5232,5232,2026-04-08,130A,3249B,Water Based,method_ii,1.0,6719N-D,5.0,1.165,relaxed,19,True
BULK-INV-5232-L02,BULK-INV-5232,5232,2026-04-08,130A,3249B,Water Based,method_ii,1.0,6803B,5.0,1.196,relaxed,20,True
BULK-INV-5232-L02,BULK-INV-5232,5232,2026-04-08,130A,3249B,Water Based,method_ii,1.0,6803A,10.0,1.227,relaxed,21,True
BULK-INV-5232-L02,BULK-INV-5232,5232,2026-04-08,130A,3249B,Water Based,method_ii,1.0,6832A,10.0,1.584,review,22,True
BULK-INV-5232-L02,BULK-INV-5232,5232,2026-04-08,130A,3249B,Water Based,method_ii,1.0,6832B,6.0,1.699,review,23,True
BULK-INV-5232-L02,BULK-INV-5232,5232,2026-04-08,130A,3249B,Water Based,method_ii,1.0,6833B,10.0,2.032,review,24,True
BULK-INV-5232-L02,BULK-INV-5232,5232,2026-04-08,130A,3249B,Water Based,method_ii,1.0,6528A,10.0,2.171,review,25,True
BULK-INV-5232-L02,BULK-INV-5232,5232,2026-04-08,130A,3249B,Water Based,method_ii,1.0,6770B,10.0,2.281,review,26,True
BULK-INV-5233-L01,BULK-INV-5233,5233,2026-04-09,130A,3249B,Paint,method_i_b,30.0,6788A,10.0,0.017,excellent,1,False
BULK-INV-5233-L01,BULK-INV-5233,5233,2026-04-09,130A,3249B,Paint,method_i_b,30.0,6787B,7.0,0.07,excellent,2,False
BULK-INV-5233-L01,BULK-INV-5233,5233,2026-04-09,130A,3249B,Paint,method_i_b,30.0,6797B,7.0,0.082,excellent,3,False
BULK-INV-5233-L01,BULK-INV-5233,5233,2026-04-09,130A,3249B,Paint,method_i_b,30.0,6797A,10.0,0.09,excellent,4,False
BULK-INV-5233-L01,BULK-INV-5233,5233,2026-04-09,130A,3249B,Paint,method_i_b,30.0,6787A,10.0,0.101,excellent,5,False
BULK-INV-5233-L01,BULK-INV-5233,5233,2026-04-09,130A,3249B,Paint,method_i_b,30.0,6796B,8.0,0.197,excellent,6,False
BULK-INV-5233-L01,BULK-INV-5233,5233,2026-04-09,130A,3249B,Paint,method_i_b,30.0,6788B,10.0,0.271,excellent,7,False
BULK-INV-5233-L01,BULK-INV-5233,5233,2026-04-09,130A,3249B,Paint,method_i_b,30.0,6796A,10.0,0.331,excellent,8,False
BULK-INV-5233-L01,BULK-INV-5233,5233,2026-04-09,130A,3249B,Paint,method_i_b,30.0,6803B,5.0,0.429,excellent,9,False
BULK-INV-5233-L01,BULK-INV-5233,5233,2026-04-09,130A,3249B,Paint,method_i_b,30.0,6802A,10.0,0.526,excellent,10,False
BULK-INV-5233-L01,BULK-INV-5233,5233,2026-04-09,130A,3249B,Paint,method_i_b,30.0,6801B,4.0,0.59,excellent,11,False
BULK-INV-5233-L01,BULK-INV-5233,5233,2026-04-09,130A,3249B,Paint,method_i_b,30.0,6803A,10.0,0.611,strict,12,False
BULK-INV-5233-L01,BULK-INV-5233,5233,2026-04-09,130A,3249B,Paint,method_i_b,30.0,6822N-A,5.0,0.661,strict,13,False
BULK-INV-5233-L01,BULK-INV-5233,5233,2026-04-09,130A,3249B,Paint,method_i_b,30.0,6833B,10.0,0.708,strict,14,False
BULK-INV-5233-L01,BULK-INV-5233,5233,2026-04-09,130A,3249B,Paint,method_i_b,30.0,6833A,10.0,0.77,strict,15,False
BULK-INV-5233-L01,BULK-INV-5233,5233,2026-04-09,130A,3249B,Paint,method_i_b,30.0,6802B,10.0,0.827,strict,16,False
BULK-INV-5233-L01,BULK-INV-5233,5233,2026-04-09,130A,3249B,Paint,method_i_b,30.0,6548A,4.0,0.833,strict,17,False
BULK-INV-5233-L01,BULK-INV-5233,5233,2026-04-09,130A,3249B,Paint,method_i_b,30.0,6832B,6.0,0.897,strict,18,False
BULK-INV-5233-L01,BULK-INV-5233,5233,2026-04-09,130A,3249B,Paint,method_i_b,30.0,6789A,10.0,0.899,strict,19,False
BULK-INV-5233-L01,BULK-INV-5233,5233,2026-04-09,130A,3249B,Paint,method_i_b,30.0,6801A,10.0,0.915,strict,20,False
BULK-INV-5233-L01,BULK-INV-5233,5233,2026-04-09,130A,3249B,Paint,method_i_b,30.0,6832A,10.0,0.923,strict,21,False
BULK-INV-5233-L01,BULK-INV-5233,5233,2026-04-09,130A,3249B,Paint,method_i_b,30.0,6719N-D,5.0,0.961,strict,22,False
BULK-INV-5233-L01,BULK-INV-5233,5233,2026-04-09,130A,3249B,Paint,method_i_b,30.0,6789B,10.0,1.026,relaxed,23,False
BULK-INV-5233-L01,BULK-INV-5233,5233,2026-04-09,130A,3249B,Paint,method_i_b,30.0,6770B,10.0,1.095,relaxed,24,False
BULK-INV-5233-L01,BULK-INV-5233,5233,2026-04-09,130A,3249B,Paint,method_i_b,30.0,6528A,10.0,1.236,relaxed,25,False
BULK-INV-5233-L01,BULK-INV-5233,5233,2026-04-09,130A,3249B,Paint,method_i_b,30.0,6823N-B,5.0,1.393,relaxed,26,False
BULK-INV-5234-L01,BULK-INV-5234,5234,2026-04-10,130A,3249B,Paint,method_i_b,0.75,6788A,10.0,0.017,excellent,1,True
BULK-INV-5234-L01,BULK-INV-5234,5234,2026-04-10,130A,3249B,Paint,method_i_b,0.75,6787B,7.0,0.07,excellent,2,True
BULK-INV-5234-L01,BULK-INV-5234,5234,2026-04-10,130A,3249B,Paint,method_i_b,0.75,6797B,7.0,0.082,excellent,3,True
BULK-INV-5234-L01,BULK-INV-5234,5234,2026-04-10,130A,3249B,Paint,method_i_b,0.75,6797A,10.0,0.09,excellent,4,True
BULK-INV-5234-L01,BULK-INV-5234,5234,2026-04-10,130A,3249B,Paint,method_i_b,0.75,6787A,10.0,0.101,excellent,5,True
BULK-INV-5234-L01,BULK-INV-5234,5234,2026-04-10,130A,3249B,Paint,method_i_b,0.75,6796B,8.0,0.197,excellent,6,True
BULK-INV-5234-L01,BULK-INV-5234,5234,2026-04-10,130A,3249B,Paint,method_i_b,0.75,6788B,10.0,0.271,excellent,7,True
BULK-INV-5234-L01,BULK-INV-5234,5234,2026-04-10,130A,3249B,Paint,method_i_b,0.75,6796A,10.0,0.331,excellent,8,True
BULK-INV-5234-L01,BULK-INV-5234,5234,2026-04-10,130A,3249B,Paint,method_i_b,0.75,6803B,5.0,0.429,excellent,9,True
BULK-INV-5234-L01,BULK-INV-5234,5234,2026-04-10,130A,3249B,Paint,method_i_b,0.75,6802A,10.0,0.526,excellent,10,True
BULK-INV-5234-L01,BULK-INV-5234,5234,2026-04-10,130A,3249B,Paint,method_i_b,0.75,6801B,4.0,0.59,excellent,11,True
BULK-INV-5234-L01,BULK-INV-5234,5234,2026-04-10,130A,3249B,Paint,method_i_b,0.75,6803A,10.0,0.611,strict,12,True
BULK-INV-5234-L01,BULK-INV-5234,5234,2026-04-10,130A,3249B,Paint,method_i_b,0.75,6822N-A,5.0,0.661,strict,13,True
BULK-INV-5234-L01,BULK-INV-5234,5234,2026-04-10,130A,3249B,Paint,method_i_b,0.75,6833B,10.0,0.708,strict,14,True
BULK-INV-5234-L01,BULK-INV-5234,5234,2026-04-10,130A,3249B,Paint,method_i_b,0.75,6833A,10.0,0.77,strict,15,True
BULK-INV-5234-L01,BULK-INV-5234,5234,2026-04-10,130A,3249B,Paint,method_i_b,0.75,6802B,10.0,0.827,strict,16,True
BULK-INV-5234-L01,BULK-INV-5234,5234,2026-04-10,130A,3249B,Paint,method_i_b,0.75,6548A,4.0,0.833,strict,17,True
BULK-INV-5234-L01,BULK-INV-5234,5234,2026-04-10,130A,3249B,Paint,method_i_b,0.75,6832B,6.0,0.897,strict,18,True
BULK-INV-5234-L01,BULK-INV-5234,5234,2026-04-10,130A,3249B,Paint,method_i_b,0.75,6789A,10.0,0.899,strict,19,True
BULK-INV-5234-L01,BULK-INV-5234,5234,2026-04-10,130A,3249B,Paint,method_i_b,0.75,6801A,10.0,0.915,strict,20,True
BULK-INV-5234-L01,BULK-INV-5234,5234,2026-04-10,130A,3249B,Paint,method_i_b,0.75,6832A,10.0,0.923,strict,21,True
BULK-INV-5234-L01,BULK-INV-5234,5234,2026-04-10,130A,3249B,Paint,method_i_b,0.75,6719N-D,5.0,0.961,strict,22,True
BULK-INV-5234-L01,BULK-INV-5234,5234,2026-04-10,130A,3249B,Paint,method_i_b,0.75,6789B,10.0,1.026,relaxed,23,True
BULK-INV-5234-L01,BULK-INV-5234,5234,2026-04-10,130A,3249B,Paint,method_i_b,0.75,6770B,10.0,1.095,relaxed,24,True
BULK-INV-5234-L01,BULK-INV-5234,5234,2026-04-10,130A,3249B,Paint,method_i_b,0.75,6528A,10.0,1.236,relaxed,25,True
BULK-INV-5234-L01,BULK-INV-5234,5234,2026-04-10,130A,3249B,Paint,method_i_b,0.75,6823N-B,5.0,1.393,relaxed,26,True
BULK-INV-5235-L01,BULK-INV-5235,5235,2026-04-11,130A,3249B,Paint,method_i_b,2.0,6788A,10.0,0.017,excellent,1,True
BULK-INV-5235-L01,BULK-INV-5235,5235,2026-04-11,130A,3249B,Paint,method_i_b,2.0,6787B,7.0,0.07,excellent,2,True
BULK-INV-5235-L01,BULK-INV-5235,5235,2026-04-11,130A,3249B,Paint,method_i_b,2.0,6797B,7.0,0.082,excellent,3,True
BULK-INV-5235-L01,BULK-INV-5235,5235,2026-04-11,130A,3249B,Paint,method_i_b,2.0,6797A,10.0,0.09,excellent,4,True
BULK-INV-5235-L01,BULK-INV-5235,5235,2026-04-11,130A,3249B,Paint,method_i_b,2.0,6787A,10.0,0.101,excellent,5,True
BULK-INV-5235-L01,BULK-INV-5235,5235,2026-04-11,130A,3249B,Paint,method_i_b,2.0,6796B,8.0,0.197,excellent,6,True
BULK-INV-5235-L01,BULK-INV-5235,5235,2026-04-11,130A,3249B,Paint,method_i_b,2.0,6788B,10.0,0.271,excellent,7,True
BULK-INV-5235-L01,BULK-INV-5235,5235,2026-04-11,130A,3249B,Paint,method_i_b,2.0,6796A,10.0,0.331,excellent,8,True
BULK-INV-5235-L01,BULK-INV-5235,5235,2026-04-11,130A,3249B,Paint,method_i_b,2.0,6803B,5.0,0.429,excellent,9,True
BULK-INV-5235-L01,BULK-INV-5235,5235,2026-04-11,130A,3249B,Paint,method_i_b,2.0,6802A,10.0,0.526,excellent,10,True
BULK-INV-5235-L01,BULK-INV-5235,5235,2026-04-11,130A,3249B,Paint,method_i_b,2.0,6801B,4.0,0.59,excellent,11,True
BULK-INV-5235-L01,BULK-INV-5235,5235,2026-04-11,130A,3249B,Paint,method_i_b,2.0,6803A,10.0,0.611,strict,12,True
BULK-INV-5235-L01,BULK-INV-5235,5235,2026-04-11,130A,3249B,Paint,method_i_b,2.0,6822N-A,5.0,0.661,strict,13,True
BULK-INV-5235-L01,BULK-INV-5235,5235,2026-04-11,130A,3249B,Paint,method_i_b,2.0,6833B,10.0,0.708,strict,14,True
BULK-INV-5235-L01,BULK-INV-5235,5235,2026-04-11,130A,3249B,Paint,method_i_b,2.0,6833A,10.0,0.77,strict,15,True
BULK-INV-5235-L01,BULK-INV-5235,5235,2026-04-11,130A,3249B,Paint,method_i_b,2.0,6802B,10.0,0.827,strict,16,True
BULK-INV-5235-L01,BULK-INV-5235,5235,2026-04-11,130A,3249B,Paint,method_i_b,2.0,6548A,4.0,0.833,strict,17,True
BULK-INV-5235-L01,BULK-INV-5235,5235,2026-04-11,130A,3249B,Paint,method_i_b,2.0,6832B,6.0,0.897,strict,18,True
BULK-INV-5235-L01,BULK-INV-5235,5235,2026-04-11,130A,3249B,Paint,method_i_b,2.0,6789A,10.0,0.899,strict,19,True
BULK-INV-5235-L01,BULK-INV-5235,5235,2026-04-11,130A,3249B,Paint,method_i_b,2.0,6801A,10.0,0.915,strict,20,True
BULK-INV-5235-L01,BULK-INV-5235,5235,2026-04-11,130A,3249B,Paint,method_i_b,2.0,6832A,10.0,0.923,strict,21,True
BULK-INV-5235-L01,BULK-INV-5235,5235,2026-04-11,130A,3249B,Paint,method_i_b,2.0,6719N-D,5.0,0.961,strict,22,True
BULK-INV-5235-L01,BULK-INV-5235,5235,2026-04-11,130A,3249B,Paint,method_i_b,2.0,6789B,10.0,1.026,relaxed,23,True
BULK-INV-5235-L01,BULK-INV-5235,5235,2026-04-11,130A,3249B,Paint,method_i_b,2.0,6770B,10.0,1.095,relaxed,24,True
BULK-INV-5235-L01,BULK-INV-5235,5235,2026-04-11,130A,3249B,Paint,method_i_b,2.0,6528A,10.0,1.236,relaxed,25,True
BULK-INV-5235-L01,BULK-INV-5235,5235,2026-04-11,130A,3249B,Paint,method_i_b,2.0,6823N-B,5.0,1.393,relaxed,26,True
BULK-INV-5236-L01,BULK-INV-5236,5236,2026-04-12,130,325,Paint,method_i_b,0.5,6764-B,5.0,0.13,excellent,1,True
BULK-INV-5236-L01,BULK-INV-5236,5236,2026-04-12,130,325,Paint,method_i_b,0.5,6767A,10.0,0.269,excellent,2,True
BULK-INV-5236-L01,BULK-INV-5236,5236,2026-04-12,130,325,Paint,method_i_b,0.5,6823N-C,5.0,0.269,excellent,3,True
BULK-INV-5236-L01,BULK-INV-5236,5236,2026-04-12,130,325,Paint,method_i_b,0.5,6768A,5.0,0.284,excellent,4,True
BULK-INV-5236-L01,BULK-INV-5236,5236,2026-04-12,130,325,Paint,method_i_b,0.5,6764-A,10.0,0.297,excellent,5,True
BULK-INV-5236-L01,BULK-INV-5236,5236,2026-04-12,130,325,Paint,method_i_b,0.5,6782A,10.0,0.297,excellent,6,True
BULK-INV-5236-L01,BULK-INV-5236,5236,2026-04-12,130,325,Paint,method_i_b,0.5,6781A,10.0,0.309,excellent,7,True
BULK-INV-5236-L01,BULK-INV-5236,5236,2026-04-12,130,325,Paint,method_i_b,0.5,6781B,2.0,0.311,excellent,8,True
BULK-INV-5236-L01,BULK-INV-5236,5236,2026-04-12,130,325,Paint,method_i_b,0.5,6785A,10.0,0.323,excellent,9,True
BULK-INV-5236-L01,BULK-INV-5236,5236,2026-04-12,130,325,Paint,method_i_b,0.5,6823N-D,5.0,0.342,excellent,10,True
BULK-INV-5236-L01,BULK-INV-5236,5236,2026-04-12,130,325,Paint,method_i_b,0.5,6824N-A,5.0,0.363,excellent,11,True
BULK-INV-5236-L01,BULK-INV-5236,5236,2026-04-12,130,325,Paint,method_i_b,0.5,6822N-C,5.0,0.369,excellent,12,True
BULK-INV-5236-L01,BULK-INV-5236,5236,2026-04-12,130,325,Paint,method_i_b,0.5,6767B,10.0,0.371,excellent,13,True
BULK-INV-5236-L01,BULK-INV-5236,5236,2026-04-12,130,325,Paint,method_i_b,0.5,6828N-A,5.0,0.371,excellent,14,True
BULK-INV-5236-L01,BULK-INV-5236,5236,2026-04-12,130,325,Paint,method_i_b,0.5,6770A,10.0,0.387,excellent,15,True
BULK-INV-5236-L01,BULK-INV-5236,5236,2026-04-12,130,325,Paint,method_i_b,0.5,6784B,7.0,0.396,excellent,16,True
BULK-INV-5236-L01,BULK-INV-5236,5236,2026-04-12,130,325,Paint,method_i_b,0.5,6784A,10.0,0.415,excellent,17,True
BULK-INV-5236-L01,BULK-INV-5236,5236,2026-04-12,130,325,Paint,method_i_b,0.5,6828N-D,5.0,0.446,excellent,18,True
BULK-INV-5236-L01,BULK-INV-5236,5236,2026-04-12,130,325,Paint,method_i_b,0.5,6785B,10.0,0.453,excellent,19,True
BULK-INV-5236-L01,BULK-INV-5236,5236,2026-04-12,130,325,Paint,method_i_b,0.5,6563A,6.0,0.54,excellent,20,True
BULK-INV-5236-L01,BULK-INV-5236,5236,2026-04-12,130,325,Paint,method_i_b,0.5,6822N-D,5.0,0.559,excellent,21,True
BULK-INV-5236-L01,BULK-INV-5236,5236,2026-04-12,130,325,Paint,method_i_b,0.5,6823N-A,5.0,0.602,strict,22,True
BULK-INV-5236-L01,BULK-INV-5236,5236,2026-04-12,130,325,Paint,method_i_b,0.5,6127A,5.0,0.633,strict,23,True
BULK-INV-5236-L01,BULK-INV-5236,5236,2026-04-12,130,325,Paint,method_i_b,0.5,6828N-C,5.0,0.661,strict,24,True
BULK-INV-5236-L01,BULK-INV-5236,5236,2026-04-12,130,325,Paint,method_i_b,0.5,6812B,10.0,0.72,strict,25,True
BULK-INV-5236-L01,BULK-INV-5236,5236,2026-04-12,130,325,Paint,method_i_b,0.5,6812A,10.0,0.836,strict,26,True
BULK-INV-5236-L01,BULK-INV-5236,5236,2026-04-12,130,325,Paint,method_i_b,0.5,6566A,6.0,0.872,strict,27,True
BULK-INV-5236-L01,BULK-INV-5236,5236,2026-04-12,130,325,Paint,method_i_b,0.5,6566A,5.0,0.872,strict,28,True
BULK-INV-5236-L01,BULK-INV-5236,5236,2026-04-12,130,325,Paint,method_i_b,0.5,6778N-B,5.0,1.01,relaxed,29,True
BULK-INV-5236-L01,BULK-INV-5236,5236,2026-04-12,130,325,Paint,method_i_b,0.5,6826N-D,5.0,1.094,relaxed,30,True
BULK-INV-5236-L01,BULK-INV-5236,5236,2026-04-12,130,325,Paint,method_i_b,0.5,6827N-A,5.0,1.231,relaxed,31,True
BULK-INV-5236-L02,BULK-INV-5236,5236,2026-04-12,130A,3249B,Paint,method_i_b,0.75,6788A,10.0,0.017,excellent,1,True
BULK-INV-5236-L02,BULK-INV-5236,5236,2026-04-12,130A,3249B,Paint,method_i_b,0.75,6787B,7.0,0.07,excellent,2,True
BULK-INV-5236-L02,BULK-INV-5236,5236,2026-04-12,130A,3249B,Paint,method_i_b,0.75,6797B,7.0,0.082,excellent,3,True
BULK-INV-5236-L02,BULK-INV-5236,5236,2026-04-12,130A,3249B,Paint,method_i_b,0.75,6797A,10.0,0.09,excellent,4,True
BULK-INV-5236-L02,BULK-INV-5236,5236,2026-04-12,130A,3249B,Paint,method_i_b,0.75,6787A,10.0,0.101,excellent,5,True
BULK-INV-5236-L02,BULK-INV-5236,5236,2026-04-12,130A,3249B,Paint,method_i_b,0.75,6796B,8.0,0.197,excellent,6,True
BULK-INV-5236-L02,BULK-INV-5236,5236,2026-04-12,130A,3249B,Paint,method_i_b,0.75,6788B,10.0,0.271,excellent,7,True
BULK-INV-5236-L02,BULK-INV-5236,5236,2026-04-12,130A,3249B,Paint,method_i_b,0.75,6796A,10.0,0.331,excellent,8,True
BULK-INV-5236-L02,BULK-INV-5236,5236,2026-04-12,130A,3249B,Paint,method_i_b,0.75,6803B,5.0,0.429,excellent,9,True
BULK-INV-5236-L02,BULK-INV-5236,5236,2026-04-12,130A,3249B,Paint,method_i_b,0.75,6802A,10.0,0.526,excellent,10,True
BULK-INV-5236-L02,BULK-INV-5236,5236,2026-04-12,130A,3249B,Paint,method_i_b,0.75,6801B,4.0,0.59,excellent,11,True
BULK-INV-5236-L02,BULK-INV-5236,5236,2026-04-12,130A,3249B,Paint,method_i_b,0.75,6803A,10.0,0.611,strict,12,True
BULK-INV-5236-L02,BULK-INV-5236,5236,2026-04-12,130A,3249B,Paint,method_i_b,0.75,6822N-A,5.0,0.661,strict,13,True
BULK-INV-5236-L02,BULK-INV-5236,5236,2026-04-12,130A,3249B,Paint,method_i_b,0.75,6833B,10.0,0.708,strict,14,True
BULK-INV-5236-L02,BULK-INV-5236,5236,2026-04-12,130A,3249B,Paint,method_i_b,0.75,6833A,10.0,0.77,strict,15,True
BULK-INV-5236-L02,BULK-INV-5236,5236,2026-04-12,130A,3249B,Paint,method_i_b,0.75,6802B,10.0,0.827,strict,16,True
BULK-INV-5236-L02,BULK-INV-5236,5236,2026-04-12,130A,3249B,Paint,method_i_b,0.75,6548A,4.0,0.833,strict,17,True
BULK-INV-5236-L02,BULK-INV-5236,5236,2026-04-12,130A,3249B,Paint,method_i_b,0.75,6832B,6.0,0.897,strict,18,True
BULK-INV-5236-L02,BULK-INV-5236,5236,2026-04-12,130A,3249B,Paint,method_i_b,0.75,6789A,10.0,0.899,strict,19,True
BULK-INV-5236-L02,BULK-INV-5236,5236,2026-04-12,130A,3249B,Paint,method_i_b,0.75,6801A,10.0,0.915,strict,20,True
BULK-INV-5236-L02,BULK-INV-5236,5236,2026-04-12,130A,3249B,Paint,method_i_b,0.75,6832A,10.0,0.923,strict,21,True
BULK-INV-5236-L02,BULK-INV-5236,5236,2026-04-12,130A,3249B,Paint,method_i_b,0.75,6719N-D,5.0,0.961,strict,22,True
BULK-INV-5236-L02,BULK-INV-5236,5236,2026-04-12,130A,3249B,Paint,method_i_b,0.75,6789B,10.0,1.026,relaxed,23,True
BULK-INV-5236-L02,BULK-INV-5236,5236,2026-04-12,130A,3249B,Paint,method_i_b,0.75,6770B,10.0,1.095,relaxed,24,True
BULK-INV-5236-L02,BULK-INV-5236,5236,2026-04-12,130A,3249B,Paint,method_i_b,0.75,6528A,10.0,1.236,relaxed,25,True
BULK-INV-5236-L02,BULK-INV-5236,5236,2026-04-12,130A,3249B,Paint,method_i_b,0.75,6823N-B,5.0,1.393,relaxed,26,True
BULK-INV-5237-L01,BULK-INV-5237,5237,2026-04-13,130A,3249B,Water Based,method_ii,5.0,6802A,10.0,0.119,excellent,1,True
BULK-INV-5237-L01,BULK-INV-5237,5237,2026-04-13,130A,3249B,Water Based,method_ii,5.0,6796A,10.0,0.161,excellent,2,True
BULK-INV-5237-L01,BULK-INV-5237,5237,2026-04-13,130A,3249B,Water Based,method_ii,5.0,6801A,10.0,0.212,excellent,3,True
BULK-INV-5237-L01,BULK-INV-5237,5237,2026-04-13,130A,3249B,Water Based,method_ii,5.0,6789A,10.0,0.214,excellent,4,True
BULK-INV-5237-L01,BULK-INV-5237,5237,2026-04-13,130A,3249B,Water Based,method_ii,5.0,6822N-A,5.0,0.331,excellent,5,True
BULK-INV-5237-L01,BULK-INV-5237,5237,2026-04-13,130A,3249B,Water Based,method_ii,5.0,6797A,10.0,0.335,excellent,6,True
BULK-INV-5237-L01,BULK-INV-5237,5237,2026-04-13,130A,3249B,Water Based,method_ii,5.0,6787A,10.0,0.35,excellent,7,True
BULK-INV-5237-L01,BULK-INV-5237,5237,2026-04-13,130A,3249B,Water Based,method_ii,5.0,6802B,10.0,0.351,excellent,8,True
BULK-INV-5237-L01,BULK-INV-5237,5237,2026-04-13,130A,3249B,Water Based,method_ii,5.0,6788B,10.0,0.373,excellent,9,True
BULK-INV-5237-L01,BULK-INV-5237,5237,2026-04-13,130A,3249B,Water Based,method_ii,5.0,6796B,8.0,0.375,excellent,10,True
BULK-INV-5237-L01,BULK-INV-5237,5237,2026-04-13,130A,3249B,Water Based,method_ii,5.0,6801B,4.0,0.404,excellent,11,False
BULK-INV-5237-L01,BULK-INV-5237,5237,2026-04-13,130A,3249B,Water Based,method_ii,5.0,6788A,10.0,0.508,excellent,12,True
BULK-INV-5237-L01,BULK-INV-5237,5237,2026-04-13,130A,3249B,Water Based,method_ii,5.0,6797B,7.0,0.685,strict,13,True
BULK-INV-5237-L01,BULK-INV-5237,5237,2026-04-13,130A,3249B,Water Based,method_ii,5.0,6789B,10.0,0.76,strict,14,True
BULK-INV-5237-L01,BULK-INV-5237,5237,2026-04-13,130A,3249B,Water Based,method_ii,5.0,6787B,7.0,0.797,strict,15,True
BULK-INV-5237-L01,BULK-INV-5237,5237,2026-04-13,130A,3249B,Water Based,method_ii,5.0,6548A,4.0,0.904,strict,16,False
BULK-INV-5237-L01,BULK-INV-5237,5237,2026-04-13,130A,3249B,Water Based,method_ii,5.0,6823N-B,5.0,1.056,relaxed,17,True
BULK-INV-5237-L01,BULK-INV-5237,5237,2026-04-13,130A,3249B,Water Based,method_ii,5.0,6833A,10.0,1.074,relaxed,18,True
BULK-INV-5237-L01,BULK-INV-5237,5237,2026-04-13,130A,3249B,Water Based,method_ii,5.0,6719N-D,5.0,1.165,relaxed,19,True
BULK-INV-5237-L01,BULK-INV-5237,5237,2026-04-13,130A,3249B,Water Based,method_ii,5.0,6803B,5.0,1.196,relaxed,20,True
BULK-INV-5237-L01,BULK-INV-5237,5237,2026-04-13,130A,3249B,Water Based,method_ii,5.0,6803A,10.0,1.227,relaxed,21,True
BULK-INV-5237-L01,BULK-INV-5237,5237,2026-04-13,130A,3249B,Water Based,method_ii,5.0,6832A,10.0,1.584,review,22,True
BULK-INV-5237-L01,BULK-INV-5237,5237,2026-04-13,130A,3249B,Water Based,method_ii,5.0,6832B,6.0,1.699,review,23,True
BULK-INV-5237-L01,BULK-INV-5237,5237,2026-04-13,130A,3249B,Water Based,method_ii,5.0,6833B,10.0,2.032,review,24,True
BULK-INV-5237-L01,BULK-INV-5237,5237,2026-04-13,130A,3249B,Water Based,method_ii,5.0,6528A,10.0,2.171,review,25,True
BULK-INV-5237-L01,BULK-INV-5237,5237,2026-04-13,130A,3249B,Water Based,method_ii,5.0,6770B,10.0,2.281,review,26,True
BULK-INV-5238-L01,BULK-INV-5238,5238,2026-04-14,130A,3249B,Water Based,method_ii,2.0,6802A,10.0,0.119,excellent,1,True
BULK-INV-5238-L01,BULK-INV-5238,5238,2026-04-14,130A,3249B,Water Based,method_ii,2.0,6796A,10.0,0.161,excellent,2,True
BULK-INV-5238-L01,BULK-INV-5238,5238,2026-04-14,130A,3249B,Water Based,method_ii,2.0,6801A,10.0,0.212,excellent,3,True
BULK-INV-5238-L01,BULK-INV-5238,5238,2026-04-14,130A,3249B,Water Based,method_ii,2.0,6789A,10.0,0.214,excellent,4,True
BULK-INV-5238-L01,BULK-INV-5238,5238,2026-04-14,130A,3249B,Water Based,method_ii,2.0,6822N-A,5.0,0.331,excellent,5,True
BULK-INV-5238-L01,BULK-INV-5238,5238,2026-04-14,130A,3249B,Water Based,method_ii,2.0,6797A,10.0,0.335,excellent,6,True
BULK-INV-5238-L01,BULK-INV-5238,5238,2026-04-14,130A,3249B,Water Based,method_ii,2.0,6787A,10.0,0.35,excellent,7,True
BULK-INV-5238-L01,BULK-INV-5238,5238,2026-04-14,130A,3249B,Water Based,method_ii,2.0,6802B,10.0,0.351,excellent,8,True
BULK-INV-5238-L01,BULK-INV-5238,5238,2026-04-14,130A,3249B,Water Based,method_ii,2.0,6788B,10.0,0.373,excellent,9,True
BULK-INV-5238-L01,BULK-INV-5238,5238,2026-04-14,130A,3249B,Water Based,method_ii,2.0,6796B,8.0,0.375,excellent,10,True
BULK-INV-5238-L01,BULK-INV-5238,5238,2026-04-14,130A,3249B,Water Based,method_ii,2.0,6801B,4.0,0.404,excellent,11,True
BULK-INV-5238-L01,BULK-INV-5238,5238,2026-04-14,130A,3249B,Water Based,method_ii,2.0,6788A,10.0,0.508,excellent,12,True
BULK-INV-5238-L01,BULK-INV-5238,5238,2026-04-14,130A,3249B,Water Based,method_ii,2.0,6797B,7.0,0.685,strict,13,True
BULK-INV-5238-L01,BULK-INV-5238,5238,2026-04-14,130A,3249B,Water Based,method_ii,2.0,6789B,10.0,0.76,strict,14,True
BULK-INV-5238-L01,BULK-INV-5238,5238,2026-04-14,130A,3249B,Water Based,method_ii,2.0,6787B,7.0,0.797,strict,15,True
BULK-INV-5238-L01,BULK-INV-5238,5238,2026-04-14,130A,3249B,Water Based,method_ii,2.0,6548A,4.0,0.904,strict,16,True
BULK-INV-5238-L01,BULK-INV-5238,5238,2026-04-14,130A,3249B,Water Based,method_ii,2.0,6823N-B,5.0,1.056,relaxed,17,True
BULK-INV-5238-L01,BULK-INV-5238,5238,2026-04-14,130A,3249B,Water Based,method_ii,2.0,6833A,10.0,1.074,relaxed,18,True
BULK-INV-5238-L01,BULK-INV-5238,5238,2026-04-14,130A,3249B,Water Based,method_ii,2.0,6719N-D,5.0,1.165,relaxed,19,True
BULK-INV-5238-L01,BULK-INV-5238,5238,2026-04-14,130A,3249B,Water Based,method_ii,2.0,6803B,5.0,1.196,relaxed,20,True
BULK-INV-5238-L01,BULK-INV-5238,5238,2026-04-14,130A,3249B,Water Based,method_ii,2.0,6803A,10.0,1.227,relaxed,21,True
BULK-INV-5238-L01,BULK-INV-5238,5238,2026-04-14,130A,3249B,Water Based,method_ii,2.0,6832A,10.0,1.584,review,22,True
BULK-INV-5238-L01,BULK-INV-5238,5238,2026-04-14,130A,3249B,Water Based,method_ii,2.0,6832B,6.0,1.699,review,23,True
BULK-INV-5238-L01,BULK-INV-5238,5238,2026-04-14,130A,3249B,Water Based,method_ii,2.0,6833B,10.0,2.032,review,24,True
BULK-INV-5238-L01,BULK-INV-5238,5238,2026-04-14,130A,3249B,Water Based,method_ii,2.0,6528A,10.0,2.171,review,25,True
BULK-INV-5238-L01,BULK-INV-5238,5238,2026-04-14,130A,3249B,Water Based,method_ii,2.0,6770B,10.0,2.281,review,26,True
BULK-INV-5239-L01,BULK-INV-5239,5239,2026-04-15,130A,3249B,Water Based,method_ii,6.0,6802A,10.0,0.119,excellent,1,True
BULK-INV-5239-L01,BULK-INV-5239,5239,2026-04-15,130A,3249B,Water Based,method_ii,6.0,6796A,10.0,0.161,excellent,2,True
BULK-INV-5239-L01,BULK-INV-5239,5239,2026-04-15,130A,3249B,Water Based,method_ii,6.0,6801A,10.0,0.212,excellent,3,True
BULK-INV-5239-L01,BULK-INV-5239,5239,2026-04-15,130A,3249B,Water Based,method_ii,6.0,6789A,10.0,0.214,excellent,4,True
BULK-INV-5239-L01,BULK-INV-5239,5239,2026-04-15,130A,3249B,Water Based,method_ii,6.0,6822N-A,5.0,0.331,excellent,5,False
BULK-INV-5239-L01,BULK-INV-5239,5239,2026-04-15,130A,3249B,Water Based,method_ii,6.0,6797A,10.0,0.335,excellent,6,True
BULK-INV-5239-L01,BULK-INV-5239,5239,2026-04-15,130A,3249B,Water Based,method_ii,6.0,6787A,10.0,0.35,excellent,7,True
BULK-INV-5239-L01,BULK-INV-5239,5239,2026-04-15,130A,3249B,Water Based,method_ii,6.0,6802B,10.0,0.351,excellent,8,True
BULK-INV-5239-L01,BULK-INV-5239,5239,2026-04-15,130A,3249B,Water Based,method_ii,6.0,6788B,10.0,0.373,excellent,9,True
BULK-INV-5239-L01,BULK-INV-5239,5239,2026-04-15,130A,3249B,Water Based,method_ii,6.0,6796B,8.0,0.375,excellent,10,True
BULK-INV-5239-L01,BULK-INV-5239,5239,2026-04-15,130A,3249B,Water Based,method_ii,6.0,6801B,4.0,0.404,excellent,11,False
BULK-INV-5239-L01,BULK-INV-5239,5239,2026-04-15,130A,3249B,Water Based,method_ii,6.0,6788A,10.0,0.508,excellent,12,True
BULK-INV-5239-L01,BULK-INV-5239,5239,2026-04-15,130A,3249B,Water Based,method_ii,6.0,6797B,7.0,0.685,strict,13,True
BULK-INV-5239-L01,BULK-INV-5239,5239,2026-04-15,130A,3249B,Water Based,method_ii,6.0,6789B,10.0,0.76,strict,14,True
BULK-INV-5239-L01,BULK-INV-5239,5239,2026-04-15,130A,3249B,Water Based,method_ii,6.0,6787B,7.0,0.797,strict,15,True
BULK-INV-5239-L01,BULK-INV-5239,5239,2026-04-15,130A,3249B,Water Based,method_ii,6.0,6548A,4.0,0.904,strict,16,False
BULK-INV-5239-L01,BULK-INV-5239,5239,2026-04-15,130A,3249B,Water Based,method_ii,6.0,6823N-B,5.0,1.056,relaxed,17,False
BULK-INV-5239-L01,BULK-INV-5239,5239,2026-04-15,130A,3249B,Water Based,method_ii,6.0,6833A,10.0,1.074,relaxed,18,True
BULK-INV-5239-L01,BULK-INV-5239,5239,2026-04-15,130A,3249B,Water Based,method_ii,6.0,6719N-D,5.0,1.165,relaxed,19,False
BULK-INV-5239-L01,BULK-INV-5239,5239,2026-04-15,130A,3249B,Water Based,method_ii,6.0,6803B,5.0,1.196,relaxed,20,False
BULK-INV-5239-L01,BULK-INV-5239,5239,2026-04-15,130A,3249B,Water Based,method_ii,6.0,6803A,10.0,1.227,relaxed,21,True
BULK-INV-5239-L01,BULK-INV-5239,5239,2026-04-15,130A,3249B,Water Based,method_ii,6.0,6832A,10.0,1.584,review,22,True
BULK-INV-5239-L01,BULK-INV-5239,5239,2026-04-15,130A,3249B,Water Based,method_ii,6.0,6832B,6.0,1.699,review,23,True
BULK-INV-5239-L01,BULK-INV-5239,5239,2026-04-15,130A,3249B,Water Based,method_ii,6.0,6833B,10.0,2.032,review,24,True
BULK-INV-5239-L01,BULK-INV-5239,5239,2026-04-15,130A,3249B,Water Based,method_ii,6.0,6528A,10.0,2.171,review,25,True
BULK-INV-5239-L01,BULK-INV-5239,5239,2026-04-15,130A,3249B,Water Based,method_ii,6.0,6770B,10.0,2.281,review,26,True
